{
	"credit": "Made with Blockbench",
	"texture_size": [64, 64],
	"textures": {
		"0": "item/mobs/astralachnea",
		"1": "item/mobs/flames/astralachnea_flame",
		"particle": "item/mobs/astralachnea"
	},
	"elements": [
		{
			"from": [26.45584, -8, -2],
			"to": [26.45584, 24, 30],
			"rotation": {"angle": 22.5, "axis": "y", "origin": [28.45584, 17, 32.05635]},
			"faces": {
				"north": {"uv": [0, 0, 16, 16], "texture": "#1"},
				"east": {"uv": [16, 0, 0, 16], "texture": "#1"},
				"south": {"uv": [0, 0, 16, 16], "texture": "#1"},
				"west": {"uv": [0, 0, 16, 16], "texture": "#1"},
				"up": {"uv": [0, 0, 16, 16], "texture": "#1"},
				"down": {"uv": [0, 0, 16, 16], "texture": "#1"}
			}
		},
		{
			"from": [-10.45584, -8, -2],
			"to": [-10.45584, 24, 30],
			"rotation": {"angle": -22.5, "axis": "y", "origin": [-12.45584, 17, 32.05635]},
			"faces": {
				"north": {"uv": [16, 0, 0, 16], "texture": "#1"},
				"east": {"uv": [16, 0, 0, 16], "texture": "#1"},
				"south": {"uv": [16, 0, 0, 16], "texture": "#1"},
				"west": {"uv": [0, 0, 16, 16], "texture": "#1"},
				"up": {"uv": [16, 0, 0, 16], "texture": "#1"},
				"down": {"uv": [16, 0, 0, 16], "texture": "#1"}
			}
		},
		{
			"from": [5, -10, -13],
			"to": [11, -3, -8],
			"rotation": {"angle": 0, "axis": "y", "origin": [0, -15, -8]},
			"faces": {
				"north": {"uv": [0, 5.25, 1.5, 7], "texture": "#0"},
				"east": {"uv": [5.75, 5.25, 4.5, 7], "texture": "#0"},
				"south": {"uv": [1.5, 5.25, 3, 7], "texture": "#0"},
				"west": {"uv": [4.5, 5.25, 5.75, 7], "texture": "#0"},
				"up": {"uv": [7.75, 1.25, 6.25, 0], "texture": "#0"},
				"down": {"uv": [7.75, 1.25, 6.25, 2.5], "texture": "#0"}
			}
		},
		{
			"from": [6, -11, -8],
			"to": [10, -7, -1],
			"rotation": {"angle": 0, "axis": "x", "origin": [8, -9, -4.5]},
			"faces": {
				"north": {"uv": [1.5, 7, 2.5, 8], "texture": "#0"},
				"east": {"uv": [8, 5.25, 6.25, 6.25], "texture": "#0"},
				"south": {"uv": [1.5, 7, 2.5, 8], "texture": "#0"},
				"west": {"uv": [6.25, 5.25, 8, 6.25], "texture": "#0"},
				"up": {"uv": [7.25, 8, 6.25, 6.25], "texture": "#0"},
				"down": {"uv": [4.25, 2.5, 3.25, 0.75], "texture": "#0"}
			}
		},
		{
			"from": [3.26956, -8.07612, -4.5],
			"to": [6.26956, -6.07612, -2.5],
			"rotation": {"angle": -45, "axis": "z", "origin": [6.07612, -6.61732, -3.5]},
			"faces": {
				"north": {"uv": [4.5, 7, 5.25, 7.5], "rotation": 180, "texture": "#0"},
				"east": {"uv": [4.5, 7, 5, 7.5], "rotation": 180, "texture": "#0"},
				"south": {"uv": [4.5, 7, 5.25, 7.5], "rotation": 180, "texture": "#0"},
				"west": {"uv": [4.75, 7, 5.25, 7.5], "rotation": 180, "texture": "#0"},
				"up": {"uv": [4.5, 7, 5.25, 7.5], "texture": "#0"},
				"down": {"uv": [4.5, 7, 5.25, 7.5], "texture": "#0"}
			}
		},
		{
			"from": [4.65224, -7, -6.5],
			"to": [7.65224, -6, -5.5],
			"rotation": {"angle": -45, "axis": "z", "origin": [6.07612, -5.61732, -3.5]},
			"faces": {
				"north": {"uv": [4.5, 7.25, 5.25, 7.5], "texture": "#0"},
				"east": {"uv": [5, 7.25, 5.25, 7.5], "texture": "#0"},
				"south": {"uv": [4.5, 7, 5.25, 7.25], "texture": "#0"},
				"west": {"uv": [4.5, 7, 4.75, 7.25], "texture": "#0"},
				"up": {"uv": [4.5, 7, 5.25, 7.25], "texture": "#0"},
				"down": {"uv": [4.5, 7.25, 5.25, 7.5], "texture": "#0"}
			}
		},
		{
			"from": [9.73044, -8.07612, -4.5],
			"to": [12.73044, -6.07612, -2.5],
			"rotation": {"angle": 45, "axis": "z", "origin": [9.92388, -6.61732, -3.5]},
			"faces": {
				"north": {"uv": [5.25, 7, 4.5, 7.5], "rotation": 180, "texture": "#0"},
				"east": {"uv": [5.25, 7, 4.75, 7.5], "rotation": 180, "texture": "#0"},
				"south": {"uv": [5.25, 7, 4.5, 7.5], "rotation": 180, "texture": "#0"},
				"west": {"uv": [5, 7, 4.5, 7.5], "rotation": 180, "texture": "#0"},
				"up": {"uv": [5.25, 7, 4.5, 7.5], "texture": "#0"},
				"down": {"uv": [5.25, 7, 4.5, 7.5], "texture": "#0"}
			}
		},
		{
			"from": [5, -12, -13],
			"to": [11, -10, -8],
			"rotation": {"angle": 0, "axis": "y", "origin": [0, -14, -8]},
			"faces": {
				"north": {"uv": [7, 3, 8.5, 3.5], "texture": "#0"},
				"west": {"uv": [7, 3.5, 8.25, 4], "texture": "#0"}
			}
		},
		{
			"from": [8.34776, -8, -6.5],
			"to": [11.34776, -7, -5.5],
			"rotation": {"angle": 45, "axis": "z", "origin": [9.92388, -6.61732, -3.5]},
			"faces": {
				"north": {"uv": [5.25, 7.25, 4.5, 7.5], "texture": "#0"},
				"east": {"uv": [4.75, 7, 4.5, 7.25], "texture": "#0"},
				"south": {"uv": [5.25, 7, 4.5, 7.25], "texture": "#0"},
				"west": {"uv": [5.25, 7.25, 5, 7.5], "texture": "#0"},
				"up": {"uv": [5.25, 7, 4.5, 7.25], "texture": "#0"},
				"down": {"uv": [5.25, 7.25, 4.5, 7.5], "texture": "#0"}
			}
		},
		{
			"from": [-1.5, -5, 1],
			"to": [3.5, 5, 2],
			"rotation": {"angle": 45, "axis": "z", "origin": [7.5, -1, -1.5]},
			"faces": {
				"north": {"uv": [6.25, 0, 5, 2.5], "texture": "#0"},
				"east": {"uv": [5.25, 0, 5, 2.5], "texture": "#0"},
				"south": {"uv": [6.25, 0, 5, 2.5], "texture": "#0"},
				"west": {"uv": [6.25, 0, 6, 2.5], "texture": "#0"},
				"up": {"uv": [6.25, 0, 5, 0.25], "texture": "#0"},
				"down": {"uv": [6.25, 2.25, 5, 2.5], "texture": "#0"}
			}
		},
		{
			"from": [5.5, -6, 1],
			"to": [10.5, 4, 2],
			"rotation": {"angle": 22.5, "axis": "x", "origin": [8.5, -1, -0.5]},
			"faces": {
				"north": {"uv": [5, 0, 6.25, 2.5], "texture": "#0"},
				"east": {"uv": [6, 0, 6.25, 2.5], "texture": "#0"},
				"south": {"uv": [5, 0, 6.25, 2.5], "texture": "#0"},
				"west": {"uv": [5, 0, 5.25, 2.5], "texture": "#0"},
				"up": {"uv": [5, 0, 6.25, 0.25], "texture": "#0"},
				"down": {"uv": [5, 2.25, 6.25, 2.5], "texture": "#0"}
			}
		},
		{
			"from": [5.5, -8, 4],
			"to": [10.5, 2, 5],
			"rotation": {"angle": 22.5, "axis": "x", "origin": [8.5, -1, -0.5]},
			"faces": {
				"north": {"uv": [5, 0, 6.25, 2.5], "texture": "#0"},
				"east": {"uv": [6, 0, 6.25, 2.5], "texture": "#0"},
				"south": {"uv": [5, 0, 6.25, 2.5], "texture": "#0"},
				"west": {"uv": [5, 0, 5.25, 2.5], "texture": "#0"},
				"up": {"uv": [5, 0, 6.25, 0.25], "texture": "#0"},
				"down": {"uv": [5, 2.25, 6.25, 2.5], "texture": "#0"}
			}
		},
		{
			"from": [5.5, -8, 7],
			"to": [10.5, 2, 8],
			"rotation": {"angle": 22.5, "axis": "x", "origin": [8.5, -1, -0.5]},
			"faces": {
				"north": {"uv": [5, 0, 6.25, 2.5], "texture": "#0"},
				"east": {"uv": [6, 0, 6.25, 2.5], "texture": "#0"},
				"south": {"uv": [5, 0, 6.25, 2.5], "texture": "#0"},
				"west": {"uv": [5, 0, 5.25, 2.5], "texture": "#0"},
				"up": {"uv": [5, 0, 6.25, 0.25], "texture": "#0"},
				"down": {"uv": [5, 2.25, 6.25, 2.5], "texture": "#0"}
			}
		},
		{
			"from": [12.5, -5, 1],
			"to": [17.5, 5, 2],
			"rotation": {"angle": -45, "axis": "z", "origin": [8.5, -1, -1.5]},
			"faces": {
				"north": {"uv": [5, 0, 6.25, 2.5], "texture": "#0"},
				"east": {"uv": [6, 0, 6.25, 2.5], "texture": "#0"},
				"south": {"uv": [5, 0, 6.25, 2.5], "texture": "#0"},
				"west": {"uv": [5, 0, 5.25, 2.5], "texture": "#0"},
				"up": {"uv": [5, 0, 6.25, 0.25], "texture": "#0"},
				"down": {"uv": [5, 2.25, 6.25, 2.5], "texture": "#0"}
			}
		},
		{
			"from": [3, -14, -1],
			"to": [13, -6, 12],
			"rotation": {"angle": -22.5, "axis": "x", "origin": [8, -9, -0.5]},
			"faces": {
				"north": {"uv": [4.5, 3.25, 7, 5.25], "texture": "#0"},
				"east": {"uv": [3.25, 3.25, 0, 5.25], "texture": "#0"},
				"south": {"uv": [4.5, 3.25, 7, 5.25], "texture": "#0"},
				"west": {"uv": [0, 3.25, 3.25, 5.25], "texture": "#0"},
				"up": {"uv": [2.5, 3.25, 0, 0], "texture": "#0"},
				"down": {"uv": [5, 0, 2.5, 3.25], "texture": "#0"}
			}
		},
		{
			"from": [8, -10, 12],
			"to": [8, -8, 15],
			"rotation": {"angle": -22.5, "axis": "x", "origin": [8, -9, -0.5]},
			"faces": {
				"east": {"uv": [4.5, 7, 5.25, 7.5], "texture": "#0"},
				"west": {"uv": [4.5, 7, 5.25, 7.5], "texture": "#0"}
			}
		},
		{
			"from": [12.67157, -10, -12.15685],
			"to": [12.67157, -8, -1.15685],
			"rotation": {"angle": -22.5, "axis": "y", "origin": [11.67157, -10, -7.65685]},
			"faces": {
				"north": {"uv": [0, 0, 0, 0.5], "texture": "#0"},
				"east": {"uv": [7.75, 2.5, 5, 3], "texture": "#0"},
				"south": {"uv": [0, 0, 0, 0.5], "texture": "#0"},
				"west": {"uv": [7.75, 2.5, 5, 3], "texture": "#0"},
				"up": {"uv": [2.75, 0, 0, 0], "rotation": 90, "texture": "#0"},
				"down": {"uv": [2.75, 0, 0, 0], "rotation": 270, "texture": "#0"}
			}
		},
		{
			"from": [14, -15, -13],
			"to": [16, -6, -11],
			"rotation": {"angle": 22.5, "axis": "x", "origin": [15, -10.5, -12]},
			"faces": {
				"north": {"uv": [0.5, 7, 0, 9.25], "texture": "#0"},
				"east": {"uv": [1.5, 7, 1, 9.25], "texture": "#0"},
				"south": {"uv": [0.5, 7, 0, 9.25], "texture": "#0"},
				"west": {"uv": [1, 7, 0.5, 9.25], "texture": "#0"},
				"up": {"uv": [7, 5, 7.5, 4.5], "texture": "#0"},
				"down": {"uv": [7, 5, 7.5, 4.5], "texture": "#0"}
			}
		},
		{
			"from": [3.32843, -10, -12.15685],
			"to": [3.32843, -8, -1.15685],
			"rotation": {"angle": 22.5, "axis": "y", "origin": [4.32843, -10, -7.65685]},
			"faces": {
				"north": {"uv": [0, 0, 0, 0.5], "texture": "#0"},
				"east": {"uv": [5, 2.5, 7.75, 3], "texture": "#0"},
				"south": {"uv": [0, 0, 0, 0.5], "texture": "#0"},
				"west": {"uv": [5, 2.5, 7.75, 3], "texture": "#0"},
				"up": {"uv": [2.75, 0, 0, 0], "rotation": 90, "texture": "#0"},
				"down": {"uv": [2.75, 0, 0, 0], "rotation": 270, "texture": "#0"}
			}
		},
		{
			"from": [0, -15, -13],
			"to": [2, -6, -11],
			"rotation": {"angle": 22.5, "axis": "x", "origin": [1, -10.5, -12]},
			"faces": {
				"north": {"uv": [0, 7, 0.5, 9.25], "texture": "#0"},
				"east": {"uv": [0.5, 7, 1, 9.25], "texture": "#0"},
				"south": {"uv": [0, 7, 0.5, 9.25], "texture": "#0"},
				"west": {"uv": [1, 7, 1.5, 9.25], "texture": "#0"},
				"up": {"uv": [7.5, 5, 7, 4.5], "texture": "#0"},
				"down": {"uv": [7.5, 5, 7, 4.5], "texture": "#0"}
			}
		},
		{
			"from": [9, -10, -3],
			"to": [20, -8, -3],
			"rotation": {"angle": 22.5, "axis": "y", "origin": [14.5, -8, -2]},
			"faces": {
				"north": {"uv": [7.75, 2.5, 5, 3], "texture": "#0"},
				"east": {"uv": [0, 0, 0, 0.5], "texture": "#0"},
				"south": {"uv": [7.75, 2.5, 5, 3], "texture": "#0"},
				"west": {"uv": [0, 0, 0, 0.5], "texture": "#0"},
				"up": {"uv": [0, 0, 2.75, 0], "texture": "#0"},
				"down": {"uv": [0, 0, 2.75, 0], "texture": "#0"}
			}
		},
		{
			"from": [19, -15, -6],
			"to": [21, -6, -4],
			"rotation": {"angle": 22.5, "axis": "z", "origin": [20, -10.5, -5]},
			"faces": {
				"north": {"uv": [0.5, 7, 0, 9.25], "texture": "#0"},
				"east": {"uv": [1.5, 7, 1, 9.25], "texture": "#0"},
				"south": {"uv": [0.5, 7, 0, 9.25], "texture": "#0"},
				"west": {"uv": [1, 7, 0.5, 9.25], "texture": "#0"},
				"up": {"uv": [7, 5, 7.5, 4.5], "texture": "#0"},
				"down": {"uv": [7, 5, 7.5, 4.5], "texture": "#0"}
			}
		},
		{
			"from": [-4, -10, -3],
			"to": [7, -8, -3],
			"rotation": {"angle": -22.5, "axis": "y", "origin": [1.5, -8, -2]},
			"faces": {
				"north": {"uv": [5, 2.5, 7.75, 3], "texture": "#0"},
				"east": {"uv": [0, 0, 0, 0.5], "texture": "#0"},
				"south": {"uv": [5, 2.5, 7.75, 3], "texture": "#0"},
				"west": {"uv": [0, 0, 0, 0.5], "texture": "#0"},
				"up": {"uv": [2.75, 0, 0, 0], "texture": "#0"},
				"down": {"uv": [2.75, 0, 0, 0], "texture": "#0"}
			}
		},
		{
			"from": [-5, -15, -6],
			"to": [-3, -6, -4],
			"rotation": {"angle": -22.5, "axis": "z", "origin": [-4, -10.5, -5]},
			"faces": {
				"north": {"uv": [0, 7, 0.5, 9.25], "texture": "#0"},
				"east": {"uv": [0.5, 7, 1, 9.25], "texture": "#0"},
				"south": {"uv": [0, 7, 0.5, 9.25], "texture": "#0"},
				"west": {"uv": [1, 7, 1.5, 9.25], "texture": "#0"},
				"up": {"uv": [7.5, 5, 7, 4.5], "texture": "#0"},
				"down": {"uv": [7.5, 5, 7, 4.5], "texture": "#0"}
			}
		},
		{
			"from": [9, -9, 2],
			"to": [20, -7, 2],
			"rotation": {"angle": 0, "axis": "y", "origin": [14.5, -8, -2]},
			"faces": {
				"north": {"uv": [7.75, 2.5, 5, 3], "texture": "#0"},
				"east": {"uv": [0, 0, 0, 0.5], "texture": "#0"},
				"south": {"uv": [7.75, 2.5, 5, 3], "texture": "#0"},
				"west": {"uv": [0, 0, 0, 0.5], "texture": "#0"},
				"up": {"uv": [0, 0, 2.75, 0], "texture": "#0"},
				"down": {"uv": [0, 0, 2.75, 0], "texture": "#0"}
			}
		},
		{
			"from": [21, -15, 1],
			"to": [23, -6, 3],
			"rotation": {"angle": 22.5, "axis": "z", "origin": [20, -10.5, -5]},
			"faces": {
				"north": {"uv": [0.5, 7, 0, 9.25], "texture": "#0"},
				"east": {"uv": [1.5, 7, 1, 9.25], "texture": "#0"},
				"south": {"uv": [0.5, 7, 0, 9.25], "texture": "#0"},
				"west": {"uv": [1, 7, 0.5, 9.25], "texture": "#0"},
				"up": {"uv": [7, 5, 7.5, 4.5], "texture": "#0"},
				"down": {"uv": [7, 5, 7.5, 4.5], "texture": "#0"}
			}
		},
		{
			"from": [-4, -9, 2],
			"to": [7, -7, 2],
			"rotation": {"angle": 0, "axis": "y", "origin": [1.5, -8, -2]},
			"faces": {
				"north": {"uv": [5, 2.5, 7.75, 3], "texture": "#0"},
				"east": {"uv": [0, 0, 0, 0.5], "texture": "#0"},
				"south": {"uv": [5, 2.5, 7.75, 3], "texture": "#0"},
				"west": {"uv": [0, 0, 0, 0.5], "texture": "#0"},
				"up": {"uv": [2.75, 0, 0, 0], "texture": "#0"},
				"down": {"uv": [2.75, 0, 0, 0], "texture": "#0"}
			}
		},
		{
			"from": [-7, -15, 1],
			"to": [-5, -6, 3],
			"rotation": {"angle": -22.5, "axis": "z", "origin": [-4, -10.5, -5]},
			"faces": {
				"north": {"uv": [0, 7, 0.5, 9.25], "texture": "#0"},
				"east": {"uv": [0.5, 7, 1, 9.25], "texture": "#0"},
				"south": {"uv": [0, 7, 0.5, 9.25], "texture": "#0"},
				"west": {"uv": [1, 7, 1.5, 9.25], "texture": "#0"},
				"up": {"uv": [7.5, 5, 7, 4.5], "texture": "#0"},
				"down": {"uv": [7.5, 5, 7, 4.5], "texture": "#0"}
			}
		},
		{
			"from": [18, -15, 9],
			"to": [20, 1, 14],
			"rotation": {"angle": -22.5, "axis": "x", "origin": [17, -7, 13.5]},
			"faces": {
				"north": {"uv": [6.25, 5.25, 5.75, 9.25], "texture": "#0"},
				"east": {"uv": [4.5, 3.25, 3.25, 7.25], "texture": "#0"},
				"south": {"uv": [6.25, 5.25, 5.75, 9.25], "texture": "#0"},
				"west": {"uv": [4.5, 3.25, 3.25, 7.25], "texture": "#0"},
				"up": {"uv": [2.5, 8.25, 3, 7], "texture": "#0"},
				"down": {"uv": [2.5, 8.25, 3, 7], "texture": "#0"}
			}
		},
		{
			"from": [14.5, -8, 2.5],
			"to": [14.5, -6, 13.5],
			"rotation": {"angle": 45, "axis": "y", "origin": [14.5, -8, 6]},
			"faces": {
				"north": {"uv": [0, 0, 0, 0.5], "texture": "#0"},
				"east": {"uv": [7.75, 2.5, 5, 3], "texture": "#0"},
				"south": {"uv": [0, 0, 0, 0.5], "texture": "#0"},
				"west": {"uv": [7.75, 2.5, 5, 3], "texture": "#0"},
				"up": {"uv": [2.75, 0, 0, 0], "rotation": 270, "texture": "#0"},
				"down": {"uv": [2.75, 0, 0, 0], "rotation": 90, "texture": "#0"}
			}
		},
		{
			"from": [-4, -15, 9],
			"to": [-2, 1, 14],
			"rotation": {"angle": -22.5, "axis": "x", "origin": [-1, -7, 13.5]},
			"faces": {
				"north": {"uv": [5.75, 5.25, 6.25, 9.25], "texture": "#0"},
				"east": {"uv": [3.25, 3.25, 4.5, 7.25], "texture": "#0"},
				"south": {"uv": [5.75, 5.25, 6.25, 9.25], "texture": "#0"},
				"west": {"uv": [3.25, 3.25, 4.5, 7.25], "texture": "#0"},
				"up": {"uv": [3, 8.25, 2.5, 7], "texture": "#0"},
				"down": {"uv": [3, 8.25, 2.5, 7], "texture": "#0"}
			}
		},
		{
			"from": [1.5, -8, 2.5],
			"to": [1.5, -6, 13.5],
			"rotation": {"angle": -45, "axis": "y", "origin": [1.5, -8, 6]},
			"faces": {
				"north": {"uv": [0, 0, 0, 0.5], "texture": "#0"},
				"east": {"uv": [5, 2.5, 7.75, 3], "texture": "#0"},
				"south": {"uv": [0, 0, 0, 0.5], "texture": "#0"},
				"west": {"uv": [5, 2.5, 7.75, 3], "texture": "#0"},
				"up": {"uv": [2.75, 0, 0, 0], "rotation": 270, "texture": "#0"},
				"down": {"uv": [2.75, 0, 0, 0], "rotation": 90, "texture": "#0"}
			}
		}
	],
	"display": {
		"head": {
			"translation": [0, -2, 16],
			"scale": [2, 2, 2]
		}
	},
	"groups": [0, 1,
		{
			"name": "head",
			"origin": [9.92388, 8.38268, 4.5],
			"color": 0,
			"children": [2, 3, 4, 5, 6, 7, 8]
		},
		{
			"name": "thorax",
			"origin": [8, 6, 7.5],
			"color": 0,
			"children": [9, 10, 11, 12, 13, 14, 15]
		},
		{
			"name": "legr1",
			"origin": [15, 4.5, -4],
			"color": 0,
			"children": [16, 17]
		},
		{
			"name": "legl1",
			"origin": [1, 4.5, -4],
			"color": 0,
			"children": [18, 19]
		},
		{
			"name": "legr2",
			"origin": [20, 4.5, 3],
			"color": 0,
			"children": [20, 21]
		},
		{
			"name": "legl2",
			"origin": [-4, 4.5, 3],
			"color": 0,
			"children": [22, 23]
		},
		{
			"name": "legr3",
			"origin": [20, 4.5, 3],
			"color": 0,
			"children": [24, 25]
		},
		{
			"name": "legl3",
			"origin": [-4, 4.5, 3],
			"color": 0,
			"children": [26, 27]
		},
		{
			"name": "legr4",
			"origin": [14.5, 7, 14],
			"color": 0,
			"children": [28, 29]
		},
		{
			"name": "legl4",
			"origin": [1.5, 7, 14],
			"color": 0,
			"children": [30, 31]
		}
	]
}