{
	"credit": "Made with Blockbench",
	"texture_size": [64, 64],
	"textures": {
		"1": "item/mobs/flames/astrum_aureus_flame_main",
		"3": "item/mobs/astrum_aureus_body",
		"particle": "item/mobs/flames/astrum_aureus_flame_main"
	},
	"elements": [
		{
			"from": [0, 0, 0],
			"to": [16, 16, 16],
			"faces": {
				"north": {"uv": [0, 0, 4, 4], "texture": "#3"},
				"east": {"uv": [8, 0, 4, 4], "texture": "#3"},
				"south": {"uv": [0, 4, 4, 8], "texture": "#3"},
				"west": {"uv": [4, 0, 8, 4], "texture": "#3"},
				"up": {"uv": [8, 8, 4, 4], "texture": "#3"},
				"down": {"uv": [4, 8, 0, 12], "texture": "#3"}
			}
		},
		{
			"from": [-1.5, 16, 10],
			"to": [17.5, 32, 10],
			"faces": {
				"north": {"uv": [0, 0, 15.57895, 15.57895], "texture": "#1"},
				"east": {"uv": [0, 0, 15.57895, 15.57895], "texture": "#1"},
				"south": {"uv": [15.57895, 0, 0, 15.57895], "texture": "#1"},
				"west": {"uv": [0, 0, 15.57895, 15.57895], "texture": "#1"},
				"up": {"uv": [0, 0, 15.57895, 15.57895], "texture": "#1"},
				"down": {"uv": [0, 0, 15.57895, 15.57895], "texture": "#1"}
			}
		},
		{
			"from": [-6, 6, 11],
			"to": [-1, 22, 11],
			"rotation": {"angle": 22.5, "axis": "z", "origin": [-2.5, 16, 11]},
			"faces": {
				"north": {"uv": [4, 8, 5.25, 12], "texture": "#3"},
				"east": {"uv": [0, 0, 0, 4], "texture": "#3"},
				"south": {"uv": [5.25, 8, 4, 12], "texture": "#3"},
				"west": {"uv": [0, 0, 0, 4], "texture": "#3"},
				"up": {"uv": [1.25, 0, 0, 0], "texture": "#3"},
				"down": {"uv": [1.25, 0, 0, 0], "texture": "#3"}
			}
		},
		{
			"from": [2, 9, -0.5],
			"to": [14, 26, -0.5],
			"rotation": {"angle": 22.5, "axis": "x", "origin": [8, 16.5, -1]},
			"faces": {
				"north": {"uv": [8, 0, 11, 4.25], "texture": "#3"},
				"east": {"uv": [0, 0, 0, 4.25], "texture": "#3"},
				"south": {"uv": [8, 0, 11, 4.25], "texture": "#3"},
				"west": {"uv": [0, 0, 0, 4.25], "texture": "#3"},
				"up": {"uv": [3, 0, 0, 0], "texture": "#3"},
				"down": {"uv": [3, 0, 0, 0], "texture": "#3"}
			}
		},
		{
			"from": [4, 14, 2],
			"to": [12, 22, 3],
			"rotation": {"angle": 22.5, "axis": "x", "origin": [8, 14, 2.5]},
			"faces": {
				"north": {"uv": [8, 4.25, 10, 6.25], "texture": "#3"},
				"east": {"uv": [8, 6.25, 8.25, 8.25], "texture": "#3"},
				"south": {"uv": [8, 4.25, 10, 6.25], "texture": "#3"},
				"west": {"uv": [8.25, 6.25, 8, 8.25], "texture": "#3"},
				"up": {"uv": [10.25, 6.5, 8.25, 6.25], "texture": "#3"}
			}
		},
		{
			"from": [1.70711, 14, 5.29289],
			"to": [2.70711, 24, 9.29289],
			"rotation": {"angle": 45, "axis": "y", "origin": [1.20711, 19, 7.29289]},
			"faces": {
				"north": {"uv": [6.25, 8, 6.5, 10.5], "texture": "#3"},
				"east": {"uv": [5.25, 8, 6.25, 10.5], "texture": "#3"},
				"south": {"uv": [6.25, 8, 6.5, 10.5], "texture": "#3"},
				"west": {"uv": [6.25, 8, 5.25, 10.5], "texture": "#3"},
				"up": {"uv": [6.75, 9, 6.5, 8], "texture": "#3"}
			}
		},
		{
			"from": [13.29289, 14, 5.29289],
			"to": [14.29289, 24, 9.29289],
			"rotation": {"angle": -45, "axis": "y", "origin": [14.79289, 19, 7.29289]},
			"faces": {
				"north": {"uv": [6.5, 8, 6.25, 10.5], "texture": "#3"},
				"east": {"uv": [5.25, 8, 6.25, 10.5], "texture": "#3"},
				"south": {"uv": [6.5, 8, 6.25, 10.5], "texture": "#3"},
				"west": {"uv": [6.25, 8, 5.25, 10.5], "texture": "#3"},
				"up": {"uv": [6.5, 9, 6.75, 8], "texture": "#3"}
			}
		},
		{
			"from": [17, 6, 11],
			"to": [22, 22, 11],
			"rotation": {"angle": -22.5, "axis": "z", "origin": [18.5, 16, 11]},
			"faces": {
				"north": {"uv": [5.25, 8, 4, 12], "texture": "#3"},
				"east": {"uv": [0, 0, 0, 4], "texture": "#3"},
				"south": {"uv": [4, 8, 5.25, 12], "texture": "#3"},
				"west": {"uv": [0, 0, 0, 4], "texture": "#3"},
				"up": {"uv": [0, 0, 1.25, 0], "texture": "#3"},
				"down": {"uv": [0, 0, 1.25, 0], "texture": "#3"}
			}
		}
	],
	"display": {
		"head": {
			"scale": [3.2, 3.2, 3.2]
		}
	}
}