{
	"credit": "Made with Blockbench",
	"textures": {
		"0": "item/astral_fog",
		"particle": "item/astral_fog"
	},
	"elements": [
		{
			"from": [32, 31, 31],
			"to": [-16, -16, -16],
			"faces": {
				"north": {"uv": [0, 0, 16, 16], "texture": "#0"},
				"east": {"uv": [0, 0, 16, 16], "texture": "#0"},
				"south": {"uv": [0, 0, 16, 16], "texture": "#0"},
				"west": {"uv": [0, 0, 16, 16], "texture": "#0"},
				"up": {"uv": [0, 0, 16, 16], "texture": "#0"},
				"down": {"uv": [0, 0, 16, 16], "texture": "#0"}
			}
		},
		{
			"from": [-16, -16, -16],
			"to": [32, 31, 31],
			"faces": {
				"north": {"uv": [0, 0, 16, 16], "texture": "#0"},
				"east": {"uv": [0, 0, 16, 16], "texture": "#0"},
				"south": {"uv": [0, 0, 16, 16], "texture": "#0"},
				"west": {"uv": [0, 0, 16, 16], "texture": "#0"},
				"up": {"uv": [0, 0, 16, 16], "texture": "#0"},
				"down": {"uv": [0, 0, 16, 16], "texture": "#0"}
			}
		}
	],
	"display": {
		"ground": {
			"scale": [4, 4, 4]
		},
		"gui": {
			"rotation": [30, 45, 0],
			"scale": [0.2, 0.2, 0.2]
		},
		"head": {
			"scale": [4, 4, 4]
		}
	}
}