{
	"credit": "Made with Blockbench",
	"texture_size": [64, 64],
	"textures": {
		"0": "item/mobs/astral_jelly",
		"particle": "item/mobs/astral_jelly"
	},
	"elements": [
		{
			"from": [2, 2, 2],
			"to": [14, 14, 14],
			"faces": {
				"north": {"uv": [0, 0, 3, 3], "texture": "#0"},
				"east": {"uv": [0, 3, 3, 6], "texture": "#0"},
				"south": {"uv": [3, 0, 6, 3], "texture": "#0"},
				"west": {"uv": [3, 3, 6, 6], "texture": "#0"},
				"up": {"uv": [3, 9, 0, 6], "texture": "#0"},
				"down": {"uv": [9, 0, 6, 3], "texture": "#0"}
			}
		},
		{
			"from": [4, 4, 4],
			"to": [12, 12, 12],
			"faces": {
				"north": {"uv": [3, 6, 5, 8], "texture": "#0"},
				"east": {"uv": [6, 3, 8, 5], "texture": "#0"},
				"south": {"uv": [5, 6, 7, 8], "texture": "#0"},
				"west": {"uv": [7, 5, 9, 7], "texture": "#0"},
				"up": {"uv": [9, 9, 7, 7], "texture": "#0"},
				"down": {"uv": [5, 8, 3, 10], "texture": "#0"}
			}
		},
		{
			"from": [3.5, 8, 3.5],
			"to": [6.5, 11, 4.5],
			"faces": {
				"north": {"uv": [6, 5, 6.75, 5.75], "texture": "#0"},
				"east": {"uv": [6.75, 5, 7, 5.75], "texture": "#0"},
				"south": {"uv": [6.25, 10.5, 7, 11.25], "texture": "#0"},
				"west": {"uv": [6.75, 8, 7, 8.75], "texture": "#0"},
				"up": {"uv": [6.75, 6, 6, 5.75], "texture": "#0"},
				"down": {"uv": [11.25, 7.25, 10.5, 7.5], "texture": "#0"}
			}
		},
		{
			"from": [9.5, 7, 3.5],
			"to": [12.5, 10, 4.5],
			"faces": {
				"north": {"uv": [10.5, 6.5, 11.25, 7.25], "texture": "#0"},
				"east": {"uv": [1.5, 11, 1.75, 11.75], "texture": "#0"},
				"south": {"uv": [7, 10.5, 7.75, 11.25], "texture": "#0"},
				"west": {"uv": [1.75, 11, 2, 11.75], "texture": "#0"},
				"up": {"uv": [5.75, 11.25, 5, 11], "texture": "#0"},
				"down": {"uv": [9, 11, 8.25, 11.25], "texture": "#0"}
			}
		},
		{
			"from": [5.5, 4, 3.5],
			"to": [7.5, 6, 4.5],
			"faces": {
				"north": {"uv": [10.75, 5.5, 11.25, 6], "texture": "#0"},
				"east": {"uv": [8.75, 4.5, 9, 5], "texture": "#0"},
				"south": {"uv": [1, 11, 1.5, 11.5], "texture": "#0"},
				"west": {"uv": [2, 11, 2.25, 11.5], "texture": "#0"},
				"up": {"uv": [6.25, 11.25, 5.75, 11], "texture": "#0"},
				"down": {"uv": [9.5, 11, 9, 11.25], "texture": "#0"}
			}
		},
		{
			"from": [13, 5, 3],
			"to": [15, 11, 7],
			"faces": {
				"north": {"uv": [4, 10, 4.5, 11.5], "texture": "#0"},
				"east": {"uv": [9.75, 3, 10.75, 4.5], "texture": "#0"},
				"south": {"uv": [4.5, 10, 5, 11.5], "texture": "#0"},
				"west": {"uv": [3, 10, 4, 11.5], "texture": "#0"},
				"up": {"uv": [3, 11.5, 2.5, 10.5], "texture": "#0"},
				"down": {"uv": [8.25, 10.5, 7.75, 11.5], "texture": "#0"}
			}
		},
		{
			"from": [1, 1, 4],
			"to": [3, 5, 10],
			"faces": {
				"north": {"uv": [10.75, 1.5, 11.25, 2.5], "texture": "#0"},
				"east": {"uv": [8.25, 10, 9.75, 11], "texture": "#0"},
				"south": {"uv": [10.75, 2.5, 11.25, 3.5], "texture": "#0"},
				"west": {"uv": [10, 9, 11.5, 10], "texture": "#0"},
				"up": {"uv": [0.5, 12, 0, 10.5], "texture": "#0"},
				"down": {"uv": [1, 10.5, 0.5, 12], "texture": "#0"}
			}
		},
		{
			"from": [9, 3, 1],
			"to": [12, 6, 3],
			"faces": {
				"north": {"uv": [10.75, 0, 11.5, 0.75], "texture": "#0"},
				"east": {"uv": [10.75, 3.5, 11.25, 4.25], "texture": "#0"},
				"south": {"uv": [10.75, 0.75, 11.5, 1.5], "texture": "#0"},
				"west": {"uv": [10.75, 4.25, 11.25, 5], "texture": "#0"},
				"up": {"uv": [8.75, 5, 8, 4.5], "texture": "#0"},
				"down": {"uv": [11.5, 5, 10.75, 5.5], "texture": "#0"}
			}
		},
		{
			"from": [1, 11, 9],
			"to": [8, 15, 15],
			"faces": {
				"north": {"uv": [8.25, 9, 10, 10], "texture": "#0"},
				"east": {"uv": [9.75, 10, 11.25, 11], "texture": "#0"},
				"south": {"uv": [5, 9.5, 6.75, 10.5], "texture": "#0"},
				"west": {"uv": [10.25, 7.5, 11.75, 8.5], "texture": "#0"},
				"up": {"uv": [9.75, 4.5, 8, 3], "texture": "#0"},
				"down": {"uv": [6.75, 8, 5, 9.5], "texture": "#0"}
			}
		},
		{
			"from": [7, 13, 1],
			"to": [12, 15, 7],
			"faces": {
				"north": {"uv": [5, 10.5, 6.25, 11], "texture": "#0"},
				"east": {"uv": [10.25, 8.5, 11.75, 9], "texture": "#0"},
				"south": {"uv": [10.5, 6, 11.75, 6.5], "texture": "#0"},
				"west": {"uv": [1, 10.5, 2.5, 11], "texture": "#0"},
				"up": {"uv": [3, 10.5, 1.75, 9], "texture": "#0"},
				"down": {"uv": [10.25, 7.5, 9, 9], "texture": "#0"}
			}
		},
		{
			"from": [8, 1, 9],
			"to": [15, 7, 15],
			"faces": {
				"north": {"uv": [0, 9, 1.75, 10.5], "texture": "#0"},
				"east": {"uv": [9, 6, 10.5, 7.5], "texture": "#0"},
				"south": {"uv": [9, 0, 10.75, 1.5], "texture": "#0"},
				"west": {"uv": [6.75, 9, 8.25, 10.5], "texture": "#0"},
				"up": {"uv": [10.75, 3, 9, 1.5], "texture": "#0"},
				"down": {"uv": [10.75, 4.5, 9, 6], "texture": "#0"}
			}
		}
	],
	"display": {
		"head": {
			"translation": [0, -33, 0],
			"scale": [2, 2, 2]
		}
	},
	"groups": [0, 1, 2, 3, 4,
		{
			"name": "group",
			"origin": [0, 0, 0],
			"children": [5, 6, 7, 8, 9, 10]
		}
	]
}