{
	"credit": "Made with Blockbench",
	"texture_size": [64, 64],
	"textures": {
		"1": "item/mobs/flames/astrum_aureus_flame_leg",
		"2": "item/mobs/astrum_aureus_leg",
		"particle": "item/mobs/flames/astrum_aureus_flame_leg"
	},
	"elements": [
		{
			"from": [3.5, 0, 4],
			"to": [12.5, 8, 13],
			"rotation": {"angle": 0, "axis": "y", "origin": [-4, 0, 5]},
			"faces": {
				"north": {"uv": [4.5, 3.5, 6.75, 5.5], "texture": "#2"},
				"east": {"uv": [4.5, 5.5, 6.75, 7.5], "texture": "#2"},
				"south": {"uv": [0, 5.75, 2.25, 7.75], "texture": "#2"},
				"west": {"uv": [2.25, 5.75, 4.5, 7.75], "texture": "#2"},
				"up": {"uv": [2.25, 5.75, 0, 3.5], "texture": "#2"}
			}
		},
		{
			"from": [4.5, -5, 5.5],
			"to": [11.5, 3, 12.5],
			"rotation": {"angle": 0, "axis": "y", "origin": [-4, 0, 5]},
			"faces": {
				"north": {"uv": [6, 0, 7.75, 2], "texture": "#2"},
				"east": {"uv": [6.75, 2, 8.5, 4], "texture": "#2"},
				"south": {"uv": [6.75, 4, 8.5, 6], "texture": "#2"},
				"west": {"uv": [6.75, 6, 8.5, 8], "texture": "#2"},
				"up": {"uv": [6.25, 9.25, 4.5, 7.5], "texture": "#2"},
				"down": {"uv": [1.75, 7.75, 0, 9.5], "texture": "#2"}
			}
		},
		{
			"from": [5.5, -11, 7.38],
			"to": [10.5, -4, 12.38],
			"rotation": {"angle": -22.5, "axis": "x", "origin": [8, -9, 8]},
			"faces": {
				"north": {"uv": [6.25, 8, 7.5, 9.75], "texture": "#2"},
				"east": {"uv": [7.5, 8, 8.75, 9.75], "texture": "#2"},
				"south": {"uv": [8.5, 1.5, 9.75, 3.25], "texture": "#2"},
				"west": {"uv": [8.5, 3.25, 9.75, 5], "texture": "#2"},
				"down": {"uv": [9.75, 5, 8.5, 6.25], "texture": "#2"}
			}
		},
		{
			"from": [6.5, -16, 7.5],
			"to": [9.5, -11, 10.5],
			"rotation": {"angle": -22.5, "axis": "x", "origin": [8, -11, 7.5]},
			"faces": {
				"north": {"uv": [6, 2, 6.75, 3.25], "texture": "#2"},
				"east": {"uv": [3.5, 7.75, 4.25, 9], "texture": "#2"},
				"south": {"uv": [8.5, 6.25, 9.25, 7.5], "texture": "#2"},
				"west": {"uv": [8.75, 7.5, 9.5, 8.75], "texture": "#2"},
				"up": {"uv": [5.5, 10, 4.75, 9.25], "texture": "#2"},
				"down": {"uv": [6.25, 9.25, 5.5, 10], "texture": "#2"}
			}
		},
		{
			"from": [2, 2, 2],
			"to": [14, 3, 16],
			"rotation": {"angle": -22.5, "axis": "x", "origin": [8, 2.5, 9]},
			"faces": {
				"north": {"uv": [1.75, 9.25, 4.75, 9.5], "texture": "#2"},
				"east": {"uv": [8.75, 8.75, 12.25, 9], "texture": "#2"},
				"south": {"uv": [9.25, 6.25, 12.25, 6.5], "texture": "#2"},
				"west": {"uv": [8.75, 9, 12.25, 9.25], "texture": "#2"},
				"up": {"uv": [3, 3.5, 0, 0], "texture": "#2"},
				"down": {"uv": [6, 0, 3, 3.5], "texture": "#2"}
			}
		},
		{
			"from": [7.5, 8, 6],
			"to": [8.5, 14, 13],
			"rotation": {"angle": 0, "axis": "z", "origin": [8, 2.5, 9]},
			"faces": {
				"north": {"uv": [4.25, 7.75, 4.5, 9.25], "texture": "#2"},
				"east": {"uv": [7.75, 0, 9.5, 1.5], "texture": "#2"},
				"south": {"uv": [9, 9.25, 9.25, 10.75], "texture": "#2"},
				"west": {"uv": [1.75, 7.75, 3.5, 9.25], "texture": "#2"},
				"up": {"uv": [9, 11, 8.75, 9.25], "texture": "#2"}
			}
		},
		{
			"from": [8, 1, 7],
			"to": [8, 17, 23],
			"rotation": {"angle": 0, "axis": "y", "origin": [8, 9, 14]},
			"faces": {
				"north": {"uv": [0, 0, 16, 16], "texture": "#1"},
				"east": {"uv": [16, 0, 0, 16], "texture": "#1"},
				"south": {"uv": [0, 0, 16, 16], "texture": "#1"},
				"west": {"uv": [0, 0, 16, 16], "texture": "#1"},
				"up": {"uv": [0, 0, 16, 16], "rotation": 270, "texture": "#1"},
				"down": {"uv": [0, 0, 16, 16], "rotation": 90, "texture": "#1"}
			}
		}
	],
	"display": {
		"head": {
			"translation": [0, 10, -30],
			"scale": [3.2, 3.2, 3.2]
		}
	}
}