{
	"credit": "Made with Blockbench",
	"texture_size": [128, 128],
	"textures": {
		"0": "item/mobs/astral_hive",
		"particle": "item/mobs/astral_hive"
	},
	"elements": [
		{
			"from": [0, 0, 0],
			"to": [16, 16, 16],
			"faces": {
				"north": {"uv": [0, 0, 4, 4], "texture": "#0"},
				"east": {"uv": [4, 0, 8, 4], "texture": "#0"},
				"south": {"uv": [0, 0, 4, 4], "texture": "#0"},
				"west": {"uv": [4, 0, 8, 4], "texture": "#0"},
				"up": {"uv": [8, 0, 12, 4], "texture": "#0"},
				"down": {"uv": [8, 0, 12, 4], "texture": "#0"}
			}
		},
		{
			"name": "inside",
			"from": [0.1, 15.9, 0.1],
			"to": [15.9, 0.1, 15.9],
			"faces": {
				"north": {"uv": [4, 8, 0, 4], "texture": "#0"},
				"east": {"uv": [4, 8, 0, 4], "texture": "#0"},
				"south": {"uv": [4, 8, 0, 4], "texture": "#0"},
				"west": {"uv": [4, 8, 0, 4], "texture": "#0"},
				"up": {"uv": [4, 8, 0, 4], "texture": "#0"},
				"down": {"uv": [4, 8, 0, 4], "texture": "#0"}
			}
		},
		{
			"from": [2, 16, 2],
			"to": [12, 27, 12],
			"faces": {
				"north": {"uv": [4, 4, 6.5, 6.75], "texture": "#0"},
				"east": {"uv": [6.5, 4, 9, 6.75], "texture": "#0"},
				"south": {"uv": [4, 4, 6.5, 6.75], "texture": "#0"},
				"west": {"uv": [6.5, 4, 9, 6.75], "texture": "#0"},
				"up": {"uv": [11.5, 6.5, 9, 4], "texture": "#0"},
				"down": {"uv": [11.5, 6.5, 9, 4], "texture": "#0"}
			}
		},
		{
			"from": [4, 14, 13],
			"to": [16, 26, 13],
			"rotation": {"angle": -45, "axis": "y", "origin": [13, 20, 20]},
			"faces": {
				"north": {"uv": [3, 8, 0, 11], "texture": "#0"},
				"east": {"uv": [0, 0, 0, 1.5], "texture": "#0"},
				"south": {"uv": [0, 8, 3, 11], "texture": "#0"},
				"west": {"uv": [0, 0, 0, 1.5], "texture": "#0"},
				"up": {"uv": [1.5, 0, 0, 0], "texture": "#0"},
				"down": {"uv": [1.5, 0, 0, 0], "texture": "#0"}
			}
		}
	],
	"display": {
		"head": {
			"translation": [0, -33, 0],
			"scale": [1.7, 1.7, 1.7]
		}
	}
}