{
	"credit": "Made with Blockbench",
	"texture_size": [128, 128],
	"textures": {
		"0": "item/mobs/astrum_deus_head",
		"particle": "item/mobs/astrum_deus_head"
	},
	"elements": [
		{
			"from": [0, 0, 0],
			"to": [16, 16, 16],
			"rotation": {"angle": 22.5, "axis": "x", "origin": [8, 8, 8]},
			"faces": {
				"north": {"uv": [0, 0, 3.2, 3.2], "texture": "#0"},
				"east": {"uv": [0, 3.2, 3.2, 6.4], "texture": "#0"},
				"south": {"uv": [3.2, 0, 6.4, 3.2], "texture": "#0"},
				"west": {"uv": [3.2, 3.2, 6.4, 6.4], "texture": "#0"},
				"up": {"uv": [3.2, 9.6, 0, 6.4], "texture": "#0"},
				"down": {"uv": [9.6, 0, 6.4, 3.2], "texture": "#0"}
			}
		},
		{
			"from": [3, 2, 13],
			"to": [13, 13, 29],
			"faces": {
				"north": {"uv": [5.2, 8.6, 7.2, 10.8], "texture": "#0"},
				"east": {"uv": [3.2, 6.4, 6.4, 8.6], "texture": "#0"},
				"south": {"uv": [5.2, 8.6, 7.2, 10.8], "texture": "#0"},
				"west": {"uv": [6.4, 3.2, 9.6, 5.4], "texture": "#0"},
				"up": {"uv": [8.4, 8.6, 6.4, 5.4], "texture": "#0"},
				"down": {"uv": [10.4, 5.4, 8.4, 8.6], "texture": "#0"}
			}
		},
		{
			"from": [-4, 7, -16],
			"to": [0, 9, 7],
			"rotation": {"angle": -22.5, "axis": "y", "origin": [-5, 6, -6.5]},
			"faces": {
				"north": {"uv": [9.6, 9.4, 8.8, 9.8], "texture": "#0"},
				"east": {"uv": [8.8, 8.6, 13.4, 9], "texture": "#0"},
				"south": {"uv": [0, 9.6, 0.8, 10], "texture": "#0"},
				"west": {"uv": [8.8, 9, 13.4, 9.4], "texture": "#0"},
				"up": {"uv": [8, 13.2, 7.2, 8.6], "rotation": 180, "texture": "#0"},
				"down": {"uv": [8.8, 8.6, 8, 13.2], "texture": "#0"}
			}
		},
		{
			"from": [16, 7, -16],
			"to": [20, 9, 7],
			"rotation": {"angle": 22.5, "axis": "y", "origin": [21, 6, -6.5]},
			"faces": {
				"north": {"uv": [8.8, 9.4, 9.6, 9.8], "texture": "#0"},
				"east": {"uv": [13.4, 9, 8.8, 9.4], "texture": "#0"},
				"south": {"uv": [0, 9.6, 0.8, 10], "texture": "#0"},
				"west": {"uv": [13.4, 8.6, 8.8, 9], "texture": "#0"},
				"up": {"uv": [8, 13.2, 7.2, 8.6], "rotation": 180, "texture": "#0"},
				"down": {"uv": [8, 8.6, 8.8, 13.2], "texture": "#0"}
			}
		},
		{
			"from": [2, 7, -11],
			"to": [6, 7, 0],
			"rotation": {"angle": 0, "axis": "y", "origin": [0, 1, 0]},
			"faces": {
				"north": {"uv": [9.6, 0, 10.4, 2.2], "texture": "#0"},
				"east": {"uv": [9.6, 0, 10.4, 2.2], "texture": "#0"},
				"south": {"uv": [9.6, 0, 10.4, 2.2], "texture": "#0"},
				"west": {"uv": [9.6, 0, 10.4, 2.2], "texture": "#0"},
				"up": {"uv": [9.6, 0, 10.4, 2.2], "texture": "#0"},
				"down": {"uv": [9.6, 2.2, 10.4, 0], "texture": "#0"}
			}
		},
		{
			"from": [10, 7, -11],
			"to": [14, 7, 0],
			"rotation": {"angle": 0, "axis": "y", "origin": [16, 1, 0]},
			"faces": {
				"north": {"uv": [9.6, 0, 10.4, 2.2], "texture": "#0"},
				"east": {"uv": [9.6, 0, 10.4, 2.2], "texture": "#0"},
				"south": {"uv": [9.6, 0, 10.4, 2.2], "texture": "#0"},
				"west": {"uv": [9.6, 0, 10.4, 2.2], "texture": "#0"},
				"up": {"uv": [10.4, 0, 9.6, 2.2], "texture": "#0"},
				"down": {"uv": [9.6, 0, 10.4, 2.2], "rotation": 180, "texture": "#0"}
			}
		},
		{
			"from": [-7, 8, 3],
			"to": [0, 8, 12],
			"faces": {
				"north": {"uv": [11, 2.2, 9.6, 4], "texture": "#0"},
				"east": {"uv": [11, 2.2, 9.6, 4], "texture": "#0"},
				"south": {"uv": [11, 2.2, 9.6, 4], "texture": "#0"},
				"west": {"uv": [11, 2.2, 9.6, 4], "texture": "#0"},
				"up": {"uv": [11, 2.2, 9.6, 4], "texture": "#0"},
				"down": {"uv": [11, 4, 9.6, 2.2], "texture": "#0"}
			}
		},
		{
			"from": [16, 8, 3],
			"to": [23, 8, 12],
			"rotation": {"angle": 0, "axis": "y", "origin": [16, 0, 0]},
			"faces": {
				"north": {"uv": [11, 2.2, 9.6, 4], "texture": "#0"},
				"east": {"uv": [11, 2.2, 9.6, 4], "texture": "#0"},
				"south": {"uv": [11, 2.2, 9.6, 4], "texture": "#0"},
				"west": {"uv": [11, 2.2, 9.6, 4], "texture": "#0"},
				"up": {"uv": [9.6, 2.2, 11, 4], "texture": "#0"},
				"down": {"uv": [11, 2.2, 9.6, 4], "rotation": 180, "texture": "#0"}
			}
		}
	],
	"display": {
		"head": {
			"scale": [2, 2, 2]
		}
	}
}