{
	"credit": "Made with Blockbench",
	"texture_size": [64, 64],
	"textures": {
		"0": "item/mobs/titan_arm",
		"particle": "item/mobs/titan_arm"
	},
	"elements": [
		{
			"from": [0, -2, 1],
			"to": [16, 30, 15],
			"faces": {
				"north": {"uv": [0, 0, 4, 8], "texture": "#0"},
				"east": {"uv": [0, 8, 3.5, 16], "texture": "#0"},
				"south": {"uv": [4, 0, 8, 8], "texture": "#0"},
				"west": {"uv": [8, 0, 11.5, 8], "texture": "#0"},
				"up": {"uv": [7.5, 11.5, 3.5, 8], "texture": "#0"},
				"down": {"uv": [11.5, 8, 7.5, 11.5], "texture": "#0"}
			}
		},
		{
			"from": [6, -2, -4],
			"to": [10, 0, 1],
			"faces": {
				"north": {"uv": [11.5, 8, 12.5, 8.5], "texture": "#0"},
				"east": {"uv": [7, 11.5, 8.25, 12], "texture": "#0"},
				"south": {"uv": [8.25, 11.5, 9.25, 12], "texture": "#0"},
				"west": {"uv": [11.5, 7.5, 12.75, 8], "texture": "#0"},
				"up": {"uv": [7, 12.75, 6, 11.5], "texture": "#0"},
				"down": {"uv": [12.5, 6.25, 11.5, 7.5], "texture": "#0"}
			}
		},
		{
			"from": [15, -2, -1],
			"to": [19, 0, 4],
			"rotation": {"angle": -45, "axis": "y", "origin": [18, -1, 0.5]},
			"faces": {
				"north": {"uv": [11.5, 8, 12.5, 8.5], "texture": "#0"},
				"east": {"uv": [7, 11.5, 8.25, 12], "texture": "#0"},
				"south": {"uv": [8.25, 11.5, 9.25, 12], "texture": "#0"},
				"west": {"uv": [11.5, 7.5, 12.75, 8], "texture": "#0"},
				"up": {"uv": [7, 12.75, 6, 11.5], "texture": "#0"},
				"down": {"uv": [12.5, 6.25, 11.5, 7.5], "texture": "#0"}
			}
		},
		{
			"from": [-3, -2, -1],
			"to": [1, 0, 4],
			"rotation": {"angle": 45, "axis": "y", "origin": [-2, -1, 0.5]},
			"faces": {
				"north": {"uv": [11.5, 8, 12.5, 8.5], "texture": "#0"},
				"east": {"uv": [7, 11.5, 8.25, 12], "texture": "#0"},
				"south": {"uv": [8.25, 11.5, 9.25, 12], "texture": "#0"},
				"west": {"uv": [11.5, 7.5, 12.75, 8], "texture": "#0"},
				"up": {"uv": [7, 12.75, 6, 11.5], "texture": "#0"},
				"down": {"uv": [12.5, 6.25, 11.5, 7.5], "texture": "#0"}
			}
		},
		{
			"from": [-6, 27, 5],
			"to": [4, 32, 10],
			"faces": {
				"north": {"uv": [11.5, 0, 14, 1.25], "texture": "#0"},
				"east": {"uv": [11.5, 3.75, 12.75, 5], "texture": "#0"},
				"south": {"uv": [11.5, 1.25, 14, 2.5], "texture": "#0"},
				"west": {"uv": [11.5, 5, 12.75, 6.25], "texture": "#0"},
				"up": {"uv": [14, 3.75, 11.5, 2.5], "texture": "#0"},
				"down": {"uv": [6, 11.5, 3.5, 12.75], "texture": "#0"}
			}
		}
	],
	"display": {
		"head": {
			"translation": [0, -29.2, 0],
			"scale": [1.6, 1.6, 1.6]
		}
	}
}