{
	"credit": "Made with Blockbench",
	"texture_size": [64, 64],
	"textures": {
		"2": "item/mobs/atlas_head",
		"particle": "item/mobs/atlas_head"
	},
	"elements": [
		{
			"name": "head",
			"from": [2.9, 20, -5],
			"to": [13.1, 31, 13],
			"rotation": {"angle": -22.5, "axis": "x", "origin": [8.5, 18.5, 12]},
			"faces": {
				"north": {"uv": [0, 5.5, 2.5, 8.25], "texture": "#2"},
				"east": {"uv": [0, 0, 4.5, 2.75], "texture": "#2"},
				"south": {"uv": [7, 0, 9.5, 2.75], "texture": "#2"},
				"west": {"uv": [0, 2.75, 4.5, 5.5], "texture": "#2"},
				"up": {"uv": [7, 4.5, 4.5, 0], "texture": "#2"},
				"down": {"uv": [7, 4.5, 4.5, 9], "texture": "#2"}
			}
		},
		{
			"name": "head",
			"from": [13.1, 20, -5],
			"to": [2.9, 31, 13],
			"rotation": {"angle": -22.5, "axis": "x", "origin": [8.5, 18.5, 12]},
			"faces": {
				"north": {"uv": [0, 5.5, 2.5, 8.25], "texture": "#2"},
				"east": {"uv": [0, 0, 4.5, 2.75], "texture": "#2"},
				"south": {"uv": [7, 0, 9.5, 2.75], "texture": "#2"},
				"west": {"uv": [0, 2.75, 4.5, 5.5], "texture": "#2"},
				"up": {"uv": [7, 4.5, 4.5, 0], "texture": "#2"},
				"down": {"uv": [7, 4.5, 4.5, 9], "texture": "#2"}
			}
		}
	],
	"display": {
		"head": {
			"translation": [0, -6.3, 0],
			"scale": [1.7, 1.7, 1.7]
		}
	}
}