{
	"credit": "Made with Blockbench",
	"texture_size": [64, 64],
	"textures": {
		"3": "item/mobs/cetus/cetus_jaw",
		"particle": "item/mobs/cetus/cetus_jaw"
	},
	"elements": [
		{
			"from": [8, 0, -9],
			"to": [24, 32, 23],
			"faces": {
				"north": {"uv": [8, 0, 12, 8], "texture": "#3"},
				"east": {"uv": [0, 0, 8, 8], "texture": "#3"},
				"up": {"uv": [16, 8, 12, 0], "texture": "#3"},
				"down": {"uv": [16, 8, 12, 16], "texture": "#3"}
			}
		},
		{
			"from": [8, 32, -9],
			"to": [24, 0, 23],
			"rotation": {"angle": 0, "axis": "y", "origin": [0, 16, 0]},
			"faces": {
				"north": {"uv": [8, 8, 12, 0], "texture": "#3"},
				"east": {"uv": [0, 8, 8, 0], "texture": "#3"},
				"up": {"uv": [16, 16, 12, 8], "texture": "#3"},
				"down": {"uv": [16, 0, 12, 8], "texture": "#3"}
			}
		}
	],
	"display": {
		"head": {
			"translation": [0, -32, -40],
			"scale": [3.2, 3.2, 3.2]
		}
	}
}