{
	"credit": "Made with Blockbench",
	"texture_size": [32, 32],
	"textures": {
		"2": "item/mobs/flames/sightseer_flame",
		"4": "item/mobs/cetus/cetus_fin",
		"particle": "item/mobs/cetus/cetus_fin"
	},
	"elements": [
		{
			"from": [-16, 0, -16],
			"to": [8, 3, -4],
			"faces": {
				"north": {"uv": [0, 6, 12, 7.5], "texture": "#4"},
				"east": {"uv": [0, 9, 6, 10.5], "texture": "#4"},
				"south": {"uv": [0, 7.5, 12, 9], "texture": "#4"},
				"west": {"uv": [6, 9, 12, 10.5], "texture": "#4"},
				"up": {"uv": [12, 6, 0, 0], "texture": "#4"},
				"down": {"uv": [12, 0, 0, 6], "texture": "#4"}
			}
		},
		{
			"from": [-10, 0, -4],
			"to": [-10, 3, 28],
			"faces": {
				"north": {"uv": [0, 0, 0, 3], "texture": "#missing"},
				"east": {"uv": [16, 3, 0, 6], "texture": "#2"},
				"south": {"uv": [0, 0, 0, 3], "texture": "#missing"},
				"west": {"uv": [0, 3, 16, 6], "texture": "#2"},
				"up": {"uv": [0, 0, 0, 16], "texture": "#missing"},
				"down": {"uv": [0, 0, 0, 16], "texture": "#missing"}
			}
		},
		{
			"from": [1, 0, -4],
			"to": [1, 3, 28],
			"faces": {
				"north": {"uv": [0, 0, 0, 3], "texture": "#missing"},
				"east": {"uv": [16, 6, 0, 3], "texture": "#2"},
				"south": {"uv": [0, 0, 0, 3], "texture": "#missing"},
				"west": {"uv": [0, 6, 16, 3], "texture": "#2"},
				"up": {"uv": [0, 0, 0, 16], "texture": "#missing"},
				"down": {"uv": [0, 0, 0, 16], "texture": "#missing"}
			}
		}
	],
	"display": {
		"head": {
			"translation": [0, 16, 60],
			"scale": [3.2, 3.2, 3.2]
		}
	}
}