{
	"credit": "Made with Blockbench",
	"texture_size": [128, 128],
	"textures": {
		"0": "item/mobs/cosmic_jelly_bean",
		"particle": "item/mobs/cosmic_jelly_bean"
	},
	"elements": [
		{
			"from": [0, 0, -4],
			"to": [16, 14, 20],
			"faces": {
				"north": {"uv": [0, 5.75, 2, 7.5], "texture": "#0"},
				"east": {"uv": [8.5, 5.25, 5.5, 7], "texture": "#0"},
				"south": {"uv": [2, 6.5, 4, 8.25], "texture": "#0"},
				"west": {"uv": [5.5, 5.25, 8.5, 7], "texture": "#0"},
				"up": {"uv": [5.5, 6.5, 3.5, 3.5], "texture": "#0"},
				"down": {"uv": [7, 0, 5, 3], "texture": "#0"}
			}
		},
		{
			"from": [2, 0, 21],
			"to": [14, 11, 26],
			"faces": {
				"north": {"uv": [4, 6.5, 5.5, 7.875], "texture": "#0"},
				"east": {"uv": [8, 1.375, 7.375, 2.75], "texture": "#0"},
				"south": {"uv": [7, 0, 8.5, 1.375], "texture": "#0"},
				"west": {"uv": [7.375, 1.375, 8, 2.75], "texture": "#0"},
				"up": {"uv": [3.5, 6.375, 2, 5.75], "texture": "#0"},
				"down": {"uv": [2, 5.75, 3.5, 6.375], "texture": "#0"}
			}
		},
		{
			"from": [-2, -2, -6],
			"to": [18, 16, 22],
			"faces": {
				"north": {"uv": [5.5, 3, 8, 5.25], "texture": "#0"},
				"east": {"uv": [0, 3.5, 3.5, 5.75], "texture": "#0"},
				"south": {"uv": [5.5, 3, 8, 5.25], "texture": "#0"},
				"west": {"uv": [0, 3.5, 3.5, 5.75], "texture": "#0"},
				"up": {"uv": [2.5, 3.5, 0, 0], "texture": "#0"},
				"down": {"uv": [5, 0, 2.5, 3.5], "texture": "#0"}
			}
		},
		{
			"from": [1, 12, 1],
			"to": [4, 18, 4],
			"rotation": {"angle": 22.5, "axis": "x", "origin": [2.5, 16, 1.5]},
			"faces": {
				"north": {"uv": [7, 1.375, 7.375, 2.125], "texture": "#0"},
				"east": {"uv": [7, 2.125, 7.375, 2.875], "texture": "#0"},
				"south": {"uv": [5.5, 7, 5.875, 7.75], "texture": "#0"},
				"west": {"uv": [5.875, 7, 6.25, 7.75], "texture": "#0"},
				"up": {"uv": [5.375, 3.375, 5, 3], "texture": "#0"}
			}
		},
		{
			"from": [0, 13, 8],
			"to": [3, 19, 11],
			"rotation": {"angle": 22.5, "axis": "x", "origin": [1.5, 17, 8.5]},
			"faces": {
				"north": {"uv": [7, 1.375, 7.375, 2.125], "texture": "#0"},
				"east": {"uv": [7, 2.125, 7.375, 2.875], "texture": "#0"},
				"south": {"uv": [5.5, 7, 5.875, 7.75], "texture": "#0"},
				"west": {"uv": [5.875, 7, 6.25, 7.75], "texture": "#0"},
				"up": {"uv": [5.375, 3.375, 5, 3], "texture": "#0"}
			}
		},
		{
			"from": [1, 12, 15],
			"to": [4, 18, 18],
			"rotation": {"angle": 22.5, "axis": "x", "origin": [2.5, 16, 15.5]},
			"faces": {
				"north": {"uv": [7, 1.375, 7.375, 2.125], "texture": "#0"},
				"east": {"uv": [7, 2.125, 7.375, 2.875], "texture": "#0"},
				"south": {"uv": [5.5, 7, 5.875, 7.75], "texture": "#0"},
				"west": {"uv": [5.875, 7, 6.25, 7.75], "texture": "#0"},
				"up": {"uv": [5.375, 3.375, 5, 3], "texture": "#0"}
			}
		},
		{
			"from": [12, 12, 1],
			"to": [15, 18, 4],
			"rotation": {"angle": 22.5, "axis": "x", "origin": [13.5, 16, 1.5]},
			"faces": {
				"north": {"uv": [7.375, 1.375, 7, 2.125], "texture": "#0"},
				"east": {"uv": [6.25, 7, 5.875, 7.75], "texture": "#0"},
				"south": {"uv": [5.875, 7, 5.5, 7.75], "texture": "#0"},
				"west": {"uv": [7.375, 2.125, 7, 2.875], "texture": "#0"},
				"up": {"uv": [5, 3.375, 5.375, 3], "texture": "#0"}
			}
		},
		{
			"from": [13, 13, 8],
			"to": [16, 19, 11],
			"rotation": {"angle": 22.5, "axis": "x", "origin": [14.5, 17, 8.5]},
			"faces": {
				"north": {"uv": [7.375, 1.375, 7, 2.125], "texture": "#0"},
				"east": {"uv": [6.25, 7, 5.875, 7.75], "texture": "#0"},
				"south": {"uv": [5.875, 7, 5.5, 7.75], "texture": "#0"},
				"west": {"uv": [7.375, 2.125, 7, 2.875], "texture": "#0"},
				"up": {"uv": [5, 3.375, 5.375, 3], "texture": "#0"}
			}
		},
		{
			"from": [12, 12, 15],
			"to": [15, 18, 18],
			"rotation": {"angle": 22.5, "axis": "x", "origin": [13.5, 16, 15.5]},
			"faces": {
				"north": {"uv": [7.375, 1.375, 7, 2.125], "texture": "#0"},
				"east": {"uv": [6.25, 7, 5.875, 7.75], "texture": "#0"},
				"south": {"uv": [5.875, 7, 5.5, 7.75], "texture": "#0"},
				"west": {"uv": [7.375, 2.125, 7, 2.875], "texture": "#0"},
				"up": {"uv": [5, 3.375, 5.375, 3], "texture": "#0"}
			}
		}
	],
	"display": {
		"head": {
			"translation": [0, -28, 0],
			"scale": [2, 2, 2]
		}
	}
}