{
	"credit": "Made with Blockbench",
	"textures": {
		"0": "item/mobs/hiveling",
		"2": "item/mobs/flames/hiveling_flame",
		"particle": "item/mobs/hiveling"
	},
	"elements": [
		{
			"from": [6.5, 7, 5],
			"to": [9.5, 11, 7],
			"faces": {
				"north": {"uv": [0, 0, 3, 4], "texture": "#0"},
				"east": {"uv": [0, 4, 2, 8], "texture": "#0"},
				"south": {"uv": [3, 0, 6, 4], "texture": "#0"},
				"west": {"uv": [2, 4, 4, 8], "texture": "#0"},
				"up": {"uv": [9, 4, 6, 2], "texture": "#0"},
				"down": {"uv": [10, 4, 7, 6], "texture": "#0"}
			}
		},
		{
			"from": [9.5, 7, 5],
			"to": [6.5, 11, 7],
			"faces": {
				"north": {"uv": [0, 0, 3, 4], "texture": "#0"},
				"east": {"uv": [0, 4, 2, 8], "texture": "#0"},
				"south": {"uv": [3, 0, 6, 4], "texture": "#0"},
				"west": {"uv": [2, 4, 4, 8], "texture": "#0"},
				"up": {"uv": [9, 4, 6, 2], "texture": "#0"},
				"down": {"uv": [10, 4, 7, 6], "texture": "#0"}
			}
		},
		{
			"from": [8, 8, 7],
			"to": [8, 11, 11],
			"faces": {
				"north": {"uv": [0, 0, 0, 3], "texture": "#2"},
				"east": {"uv": [8, 10, 0, 16], "texture": "#2"},
				"south": {"uv": [0, 0, 0, 3], "texture": "#2"},
				"west": {"uv": [0, 10, 8, 16], "texture": "#2"},
				"up": {"uv": [0, 0, 0, 4], "texture": "#2"},
				"down": {"uv": [0, 0, 0, 4], "texture": "#2"}
			}
		},
		{
			"from": [7, 7, 6],
			"to": [9, 9, 9],
			"rotation": {"angle": 22.5, "axis": "x", "origin": [8, 8, 7.5]},
			"faces": {
				"north": {"uv": [0, 8, 2, 10], "texture": "#0"},
				"east": {"uv": [4, 4, 7, 6], "texture": "#0"},
				"south": {"uv": [2, 8, 4, 10], "texture": "#0"},
				"west": {"uv": [6, 0, 9, 2], "texture": "#0"},
				"up": {"uv": [6, 9, 4, 6], "texture": "#0"},
				"down": {"uv": [8, 6, 6, 9], "texture": "#0"}
			}
		},
		{
			"from": [6, 8, 7],
			"to": [6, 12, 11],
			"rotation": {"angle": -22.5, "axis": "y", "origin": [6, 10, 8.5]},
			"faces": {
				"north": {"uv": [0, 0, 0, 4], "texture": "#2"},
				"east": {"uv": [8, 0, 0, 8], "texture": "#2"},
				"south": {"uv": [0, 0, 0, 4], "texture": "#2"},
				"west": {"uv": [0, 0, 8, 8], "texture": "#2"},
				"up": {"uv": [0, 0, 0, 4], "texture": "#2"},
				"down": {"uv": [0, 0, 0, 4], "texture": "#2"}
			}
		},
		{
			"from": [10, 8, 7],
			"to": [10, 12, 11],
			"rotation": {"angle": 22.5, "axis": "y", "origin": [10, 10, 8.5]},
			"faces": {
				"north": {"uv": [0, 0, 0, 4], "texture": "#2"},
				"east": {"uv": [8, 0, 0, 8], "texture": "#2"},
				"south": {"uv": [0, 0, 0, 4], "texture": "#2"},
				"west": {"uv": [0, 0, 8, 8], "texture": "#2"},
				"up": {"uv": [0, 0, 0, 4], "texture": "#2"},
				"down": {"uv": [0, 0, 0, 4], "texture": "#2"}
			}
		}
	],
	"display": {
		"head": {
			"scale": [1.6, 1.6, 1.6]
		}
	}
}
