{
	"credit": "Made with Blockbench",
	"texture_size": [64, 64],
	"textures": {
		"1": "item/mobs/mantis_body"
	},
	"elements": [
		{
			"from": [4, 3, 6],
			"to": [12, 9, 12],
			"faces": {
				"north": {"uv": [2.5, 0, 4.5, 1.5], "texture": "#1"},
				"east": {"uv": [4, 3, 5.5, 4.5], "texture": "#1"},
				"south": {"uv": [2.5, 1.5, 4.5, 3], "texture": "#1"},
				"west": {"uv": [0, 4.5, 1.5, 6], "texture": "#1"},
				"up": {"uv": [2, 4.5, 0, 3], "texture": "#1"},
				"down": {"uv": [4, 3, 2, 4.5], "texture": "#1"}
			}
		},
		{
			"from": [5, -2, 8],
			"to": [11, 4, 12],
			"rotation": {"angle": -22.5, "axis": "x", "origin": [8, 0, 9]},
			"faces": {
				"north": {"uv": [4.5, 0, 6, 1.5], "texture": "#1"},
				"east": {"uv": [4.5, 1.5, 5.5, 3], "texture": "#1"},
				"south": {"uv": [1.5, 4.5, 3, 6], "texture": "#1"},
				"west": {"uv": [6, 0.75, 7, 2.25], "texture": "#1"},
				"up": {"uv": [7.5, 3.25, 6, 2.25], "texture": "#1"},
				"down": {"uv": [7.5, 3.25, 6, 4.25], "texture": "#1"}
			}
		},
		{
			"from": [6, -3, 9],
			"to": [10, 0, 18],
			"faces": {
				"north": {"uv": [7, 0.75, 8, 1.5], "texture": "#1"},
				"east": {"uv": [6, 0, 8.25, 0.75], "texture": "#1"},
				"south": {"uv": [7, 1.5, 8, 2.25], "texture": "#1"},
				"west": {"uv": [0.5, 6, 2.75, 6.75], "texture": "#1"},
				"up": {"uv": [4, 6.75, 3, 4.5], "texture": "#1"},
				"down": {"uv": [5, 4.5, 4, 6.75], "texture": "#1"}
			}
		},
		{
			"from": [14.41017, -15, 2],
			"to": [16.41017, 1, 4],
			"rotation": {"angle": -22.5, "axis": "z", "origin": [16.65128, -4.01166, 3]},
			"faces": {
				"north": {"uv": [5, 4.5, 5.5, 8.5], "texture": "#1"},
				"east": {"uv": [5.5, 1.5, 6, 5.5], "texture": "#1"},
				"south": {"uv": [5.5, 5.5, 6, 9.5], "texture": "#1"},
				"west": {"uv": [0, 6, 0.5, 10], "texture": "#1"},
				"up": {"uv": [7, 7.75, 6.5, 7.25], "texture": "#1"},
				"down": {"uv": [8, 2.25, 7.5, 2.75], "texture": "#1"}
			}
		},
		{
			"from": [9, -1, 6],
			"to": [18, 1, 6],
			"rotation": {"angle": 45, "axis": "y", "origin": [13.5, 0, 6]},
			"faces": {
				"north": {"uv": [6, 4.25, 8.25, 4.75], "texture": "#1"},
				"east": {"uv": [0, 0, 0, 0.5], "texture": "#1"},
				"south": {"uv": [6, 4.75, 8.25, 5.25], "texture": "#1"},
				"west": {"uv": [0, 0, 0, 0.5], "texture": "#1"},
				"up": {"uv": [2.25, 0, 0, 0], "texture": "#1"},
				"down": {"uv": [2.25, 0, 0, 0], "texture": "#1"}
			}
		},
		{
			"from": [11.41017, -15, 15],
			"to": [13.41017, 1, 17],
			"rotation": {"angle": 22.5, "axis": "x", "origin": [13.65128, -4.01166, 17]},
			"faces": {
				"north": {"uv": [6, 5.5, 5.5, 9.5], "texture": "#1"},
				"east": {"uv": [6, 1.5, 5.5, 5.5], "texture": "#1"},
				"south": {"uv": [5.5, 4.5, 5, 8.5], "texture": "#1"},
				"west": {"uv": [0.5, 6, 0, 10], "texture": "#1"},
				"up": {"uv": [7, 7.25, 6.5, 7.75], "texture": "#1"},
				"down": {"uv": [8, 2.75, 7.5, 2.25], "texture": "#1"}
			}
		},
		{
			"from": [6, -1, 14],
			"to": [15, 1, 14],
			"rotation": {"angle": -45, "axis": "y", "origin": [10.5, 0, 14]},
			"faces": {
				"north": {"uv": [8.25, 4.75, 6, 5.25], "texture": "#1"},
				"east": {"uv": [0, 0, 0, 0.5], "texture": "#1"},
				"south": {"uv": [8.25, 4.25, 6, 4.75], "texture": "#1"},
				"west": {"uv": [0, 0, 0, 0.5], "texture": "#1"},
				"up": {"uv": [2.25, 0, 0, 0], "texture": "#1"},
				"down": {"uv": [2.25, 0, 0, 0], "texture": "#1"}
			}
		},
		{
			"from": [12, 3.5, 9.25],
			"to": [16, 7.5, 13.25],
			"rotation": {"angle": -22.5, "axis": "x", "origin": [8, 2.625, 5.875]},
			"faces": {
				"north": {"uv": [4.5, 6.75, 3.5, 7.75], "rotation": 180, "texture": "#1"},
				"east": {"uv": [6, 6.25, 7, 7.25], "rotation": 270, "texture": "#1"},
				"south": {"uv": [3.5, 7.75, 2.5, 6.75], "texture": "#1"},
				"west": {"uv": [1.5, 6.75, 2.5, 7.75], "rotation": 90, "texture": "#1"},
				"up": {"uv": [6, 5.25, 7, 6.25], "rotation": 180, "texture": "#1"},
				"down": {"uv": [0.5, 6.75, 1.5, 7.75], "texture": "#1"}
			}
		},
		{
			"from": [13, 4.5, 3.25],
			"to": [15, 6.5, 10.25],
			"rotation": {"angle": -22.5, "axis": "x", "origin": [8, 2.625, 5.875]},
			"faces": {
				"north": {"uv": [8, 3.25, 7.5, 3.75], "rotation": 180, "texture": "#1"},
				"east": {"uv": [7, 5.25, 7.5, 7], "rotation": 270, "texture": "#1"},
				"south": {"uv": [8, 3.25, 7.5, 2.75], "texture": "#1"},
				"west": {"uv": [6, 7.25, 6.5, 9], "rotation": 90, "texture": "#1"},
				"up": {"uv": [4.5, 6.75, 5, 8.5], "rotation": 180, "texture": "#1"},
				"down": {"uv": [7, 7, 7.5, 8.75], "texture": "#1"}
			}
		},
		{
			"from": [13, 6.5, 3.25],
			"to": [15, 12.5, 5.25],
			"rotation": {"angle": -22.5, "axis": "x", "origin": [8, 2.625, 5.875]},
			"faces": {
				"north": {"uv": [7, 7, 7.5, 8.5], "rotation": 180, "texture": "#1"},
				"east": {"uv": [7, 5.25, 7.5, 6.75], "texture": "#1"},
				"south": {"uv": [4.5, 6.75, 5, 8.25], "texture": "#1"},
				"west": {"uv": [6, 7.25, 6.5, 8.75], "rotation": 180, "texture": "#1"},
				"up": {"uv": [8, 3.25, 7.5, 3.75], "rotation": 180, "texture": "#1"}
			}
		},
		{
			"from": [14, 11.5, -4.75],
			"to": [14, 16.5, 7.25],
			"rotation": {"angle": -22.5, "axis": "x", "origin": [8, 2.625, 5.875]},
			"faces": {
				"north": {"uv": [0, 0, 0, 1.25], "rotation": 180, "texture": "#1"},
				"east": {"uv": [2.5, 0, 1.25, 3], "rotation": 270, "texture": "#1"},
				"south": {"uv": [0, 1.25, 0, 0], "texture": "#1"},
				"west": {"uv": [1.25, 0, 2.5, 3], "rotation": 90, "texture": "#1"},
				"up": {"uv": [0, 0, 0, 3], "rotation": 180, "texture": "#1"},
				"down": {"uv": [0, 0, 0, 3], "texture": "#1"}
			}
		},
		{
			"from": [0, 3.5, 9.25],
			"to": [4, 7.5, 13.25],
			"rotation": {"angle": -22.5, "axis": "x", "origin": [8, 2.625, 5.875]},
			"faces": {
				"north": {"uv": [3.5, 6.75, 4.5, 7.75], "rotation": 180, "texture": "#1"},
				"east": {"uv": [2.5, 6.75, 1.5, 7.75], "rotation": 270, "texture": "#1"},
				"south": {"uv": [2.5, 7.75, 3.5, 6.75], "texture": "#1"},
				"west": {"uv": [7, 6.25, 6, 7.25], "rotation": 90, "texture": "#1"},
				"up": {"uv": [7, 5.25, 6, 6.25], "rotation": 180, "texture": "#1"},
				"down": {"uv": [1.5, 6.75, 0.5, 7.75], "texture": "#1"}
			}
		},
		{
			"from": [1, 4.5, 3.25],
			"to": [3, 6.5, 10.25],
			"rotation": {"angle": -22.5, "axis": "x", "origin": [8, 2.625, 5.875]},
			"faces": {
				"north": {"uv": [7.5, 3.25, 8, 3.75], "rotation": 180, "texture": "#1"},
				"east": {"uv": [6.5, 7.25, 6, 9], "rotation": 270, "texture": "#1"},
				"south": {"uv": [7.5, 3.25, 8, 2.75], "texture": "#1"},
				"west": {"uv": [7.5, 5.25, 7, 7], "rotation": 90, "texture": "#1"},
				"up": {"uv": [5, 6.75, 4.5, 8.5], "rotation": 180, "texture": "#1"},
				"down": {"uv": [7.5, 7, 7, 8.75], "texture": "#1"}
			}
		},
		{
			"from": [1, 6.5, 3.25],
			"to": [3, 12.5, 5.25],
			"rotation": {"angle": -22.5, "axis": "x", "origin": [8, 2.625, 5.875]},
			"faces": {
				"north": {"uv": [7, 7, 7.5, 8.5], "rotation": 180, "texture": "#1"},
				"east": {"uv": [7, 7, 7.5, 8.5], "rotation": 180, "texture": "#1"},
				"south": {"uv": [5, 6.75, 5.5, 8.25], "texture": "#1"},
				"west": {"uv": [7, 6.75, 7.5, 8.25], "rotation": 180, "texture": "#1"},
				"up": {"uv": [8, 3.25, 7.5, 3.75], "rotation": 180, "texture": "#1"}
			}
		},
		{
			"from": [2, 11.5, -4.75],
			"to": [2, 16.5, 7.25],
			"rotation": {"angle": -22.5, "axis": "x", "origin": [8, 2.625, 5.875]},
			"faces": {
				"north": {"uv": [0, 0, 0, 1.25], "rotation": 180, "texture": "#1"},
				"east": {"uv": [2.5, 0, 1.25, 3], "rotation": 270, "texture": "#1"},
				"south": {"uv": [0, 1.25, 0, 0], "texture": "#1"},
				"west": {"uv": [1.25, 0, 2.5, 3], "rotation": 90, "texture": "#1"},
				"up": {"uv": [0, 0, 0, 3], "rotation": 180, "texture": "#1"},
				"down": {"uv": [0, 0, 0, 3], "texture": "#1"}
			}
		},
		{
			"from": [-0.41017, -15, 2],
			"to": [1.58983, 1, 4],
			"rotation": {"angle": 22.5, "axis": "z", "origin": [-0.65128, -4.01166, 3]},
			"faces": {
				"north": {"uv": [5.5, 4.5, 5, 8.5], "texture": "#1"},
				"east": {"uv": [0.5, 6, 0, 10], "texture": "#1"},
				"south": {"uv": [6, 5.5, 5.5, 9.5], "texture": "#1"},
				"west": {"uv": [6, 1.5, 5.5, 5.5], "texture": "#1"},
				"up": {"uv": [6.5, 7.75, 7, 7.25], "texture": "#1"},
				"down": {"uv": [7.5, 2.25, 8, 2.75], "texture": "#1"}
			}
		},
		{
			"from": [-2, -1, 6],
			"to": [7, 1, 6],
			"rotation": {"angle": -45, "axis": "y", "origin": [2.5, 0, 6]},
			"faces": {
				"north": {"uv": [8.25, 4.25, 6, 4.75], "texture": "#1"},
				"east": {"uv": [0, 0, 0, 0.5], "texture": "#1"},
				"south": {"uv": [8.25, 4.75, 6, 5.25], "texture": "#1"},
				"west": {"uv": [0, 0, 0, 0.5], "texture": "#1"},
				"up": {"uv": [0, 0, 2.25, 0], "texture": "#1"},
				"down": {"uv": [0, 0, 2.25, 0], "texture": "#1"}
			}
		},
		{
			"from": [2.58983, -15, 15],
			"to": [4.58983, 1, 17],
			"rotation": {"angle": 22.5, "axis": "x", "origin": [2.34872, -4.01166, 17]},
			"faces": {
				"north": {"uv": [5.5, 5.5, 6, 9.5], "texture": "#1"},
				"east": {"uv": [0, 6, 0.5, 10], "texture": "#1"},
				"south": {"uv": [5, 4.5, 5.5, 8.5], "texture": "#1"},
				"west": {"uv": [5.5, 1.5, 6, 5.5], "texture": "#1"},
				"up": {"uv": [6.5, 7.25, 7, 7.75], "texture": "#1"},
				"down": {"uv": [7.5, 2.75, 8, 2.25], "texture": "#1"}
			}
		},
		{
			"from": [1, -1, 14],
			"to": [10, 1, 14],
			"rotation": {"angle": 45, "axis": "y", "origin": [5.5, 0, 14]},
			"faces": {
				"north": {"uv": [6, 4.75, 8.25, 5.25], "texture": "#1"},
				"east": {"uv": [0, 0, 0, 0.5], "texture": "#1"},
				"south": {"uv": [6, 4.25, 8.25, 4.75], "texture": "#1"},
				"west": {"uv": [0, 0, 0, 0.5], "texture": "#1"},
				"up": {"uv": [0, 0, 2.25, 0], "texture": "#1"},
				"down": {"uv": [0, 0, 2.25, 0], "texture": "#1"}
			}
		}
	],
	"display": {
		"head": {
			"translation": [0, -8, 0],
			"scale": [1.6, 1.6, 1.6]
		}
	},
	"groups": [0, 1, 2,
		{
			"name": "group",
			"origin": [0, 0, 0],
			"children": [3, 4]
		},
		{
			"name": "group",
			"origin": [0, 0, 0],
			"children": [5, 6]
		},
		{
			"name": "group",
			"origin": [0, 0, 0],
			"children": [7, 8, 9, 10]
		},
		{
			"name": "group",
			"origin": [0, 0, 0],
			"children": [11, 12, 13, 14]
		},
		{
			"name": "group",
			"origin": [0, 0, 0],
			"children": [15, 16]
		},
		{
			"name": "group",
			"origin": [0, 0, 0],
			"children": [17, 18]
		}
	]
}