{
    "credit": "Made with Blockbench", 
    "texture_size": [
        64, 
        64
    ], 
    "textures": {
        "main": "item/mobs/mantis_body_walk"
    }, 
    "elements": [
        {
            "from": [ 4, 3, 6 ], 
            "to":   [ 12, 9, 12 ], 
            "faces": {
                "north": { "uv": [ 1.25, 0, 2.25, 0.75 ], "texture": "#main" }, 
                "east":  { "uv": [ 2, 1.5, 2.75, 2.25 ], "texture": "#main" }, 
                "south": { "uv": [ 1.25, 0.75, 2.25, 1.5 ], "texture": "#main" }, 
                "west":  { "uv": [ 0, 2.25, 0.75, 3 ], "texture": "#main" }, 
                "up":    { "uv": [ 1, 2.25, 0, 1.5 ], "texture": "#main" }, 
                "down":  { "uv": [ 2, 1.5, 1, 2.25 ], "texture": "#main" }
            }
        }, 
        {
            "from": [ 5, -2, 8 ], 
            "to":   [ 11, 4, 12 ], 
            "rotation": { "angle": -22.5, "axis": "x", "origin": [8, 0, 9] }, 
            "faces": {
                "north": { "uv": [ 2.25, 0, 3, 0.75 ], "texture": "#main" }, 
                "east":  { "uv": [ 2.25, 0.75, 2.75, 1.5 ], "texture": "#main" }, 
                "south": { "uv": [ 0.75, 2.25, 1.5, 3 ], "texture": "#main" }, 
                "west":  { "uv": [ 3, 0.375, 3.5, 1.125 ], "texture": "#main" }, 
                "up":    { "uv": [ 3.75, 1.625, 3, 1.125 ], "texture": "#main" }, 
                "down":  { "uv": [ 3.75, 1.625, 3, 2.125 ], "texture": "#main" }
            }
        }, 
        {
            "from": [ 6, -3, 9 ], 
            "to":   [ 10, 0, 18 ], 
            "faces": {
                "north": { "uv": [ 3.5, 0.375, 4, 0.75 ], "texture": "#main" }, 
                "east":  { "uv": [ 3, 0, 4.125, 0.375 ], "texture": "#main" }, 
                "south": { "uv": [ 3.5, 0.75, 4, 1.125 ], "texture": "#main" }, 
                "west":  { "uv": [ 0.25, 3, 1.375, 3.375 ], "texture": "#main" }, 
                "up":    { "uv": [ 2, 3.375, 1.5, 2.25 ], "texture": "#main" }, 
                "down":  { "uv": [ 2.5, 2.25, 2, 3.375 ], "texture": "#main" }
            }
        }, 
        {
            "from": [ 17.41017, -15, 1 ], 
            "to":   [ 19.41017, 1, 3 ], 
            "rotation": { "angle": 22.5, "axis": "z", "origin": [16.65128, -4.01166, 2] }, 
            "faces": {
                "north": { "uv": [ 2.5, 2.25, 2.75, 4.25 ], "texture": "#main" }, 
                "east":  { "uv": [ 2.75, 0.75, 3, 2.75 ], "texture": "#main" }, 
                "south": { "uv": [ 2.75, 2.75, 3, 4.75 ], "texture": "#main" }, 
                "west":  { "uv": [ 0, 3, 0.25, 5 ], "texture": "#main" }, 
                "up":    { "uv": [ 3.5, 3.875, 3.25, 3.625 ], "texture": "#main" }, 
                "down":  { "uv": [ 4, 1.125, 3.75, 1.375 ], "texture": "#main" }
            }
        }, 
        {
            "from": [ 9, -1, 5 ], 
            "to":   [ 18, 1, 5 ], 
            "rotation": { "angle": 45, "axis": "y", "origin": [13.5, 0, 5] }, 
            "faces": {
                "north": { "uv": [ 3, 2.125, 4.125, 2.375 ], "texture": "#main" }, 
                "east":  { "uv": [ 0, 0, 0, 0.25 ], "texture": "#main" }, 
                "south": { "uv": [ 3, 2.375, 4.125, 2.625 ], "texture": "#main" }, 
                "west":  { "uv": [ 0, 0, 0, 0.25 ], "texture": "#main" }, 
                "up":    { "uv": [ 1.125, 0, 0, 0 ], "texture": "#main" }, 
                "down":  { "uv": [ 1.125, 0, 0, 0 ], "texture": "#main" }
            }
        }, 
        {
            "from": [ 14.41017, -16, 18 ], 
            "to":   [ 16.41017, 0, 20 ], 
            "rotation": { "angle": 22.5, "axis": "z", "origin": [13.65128, -5.01166, 19] }, 
            "faces": {
                "north": { "uv": [ 3, 2.75, 2.75, 4.75 ], "texture": "#main" }, 
                "east":  { "uv": [ 3, 0.75, 2.75, 2.75 ], "texture": "#main" }, 
                "south": { "uv": [ 2.75, 2.25, 2.5, 4.25 ], "texture": "#main" }, 
                "west":  { "uv": [ 0.25, 3, 0, 5 ], "texture": "#main" }, 
                "up":    { "uv": [ 3.5, 3.625, 3.25, 3.875 ], "texture": "#main" }, 
                "down":  { "uv": [ 4, 1.375, 3.75, 1.125 ], "texture": "#main" }
            }
        }, 
        {
            "from": [ 6, -2, 16 ], 
            "to":   [ 15, 0, 16 ], 
            "rotation": { "angle": -45, "axis": "y", "origin": [10.5, -1, 16] }, 
            "faces": {
                "north": { "uv": [ 4.125, 2.375, 3, 2.625 ], "texture": "#main" }, 
                "east":  { "uv": [ 0, 0, 0, 0.25 ], "texture": "#main" }, 
                "south": { "uv": [ 4.125, 2.125, 3, 2.375 ], "texture": "#main" }, 
                "west":  { "uv": [ 0, 0, 0, 0.25 ], "texture": "#main" }, 
                "up":    { "uv": [ 1.125, 0, 0, 0 ], "texture": "#main" }, 
                "down":  { "uv": [ 1.125, 0, 0, 0 ], "texture": "#main" }
            }
        }, 
        {
            "from": [ 12, 5, 5 ], 
            "to":   [ 16, 9, 9 ], 
            "rotation": { "angle": 22.5, "axis": "x", "origin": [8, 2.625, 5.875] }, 
            "faces": {
                "north": { "uv": [ 3, 2.625, 3.5, 3.125 ], "texture": "#main" }, 
                "east":  { "uv": [ 3, 3.125, 3.5, 3.625 ], "texture": "#main" }, 
                "south": { "uv": [ 0.25, 3.375, 0.75, 3.875 ], "texture": "#main" }, 
                "west":  { "uv": [ 0.75, 3.375, 1.25, 3.875 ], "texture": "#main" }, 
                "up":    { "uv": [ 1.75, 3.875, 1.25, 3.375 ], "texture": "#main" }, 
                "down":  { "uv": [ 2.25, 3.375, 1.75, 3.875 ], "texture": "#main" }
            }
        }, 
        {
            "from": [ 13, -1, 6 ], 
            "to":   [ 15, 6, 8 ], 
            "rotation": { "angle": 22.5, "axis": "x", "origin": [8, 2.625, 5.875] }, 
            "faces": {
                "north": { "uv": [ 2.25, 3.375, 2.5, 4.25 ], "texture": "#main" }, 
                "east":  { "uv": [ 3.5, 2.625, 3.75, 3.5 ], "texture": "#main" }, 
                "south": { "uv": [ 3.5, 3.5, 3.75, 4.375 ], "texture": "#main" }, 
                "west":  { "uv": [ 3, 3.625, 3.25, 4.5 ], "texture": "#main" }, 
                "up":    { "uv": [ 4, 1.625, 3.75, 1.375 ], "texture": "#main" }, 
                "down":  { "uv": [ 4, 1.625, 3.75, 1.875 ], "texture": "#main" }
            }
        }, 
        {
            "from": [ 13, -1, 0 ], 
            "to":   [ 15, 1, 6 ], 
            "rotation": { "angle": 22.5, "axis": "x", "origin": [8, 2.625, 5.875] }, 
            "faces": {
                "north": { "uv": [ 4, 1.625, 3.75, 1.875 ], "texture": "#main" }, 
                "east":  { "uv": [ 3.5, 2.625, 3.75, 3.375 ], "rotation":90, "texture": "#main" }, 
                "west":  { "uv": [ 3, 3.625, 3.25, 4.375 ], "rotation":90, "texture": "#main" }, 
                "up":    { "uv": [ 2.25, 3.375, 2.5, 4.125 ], "texture": "#main" }, 
                "down":  { "uv": [ 3.5, 3.5, 3.75, 4.25 ], "texture": "#main" }
            }
        }, 
        {
            "from": [ 14, -9, -4 ], 
            "to":   [ 14, 3, 1 ], 
            "rotation": { "angle": 22.5, "axis": "x", "origin": [8, 2.625, 5.875] }, 
            "faces": {
                "north": { "uv": [ 0, 0, 0, 1.5 ], "texture": "#main" }, 
                "east":  { "uv": [ 1.25, 0, 0.625, 1.5 ], "texture": "#main" }, 
                "south": { "uv": [ 0, 0, 0, 1.5 ], "texture": "#main" }, 
                "west":  { "uv": [ 0.625, 0, 1.25, 1.5 ], "texture": "#main" }, 
                "up":    { "uv": [ 0, 0.625, 0, 0 ], "texture": "#main" }, 
                "down":  { "uv": [ 0, 0, 0, 0.625 ], "texture": "#main" }
            }
        }, 
        {
            "from": [ 0, 5, 5 ], 
            "to":   [ 4, 9, 9 ], 
            "rotation": { "angle": 22.5, "axis": "x", "origin": [8, 2.625, 5.875] }, 
            "faces": {
                "north": { "uv": [ 3.5, 2.625, 3, 3.125 ], "texture": "#main" }, 
                "east":  { "uv": [ 1.25, 3.375, 0.75, 3.875 ], "texture": "#main" }, 
                "south": { "uv": [ 0.75, 3.375, 0.25, 3.875 ], "texture": "#main" }, 
                "west":  { "uv": [ 3.5, 3.125, 3, 3.625 ], "texture": "#main" }, 
                "up":    { "uv": [ 1.25, 3.875, 1.75, 3.375 ], "texture": "#main" }, 
                "down":  { "uv": [ 1.75, 3.375, 2.25, 3.875 ], "texture": "#main" }
            }
        }, 
        {
            "from": [ 1, -1, 6 ], 
            "to":   [ 3, 6, 8 ], 
            "rotation": { "angle": 22.5, "axis": "x", "origin": [8, 2.625, 5.875] }, 
            "faces": {
                "north": { "uv": [ 2.5, 3.375, 2.25, 4.25 ], "texture": "#main" }, 
                "east":  { "uv": [ 3.25, 3.625, 3, 4.5 ], "texture": "#main" }, 
                "south": { "uv": [ 3.75, 3.5, 3.5, 4.375 ], "texture": "#main" }, 
                "west":  { "uv": [ 3.75, 2.625, 3.5, 3.5 ], "texture": "#main" }, 
                "up":    { "uv": [ 3.75, 1.625, 4, 1.375 ], "texture": "#main" }, 
                "down":  { "uv": [ 3.75, 1.625, 4, 1.875 ], "texture": "#main" }
            }
        }, 
        {
            "from": [ 1, -1, 0 ], 
            "to":   [ 3, 1, 6 ], 
            "rotation": { "angle": 22.5, "axis": "x", "origin": [8, 2.625, 5.875] }, 
            "faces": {
                "north": { "uv": [ 4, 1.625, 3.75, 1.875 ], "texture": "#main" }, 
                "east":  { "uv": [ 3.5, 3.5, 3.75, 4.25 ], "rotation":270, "texture": "#main" }, 
                "west":  { "uv": [ 3.5, 3.375, 3.75, 4.125 ], "rotation":90, "texture": "#main" }, 
                "up":    { "uv": [ 2.25, 3.375, 2.5, 4.125 ], "texture": "#main" }, 
                "down":  { "uv": [ 3.5, 3.5, 3.75, 4.25 ], "texture": "#main" }
            }
        }, 
        {
            "from": [ 2, -9, -4 ], 
            "to":   [ 2, 3, 1 ], 
            "rotation": { "angle": 22.5, "axis": "x", "origin": [8, 2.625, 5.875] }, 
            "faces": {
                "north": { "uv": [ 0, 0, 0, 1.5 ], "texture": "#main" }, 
                "east":  { "uv": [ 1.25, 0, 0.625, 1.5 ], "texture": "#main" }, 
                "south": { "uv": [ 0, 0, 0, 1.5 ], "texture": "#main" }, 
                "west":  { "uv": [ 0.625, 0, 1.25, 1.5 ], "texture": "#main" }, 
                "up":    { "uv": [ 0, 0.625, 0, 0 ], "texture": "#main" }, 
                "down":  { "uv": [ 0, 0, 0, 0.625 ], "texture": "#main" }
            }
        }, 
        {
            "from": [ -3.41017, -16, 4 ], 
            "to":   [ -1.41017, 0, 6 ], 
            "rotation": { "angle": -22.5, "axis": "z", "origin": [-0.65128, -5.01166, 5] }, 
            "faces": {
                "north": { "uv": [ 2.75, 2.25, 2.5, 4.25 ], "texture": "#main" }, 
                "east":  { "uv": [ 0.25, 3, 0, 5 ], "texture": "#main" }, 
                "south": { "uv": [ 3, 2.75, 2.75, 4.75 ], "texture": "#main" }, 
                "west":  { "uv": [ 3, 0.75, 2.75, 2.75 ], "texture": "#main" }, 
                "up":    { "uv": [ 3.25, 3.875, 3.5, 3.625 ], "texture": "#main" }, 
                "down":  { "uv": [ 3.75, 1.125, 4, 1.375 ], "texture": "#main" }
            }
        }, 
        {
            "from": [ -2, -2, 8 ], 
            "to":   [ 7, 0, 8 ], 
            "rotation": { "angle": -45, "axis": "y", "origin": [2.5, -1, 8] }, 
            "faces": {
                "north": { "uv": [ 4.125, 2.125, 3, 2.375 ], "texture": "#main" }, 
                "east":  { "uv": [ 0, 0, 0, 0.25 ], "texture": "#main" }, 
                "south": { "uv": [ 4.125, 2.375, 3, 2.625 ], "texture": "#main" }, 
                "west":  { "uv": [ 0, 0, 0, 0.25 ], "texture": "#main" }, 
                "up":    { "uv": [ 0, 0, 1.125, 0 ], "texture": "#main" }, 
                "down":  { "uv": [ 0, 0, 1.125, 0 ], "texture": "#main" }
            }
        }, 
        {
            "from": [ -0.41017, -15, 15 ], 
            "to":   [ 1.58983, 1, 17 ], 
            "rotation": { "angle": -22.5, "axis": "z", "origin": [2.34872, -4.01166, 16] }, 
            "faces": {
                "north": { "uv": [ 2.75, 2.75, 3, 4.75 ], "texture": "#main" }, 
                "east":  { "uv": [ 0, 3, 0.25, 5 ], "texture": "#main" }, 
                "south": { "uv": [ 2.5, 2.25, 2.75, 4.25 ], "texture": "#main" }, 
                "west":  { "uv": [ 2.75, 0.75, 3, 2.75 ], "texture": "#main" }, 
                "up":    { "uv": [ 3.25, 3.625, 3.5, 3.875 ], "texture": "#main" }, 
                "down":  { "uv": [ 3.75, 1.375, 4, 1.125 ], "texture": "#main" }
            }
        }, 
        {
            "from": [ 1, -1, 13 ], 
            "to":   [ 10, 1, 13 ], 
            "rotation": { "angle": 45, "axis": "y", "origin": [5.5, 0, 13] }, 
            "faces": {
                "north": { "uv": [ 3, 2.375, 4.125, 2.625 ], "texture": "#main" }, 
                "east":  { "uv": [ 0, 0, 0, 0.25 ], "texture": "#main" }, 
                "south": { "uv": [ 3, 2.125, 4.125, 2.375 ], "texture": "#main" }, 
                "west":  { "uv": [ 0, 0, 0, 0.25 ], "texture": "#main" }, 
                "up":    { "uv": [ 0, 0, 1.125, 0 ], "texture": "#main" }, 
                "down":  { "uv": [ 0, 0, 1.125, 0 ], "texture": "#main" }
            }
        }, 
        {
            "from": [ 4, 3, 6 ], 
            "to":   [ 12, 9, 12 ], 
            "faces": {
                "north": { "uv": [ 9.25, 0, 10.25, 0.75 ], "texture": "#main" }, 
                "east":  { "uv": [ 10, 1.5, 10.75, 2.25 ], "texture": "#main" }, 
                "south": { "uv": [ 9.25, 0.75, 10.25, 1.5 ], "texture": "#main" }, 
                "west":  { "uv": [ 8, 2.25, 8.75, 3 ], "texture": "#main" }, 
                "up":    { "uv": [ 9, 2.25, 8, 1.5 ], "texture": "#main" }, 
                "down":  { "uv": [ 10, 1.5, 9, 2.25 ], "texture": "#main" }
            }
        }, 
        {
            "from": [ 5, -2, 8 ], 
            "to":   [ 11, 4, 12 ], 
            "rotation": { "angle": -22.5, "axis": "x", "origin": [8, 0, 9] }, 
            "faces": {
                "north": { "uv": [ 10.25, 0, 11, 0.75 ], "texture": "#main" }, 
                "east":  { "uv": [ 10.25, 0.75, 10.75, 1.5 ], "texture": "#main" }, 
                "south": { "uv": [ 8.75, 2.25, 9.5, 3 ], "texture": "#main" }, 
                "west":  { "uv": [ 11, 0.375, 11.5, 1.125 ], "texture": "#main" }, 
                "up":    { "uv": [ 11.75, 1.625, 11, 1.125 ], "texture": "#main" }, 
                "down":  { "uv": [ 11.75, 1.625, 11, 2.125 ], "texture": "#main" }
            }
        }, 
        {
            "from": [ 6, -3, 9 ], 
            "to":   [ 10, 0, 18 ], 
            "faces": {
                "north": { "uv": [ 11.5, 0.375, 12, 0.75 ], "texture": "#main" }, 
                "east":  { "uv": [ 11, 0, 12.125, 0.375 ], "texture": "#main" }, 
                "south": { "uv": [ 11.5, 0.75, 12, 1.125 ], "texture": "#main" }, 
                "west":  { "uv": [ 8.25, 3, 9.375, 3.375 ], "texture": "#main" }, 
                "up":    { "uv": [ 10, 3.375, 9.5, 2.25 ], "texture": "#main" }, 
                "down":  { "uv": [ 10.5, 2.25, 10, 3.375 ], "texture": "#main" }
            }
        }, 
        {
            "from": [ 17.41017, -16, 0 ], 
            "to":   [ 19.41017, 0, 2 ], 
            "rotation": { "angle": 22.5, "axis": "z", "origin": [16.65128, -5.01166, 1] }, 
            "faces": {
                "north": { "uv": [ 10.5, 2.25, 10.75, 4.25 ], "texture": "#main" }, 
                "east":  { "uv": [ 10.75, 0.75, 11, 2.75 ], "texture": "#main" }, 
                "south": { "uv": [ 10.75, 2.75, 11, 4.75 ], "texture": "#main" }, 
                "west":  { "uv": [ 8, 3, 8.25, 5 ], "texture": "#main" }, 
                "up":    { "uv": [ 11.5, 3.875, 11.25, 3.625 ], "texture": "#main" }, 
                "down":  { "uv": [ 12, 1.125, 11.75, 1.375 ], "texture": "#main" }
            }
        }, 
        {
            "from": [ 9, -2, 4 ], 
            "to":   [ 18, 0, 4 ], 
            "rotation": { "angle": 45, "axis": "y", "origin": [13.5, -1, 4] }, 
            "faces": {
                "north": { "uv": [ 11, 2.125, 12.125, 2.375 ], "texture": "#main" }, 
                "east":  { "uv": [ 8, 0, 8, 0.25 ], "texture": "#main" }, 
                "south": { "uv": [ 11, 2.375, 12.125, 2.625 ], "texture": "#main" }, 
                "west":  { "uv": [ 8, 0, 8, 0.25 ], "texture": "#main" }, 
                "up":    { "uv": [ 9.125, 0, 8, 0 ], "texture": "#main" }, 
                "down":  { "uv": [ 9.125, 0, 8, 0 ], "texture": "#main" }
            }
        }, 
        {
            "from": [ 14.41017, -15, 17 ], 
            "to":   [ 16.41017, 1, 19 ], 
            "rotation": { "angle": 22.5, "axis": "z", "origin": [13.65128, -4.01166, 18] }, 
            "faces": {
                "north": { "uv": [ 11, 2.75, 10.75, 4.75 ], "texture": "#main" }, 
                "east":  { "uv": [ 11, 0.75, 10.75, 2.75 ], "texture": "#main" }, 
                "south": { "uv": [ 10.75, 2.25, 10.5, 4.25 ], "texture": "#main" }, 
                "west":  { "uv": [ 8.25, 3, 8, 5 ], "texture": "#main" }, 
                "up":    { "uv": [ 11.5, 3.625, 11.25, 3.875 ], "texture": "#main" }, 
                "down":  { "uv": [ 12, 1.375, 11.75, 1.125 ], "texture": "#main" }
            }
        }, 
        {
            "from": [ 6, -1, 15 ], 
            "to":   [ 15, 1, 15 ], 
            "rotation": { "angle": -45, "axis": "y", "origin": [10.5, 0, 15] }, 
            "faces": {
                "north": { "uv": [ 12.125, 2.375, 11, 2.625 ], "texture": "#main" }, 
                "east":  { "uv": [ 8, 0, 8, 0.25 ], "texture": "#main" }, 
                "south": { "uv": [ 12.125, 2.125, 11, 2.375 ], "texture": "#main" }, 
                "west":  { "uv": [ 8, 0, 8, 0.25 ], "texture": "#main" }, 
                "up":    { "uv": [ 9.125, 0, 8, 0 ], "texture": "#main" }, 
                "down":  { "uv": [ 9.125, 0, 8, 0 ], "texture": "#main" }
            }
        }, 
        {
            "from": [ 12, 5, 5 ], 
            "to":   [ 16, 9, 9 ], 
            "rotation": { "angle": 22.5, "axis": "x", "origin": [8, 2.625, 5.875] }, 
            "faces": {
                "north": { "uv": [ 11, 2.625, 11.5, 3.125 ], "texture": "#main" }, 
                "east":  { "uv": [ 11, 3.125, 11.5, 3.625 ], "texture": "#main" }, 
                "south": { "uv": [ 8.25, 3.375, 8.75, 3.875 ], "texture": "#main" }, 
                "west":  { "uv": [ 8.75, 3.375, 9.25, 3.875 ], "texture": "#main" }, 
                "up":    { "uv": [ 9.75, 3.875, 9.25, 3.375 ], "texture": "#main" }, 
                "down":  { "uv": [ 10.25, 3.375, 9.75, 3.875 ], "texture": "#main" }
            }
        }, 
        {
            "from": [ 13, -1, 6 ], 
            "to":   [ 15, 6, 8 ], 
            "rotation": { "angle": 22.5, "axis": "x", "origin": [8, 2.625, 5.875] }, 
            "faces": {
                "north": { "uv": [ 10.25, 3.375, 10.5, 4.25 ], "texture": "#main" }, 
                "east":  { "uv": [ 11.5, 2.625, 11.75, 3.5 ], "texture": "#main" }, 
                "south": { "uv": [ 11.5, 3.5, 11.75, 4.375 ], "texture": "#main" }, 
                "west":  { "uv": [ 11, 3.625, 11.25, 4.5 ], "texture": "#main" }, 
                "up":    { "uv": [ 12, 1.625, 11.75, 1.375 ], "texture": "#main" }, 
                "down":  { "uv": [ 12, 1.625, 11.75, 1.875 ], "texture": "#main" }
            }
        }, 
        {
            "from": [ 13, -1, 0 ], 
            "to":   [ 15, 1, 6 ], 
            "rotation": { "angle": 22.5, "axis": "x", "origin": [8, 2.625, 5.875] }, 
            "faces": {
                "north": { "uv": [ 12, 1.625, 11.75, 1.875 ], "texture": "#main" }, 
                "east":  { "uv": [ 11.5, 2.625, 11.75, 3.375 ], "rotation":90, "texture": "#main" }, 
                "west":  { "uv": [ 11, 3.625, 11.25, 4.375 ], "rotation":90, "texture": "#main" }, 
                "up":    { "uv": [ 10.25, 3.375, 10.5, 4.125 ], "texture": "#main" }, 
                "down":  { "uv": [ 11.5, 3.5, 11.75, 4.25 ], "texture": "#main" }
            }
        }, 
        {
            "from": [ 14, -9, -4 ], 
            "to":   [ 14, 3, 1 ], 
            "rotation": { "angle": 22.5, "axis": "x", "origin": [8, 2.625, 5.875] }, 
            "faces": {
                "north": { "uv": [ 8, 0, 8, 1.5 ], "texture": "#main" }, 
                "east":  { "uv": [ 9.25, 0, 8.625, 1.5 ], "texture": "#main" }, 
                "south": { "uv": [ 8, 0, 8, 1.5 ], "texture": "#main" }, 
                "west":  { "uv": [ 8.625, 0, 9.25, 1.5 ], "texture": "#main" }, 
                "up":    { "uv": [ 8, 0.625, 8, 0 ], "texture": "#main" }, 
                "down":  { "uv": [ 8, 0, 8, 0.625 ], "texture": "#main" }
            }
        }, 
        {
            "from": [ 0, 5, 3 ], 
            "to":   [ 4, 9, 7 ], 
            "rotation": { "angle": 45, "axis": "x", "origin": [8, 2.625, 5.875] }, 
            "faces": {
                "north": { "uv": [ 11.5, 2.625, 11, 3.125 ], "texture": "#main" }, 
                "east":  { "uv": [ 9.25, 3.375, 8.75, 3.875 ], "texture": "#main" }, 
                "south": { "uv": [ 8.75, 3.375, 8.25, 3.875 ], "texture": "#main" }, 
                "west":  { "uv": [ 11.5, 3.125, 11, 3.625 ], "texture": "#main" }, 
                "up":    { "uv": [ 9.25, 3.875, 9.75, 3.375 ], "texture": "#main" }, 
                "down":  { "uv": [ 9.75, 3.375, 10.25, 3.875 ], "texture": "#main" }
            }
        }, 
        {
            "from": [ 1, -1, 4 ], 
            "to":   [ 3, 6, 6 ], 
            "rotation": { "angle": 45, "axis": "x", "origin": [8, 2.625, 5.875] }, 
            "faces": {
                "north": { "uv": [ 10.5, 3.375, 10.25, 4.25 ], "texture": "#main" }, 
                "east":  { "uv": [ 11.25, 3.625, 11, 4.5 ], "texture": "#main" }, 
                "south": { "uv": [ 11.75, 3.5, 11.5, 4.375 ], "texture": "#main" }, 
                "west":  { "uv": [ 11.75, 2.625, 11.5, 3.5 ], "texture": "#main" }, 
                "up":    { "uv": [ 11.75, 1.625, 12, 1.375 ], "texture": "#main" }, 
                "down":  { "uv": [ 11.75, 1.625, 12, 1.875 ], "texture": "#main" }
            }
        }, 
        {
            "from": [ 1, -1, -2 ], 
            "to":   [ 3, 1, 4 ], 
            "rotation": { "angle": 45, "axis": "x", "origin": [8, 2.625, 5.875] }, 
            "faces": {
                "north": { "uv": [ 12, 1.625, 11.75, 1.875 ], "texture": "#main" }, 
                "east":  { "uv": [ 11.5, 3.5, 11.75, 4.25 ], "rotation":270, "texture": "#main" }, 
                "west":  { "uv": [ 11.5, 3.375, 11.75, 4.125 ], "rotation":90, "texture": "#main" }, 
                "up":    { "uv": [ 10.25, 3.375, 10.5, 4.125 ], "texture": "#main" }, 
                "down":  { "uv": [ 11.5, 3.5, 11.75, 4.25 ], "texture": "#main" }
            }
        }, 
        {
            "from": [ 2, -9, -6 ], 
            "to":   [ 2, 3, -1 ], 
            "rotation": { "angle": 45, "axis": "x", "origin": [8, 2.625, 5.875] }, 
            "faces": {
                "north": { "uv": [ 8, 0, 8, 1.5 ], "texture": "#main" }, 
                "east":  { "uv": [ 9.25, 0, 8.625, 1.5 ], "texture": "#main" }, 
                "south": { "uv": [ 8, 0, 8, 1.5 ], "texture": "#main" }, 
                "west":  { "uv": [ 8.625, 0, 9.25, 1.5 ], "texture": "#main" }, 
                "up":    { "uv": [ 8, 0.625, 8, 0 ], "texture": "#main" }, 
                "down":  { "uv": [ 8, 0, 8, 0.625 ], "texture": "#main" }
            }
        }, 
        {
            "from": [ -3.41017, -15, 3 ], 
            "to":   [ -1.41017, 1, 5 ], 
            "rotation": { "angle": -22.5, "axis": "z", "origin": [-0.65128, -4.01166, 4] }, 
            "faces": {
                "north": { "uv": [ 10.75, 2.25, 10.5, 4.25 ], "texture": "#main" }, 
                "east":  { "uv": [ 8.25, 3, 8, 5 ], "texture": "#main" }, 
                "south": { "uv": [ 11, 2.75, 10.75, 4.75 ], "texture": "#main" }, 
                "west":  { "uv": [ 11, 0.75, 10.75, 2.75 ], "texture": "#main" }, 
                "up":    { "uv": [ 11.25, 3.875, 11.5, 3.625 ], "texture": "#main" }, 
                "down":  { "uv": [ 11.75, 1.125, 12, 1.375 ], "texture": "#main" }
            }
        }, 
        {
            "from": [ -2, -1, 7 ], 
            "to":   [ 7, 1, 7 ], 
            "rotation": { "angle": -45, "axis": "y", "origin": [2.5, 0, 7] }, 
            "faces": {
                "north": { "uv": [ 12.125, 2.125, 11, 2.375 ], "texture": "#main" }, 
                "east":  { "uv": [ 8, 0, 8, 0.25 ], "texture": "#main" }, 
                "south": { "uv": [ 12.125, 2.375, 11, 2.625 ], "texture": "#main" }, 
                "west":  { "uv": [ 8, 0, 8, 0.25 ], "texture": "#main" }, 
                "up":    { "uv": [ 8, 0, 9.125, 0 ], "texture": "#main" }, 
                "down":  { "uv": [ 8, 0, 9.125, 0 ], "texture": "#main" }
            }
        }, 
        {
            "from": [ -0.41017, -16, 14 ], 
            "to":   [ 1.58983, 0, 16 ], 
            "rotation": { "angle": -22.5, "axis": "z", "origin": [2.34872, -5.01166, 15] }, 
            "faces": {
                "north": { "uv": [ 10.75, 2.75, 11, 4.75 ], "texture": "#main" }, 
                "east":  { "uv": [ 8, 3, 8.25, 5 ], "texture": "#main" }, 
                "south": { "uv": [ 10.5, 2.25, 10.75, 4.25 ], "texture": "#main" }, 
                "west":  { "uv": [ 10.75, 0.75, 11, 2.75 ], "texture": "#main" }, 
                "up":    { "uv": [ 11.25, 3.625, 11.5, 3.875 ], "texture": "#main" }, 
                "down":  { "uv": [ 11.75, 1.375, 12, 1.125 ], "texture": "#main" }
            }
        }, 
        {
            "from": [ 1, -2, 12 ], 
            "to":   [ 10, 0, 12 ], 
            "rotation": { "angle": 45, "axis": "y", "origin": [5.5, -1, 12] }, 
            "faces": {
                "north": { "uv": [ 11, 2.375, 12.125, 2.625 ], "texture": "#main" }, 
                "east":  { "uv": [ 8, 0, 8, 0.25 ], "texture": "#main" }, 
                "south": { "uv": [ 11, 2.125, 12.125, 2.375 ], "texture": "#main" }, 
                "west":  { "uv": [ 8, 0, 8, 0.25 ], "texture": "#main" }, 
                "up":    { "uv": [ 8, 0, 9.125, 0 ], "texture": "#main" }, 
                "down":  { "uv": [ 8, 0, 9.125, 0 ], "texture": "#main" }
            }
        }, 
        {
            "from": [ 4, 3, 6 ], 
            "to":   [ 12, 9, 12 ], 
            "faces": {
                "north": { "uv": [ 1.25, 8, 2.25, 8.75 ], "texture": "#main" }, 
                "east":  { "uv": [ 2, 9.5, 2.75, 10.25 ], "texture": "#main" }, 
                "south": { "uv": [ 1.25, 8.75, 2.25, 9.5 ], "texture": "#main" }, 
                "west":  { "uv": [ 0, 10.25, 0.75, 11 ], "texture": "#main" }, 
                "up":    { "uv": [ 1, 10.25, 0, 9.5 ], "texture": "#main" }, 
                "down":  { "uv": [ 2, 9.5, 1, 10.25 ], "texture": "#main" }
            }
        }, 
        {
            "from": [ 5, -2, 8 ], 
            "to":   [ 11, 4, 12 ], 
            "rotation": { "angle": -22.5, "axis": "x", "origin": [8, 0, 9] }, 
            "faces": {
                "north": { "uv": [ 2.25, 8, 3, 8.75 ], "texture": "#main" }, 
                "east":  { "uv": [ 2.25, 8.75, 2.75, 9.5 ], "texture": "#main" }, 
                "south": { "uv": [ 0.75, 10.25, 1.5, 11 ], "texture": "#main" }, 
                "west":  { "uv": [ 3, 8.375, 3.5, 9.125 ], "texture": "#main" }, 
                "up":    { "uv": [ 3.75, 9.625, 3, 9.125 ], "texture": "#main" }, 
                "down":  { "uv": [ 3.75, 9.625, 3, 10.125 ], "texture": "#main" }
            }
        }, 
        {
            "from": [ 6, -3, 9 ], 
            "to":   [ 10, 0, 18 ], 
            "faces": {
                "north": { "uv": [ 3.5, 8.375, 4, 8.75 ], "texture": "#main" }, 
                "east":  { "uv": [ 3, 8, 4.125, 8.375 ], "texture": "#main" }, 
                "south": { "uv": [ 3.5, 8.75, 4, 9.125 ], "texture": "#main" }, 
                "west":  { "uv": [ 0.25, 11, 1.375, 11.375 ], "texture": "#main" }, 
                "up":    { "uv": [ 2, 11.375, 1.5, 10.25 ], "texture": "#main" }, 
                "down":  { "uv": [ 2.5, 10.25, 2, 11.375 ], "texture": "#main" }
            }
        }, 
        {
            "from": [ 17.41017, -16, 4 ], 
            "to":   [ 19.41017, 0, 6 ], 
            "rotation": { "angle": 22.5, "axis": "z", "origin": [16.65128, -5.01166, 5] }, 
            "faces": {
                "north": { "uv": [ 2.5, 10.25, 2.75, 12.25 ], "texture": "#main" }, 
                "east":  { "uv": [ 2.75, 8.75, 3, 10.75 ], "texture": "#main" }, 
                "south": { "uv": [ 2.75, 10.75, 3, 12.75 ], "texture": "#main" }, 
                "west":  { "uv": [ 0, 11, 0.25, 13 ], "texture": "#main" }, 
                "up":    { "uv": [ 3.5, 11.875, 3.25, 11.625 ], "texture": "#main" }, 
                "down":  { "uv": [ 4, 9.125, 3.75, 9.375 ], "texture": "#main" }
            }
        }, 
        {
            "from": [ 9, -2, 8 ], 
            "to":   [ 18, 0, 8 ], 
            "rotation": { "angle": 45, "axis": "y", "origin": [13.5, -1, 8] }, 
            "faces": {
                "north": { "uv": [ 3, 10.125, 4.125, 10.375 ], "texture": "#main" }, 
                "east":  { "uv": [ 0, 8, 0, 8.25 ], "texture": "#main" }, 
                "south": { "uv": [ 3, 10.375, 4.125, 10.625 ], "texture": "#main" }, 
                "west":  { "uv": [ 0, 8, 0, 8.25 ], "texture": "#main" }, 
                "up":    { "uv": [ 1.125, 8, 0, 8 ], "texture": "#main" }, 
                "down":  { "uv": [ 1.125, 8, 0, 8 ], "texture": "#main" }
            }
        }, 
        {
            "from": [ 14.41017, -15, 15 ], 
            "to":   [ 16.41017, 1, 17 ], 
            "rotation": { "angle": 22.5, "axis": "z", "origin": [13.65128, -4.01166, 16] }, 
            "faces": {
                "north": { "uv": [ 3, 10.75, 2.75, 12.75 ], "texture": "#main" }, 
                "east":  { "uv": [ 3, 8.75, 2.75, 10.75 ], "texture": "#main" }, 
                "south": { "uv": [ 2.75, 10.25, 2.5, 12.25 ], "texture": "#main" }, 
                "west":  { "uv": [ 0.25, 11, 0, 13 ], "texture": "#main" }, 
                "up":    { "uv": [ 3.5, 11.625, 3.25, 11.875 ], "texture": "#main" }, 
                "down":  { "uv": [ 4, 9.375, 3.75, 9.125 ], "texture": "#main" }
            }
        }, 
        {
            "from": [ 6, -1, 13 ], 
            "to":   [ 15, 1, 13 ], 
            "rotation": { "angle": -45, "axis": "y", "origin": [10.5, 0, 13] }, 
            "faces": {
                "north": { "uv": [ 4.125, 10.375, 3, 10.625 ], "texture": "#main" }, 
                "east":  { "uv": [ 0, 8, 0, 8.25 ], "texture": "#main" }, 
                "south": { "uv": [ 4.125, 10.125, 3, 10.375 ], "texture": "#main" }, 
                "west":  { "uv": [ 0, 8, 0, 8.25 ], "texture": "#main" }, 
                "up":    { "uv": [ 1.125, 8, 0, 8 ], "texture": "#main" }, 
                "down":  { "uv": [ 1.125, 8, 0, 8 ], "texture": "#main" }
            }
        }, 
        {
            "from": [ 12, 5, 3 ], 
            "to":   [ 16, 9, 7 ], 
            "rotation": { "angle": 45, "axis": "x", "origin": [8, 2.625, 5.875] }, 
            "faces": {
                "north": { "uv": [ 3, 10.625, 3.5, 11.125 ], "texture": "#main" }, 
                "east":  { "uv": [ 3, 11.125, 3.5, 11.625 ], "texture": "#main" }, 
                "south": { "uv": [ 0.25, 11.375, 0.75, 11.875 ], "texture": "#main" }, 
                "west":  { "uv": [ 0.75, 11.375, 1.25, 11.875 ], "texture": "#main" }, 
                "up":    { "uv": [ 1.75, 11.875, 1.25, 11.375 ], "texture": "#main" }, 
                "down":  { "uv": [ 2.25, 11.375, 1.75, 11.875 ], "texture": "#main" }
            }
        }, 
        {
            "from": [ 13, -1, 4 ], 
            "to":   [ 15, 6, 6 ], 
            "rotation": { "angle": 45, "axis": "x", "origin": [8, 2.625, 5.875] }, 
            "faces": {
                "north": { "uv": [ 2.25, 11.375, 2.5, 12.25 ], "texture": "#main" }, 
                "east":  { "uv": [ 3.5, 10.625, 3.75, 11.5 ], "texture": "#main" }, 
                "south": { "uv": [ 3.5, 11.5, 3.75, 12.375 ], "texture": "#main" }, 
                "west":  { "uv": [ 3, 11.625, 3.25, 12.5 ], "texture": "#main" }, 
                "up":    { "uv": [ 4, 9.625, 3.75, 9.375 ], "texture": "#main" }, 
                "down":  { "uv": [ 4, 9.625, 3.75, 9.875 ], "texture": "#main" }
            }
        }, 
        {
            "from": [ 13, -1, -2 ], 
            "to":   [ 15, 1, 4 ], 
            "rotation": { "angle": 45, "axis": "x", "origin": [8, 2.625, 5.875] }, 
            "faces": {
                "north": { "uv": [ 4, 9.625, 3.75, 9.875 ], "texture": "#main" }, 
                "east":  { "uv": [ 3.5, 10.625, 3.75, 11.375 ], "rotation":90, "texture": "#main" }, 
                "west":  { "uv": [ 3, 11.625, 3.25, 12.375 ], "rotation":90, "texture": "#main" }, 
                "up":    { "uv": [ 2.25, 11.375, 2.5, 12.125 ], "texture": "#main" }, 
                "down":  { "uv": [ 3.5, 11.5, 3.75, 12.25 ], "texture": "#main" }
            }
        }, 
        {
            "from": [ 14, -9, -6 ], 
            "to":   [ 14, 3, -1 ], 
            "rotation": { "angle": 45, "axis": "x", "origin": [8, 2.625, 5.875] }, 
            "faces": {
                "north": { "uv": [ 0, 8, 0, 9.5 ], "texture": "#main" }, 
                "east":  { "uv": [ 1.25, 8, 0.625, 9.5 ], "texture": "#main" }, 
                "south": { "uv": [ 0, 8, 0, 9.5 ], "texture": "#main" }, 
                "west":  { "uv": [ 0.625, 8, 1.25, 9.5 ], "texture": "#main" }, 
                "up":    { "uv": [ 0, 8.625, 0, 8 ], "texture": "#main" }, 
                "down":  { "uv": [ 0, 8, 0, 8.625 ], "texture": "#main" }
            }
        }, 
        {
            "from": [ 0, 5, 3 ], 
            "to":   [ 4, 9, 7 ], 
            "rotation": { "angle": 45, "axis": "x", "origin": [8, 2.625, 5.875] }, 
            "faces": {
                "north": { "uv": [ 3.5, 10.625, 3, 11.125 ], "texture": "#main" }, 
                "east":  { "uv": [ 1.25, 11.375, 0.75, 11.875 ], "texture": "#main" }, 
                "south": { "uv": [ 0.75, 11.375, 0.25, 11.875 ], "texture": "#main" }, 
                "west":  { "uv": [ 3.5, 11.125, 3, 11.625 ], "texture": "#main" }, 
                "up":    { "uv": [ 1.25, 11.875, 1.75, 11.375 ], "texture": "#main" }, 
                "down":  { "uv": [ 1.75, 11.375, 2.25, 11.875 ], "texture": "#main" }
            }
        }, 
        {
            "from": [ 1, -1, 4 ], 
            "to":   [ 3, 6, 6 ], 
            "rotation": { "angle": 45, "axis": "x", "origin": [8, 2.625, 5.875] }, 
            "faces": {
                "north": { "uv": [ 2.5, 11.375, 2.25, 12.25 ], "texture": "#main" }, 
                "east":  { "uv": [ 3.25, 11.625, 3, 12.5 ], "texture": "#main" }, 
                "south": { "uv": [ 3.75, 11.5, 3.5, 12.375 ], "texture": "#main" }, 
                "west":  { "uv": [ 3.75, 10.625, 3.5, 11.5 ], "texture": "#main" }, 
                "up":    { "uv": [ 3.75, 9.625, 4, 9.375 ], "texture": "#main" }, 
                "down":  { "uv": [ 3.75, 9.625, 4, 9.875 ], "texture": "#main" }
            }
        }, 
        {
            "from": [ 1, -1, -2 ], 
            "to":   [ 3, 1, 4 ], 
            "rotation": { "angle": 45, "axis": "x", "origin": [8, 2.625, 5.875] }, 
            "faces": {
                "north": { "uv": [ 4, 9.625, 3.75, 9.875 ], "texture": "#main" }, 
                "east":  { "uv": [ 3.5, 11.5, 3.75, 12.25 ], "rotation":270, "texture": "#main" }, 
                "west":  { "uv": [ 3.5, 11.375, 3.75, 12.125 ], "rotation":90, "texture": "#main" }, 
                "up":    { "uv": [ 2.25, 11.375, 2.5, 12.125 ], "texture": "#main" }, 
                "down":  { "uv": [ 3.5, 11.5, 3.75, 12.25 ], "texture": "#main" }
            }
        }, 
        {
            "from": [ 2, -9, -6 ], 
            "to":   [ 2, 3, -1 ], 
            "rotation": { "angle": 45, "axis": "x", "origin": [8, 2.625, 5.875] }, 
            "faces": {
                "north": { "uv": [ 0, 8, 0, 9.5 ], "texture": "#main" }, 
                "east":  { "uv": [ 1.25, 8, 0.625, 9.5 ], "texture": "#main" }, 
                "south": { "uv": [ 0, 8, 0, 9.5 ], "texture": "#main" }, 
                "west":  { "uv": [ 0.625, 8, 1.25, 9.5 ], "texture": "#main" }, 
                "up":    { "uv": [ 0, 8.625, 0, 8 ], "texture": "#main" }, 
                "down":  { "uv": [ 0, 8, 0, 8.625 ], "texture": "#main" }
            }
        }, 
        {
            "from": [ -3.41017, -15, 1 ], 
            "to":   [ -1.41017, 1, 3 ], 
            "rotation": { "angle": -22.5, "axis": "z", "origin": [-0.65128, -4.01166, 2] }, 
            "faces": {
                "north": { "uv": [ 2.75, 10.25, 2.5, 12.25 ], "texture": "#main" }, 
                "east":  { "uv": [ 0.25, 11, 0, 13 ], "texture": "#main" }, 
                "south": { "uv": [ 3, 10.75, 2.75, 12.75 ], "texture": "#main" }, 
                "west":  { "uv": [ 3, 8.75, 2.75, 10.75 ], "texture": "#main" }, 
                "up":    { "uv": [ 3.25, 11.875, 3.5, 11.625 ], "texture": "#main" }, 
                "down":  { "uv": [ 3.75, 9.125, 4, 9.375 ], "texture": "#main" }
            }
        }, 
        {
            "from": [ -2, -1, 5 ], 
            "to":   [ 7, 1, 5 ], 
            "rotation": { "angle": -45, "axis": "y", "origin": [2.5, 0, 5] }, 
            "faces": {
                "north": { "uv": [ 4.125, 10.125, 3, 10.375 ], "texture": "#main" }, 
                "east":  { "uv": [ 0, 8, 0, 8.25 ], "texture": "#main" }, 
                "south": { "uv": [ 4.125, 10.375, 3, 10.625 ], "texture": "#main" }, 
                "west":  { "uv": [ 0, 8, 0, 8.25 ], "texture": "#main" }, 
                "up":    { "uv": [ 0, 8, 1.125, 8 ], "texture": "#main" }, 
                "down":  { "uv": [ 0, 8, 1.125, 8 ], "texture": "#main" }
            }
        }, 
        {
            "from": [ -0.41017, -16, 18 ], 
            "to":   [ 1.58983, 0, 20 ], 
            "rotation": { "angle": -22.5, "axis": "z", "origin": [2.34872, -5.01166, 19] }, 
            "faces": {
                "north": { "uv": [ 2.75, 10.75, 3, 12.75 ], "texture": "#main" }, 
                "east":  { "uv": [ 0, 11, 0.25, 13 ], "texture": "#main" }, 
                "south": { "uv": [ 2.5, 10.25, 2.75, 12.25 ], "texture": "#main" }, 
                "west":  { "uv": [ 2.75, 8.75, 3, 10.75 ], "texture": "#main" }, 
                "up":    { "uv": [ 3.25, 11.625, 3.5, 11.875 ], "texture": "#main" }, 
                "down":  { "uv": [ 3.75, 9.375, 4, 9.125 ], "texture": "#main" }
            }
        }, 
        {
            "from": [ 1, -2, 16 ], 
            "to":   [ 10, 0, 16 ], 
            "rotation": { "angle": 45, "axis": "y", "origin": [5.5, -1, 16] }, 
            "faces": {
                "north": { "uv": [ 3, 10.375, 4.125, 10.625 ], "texture": "#main" }, 
                "east":  { "uv": [ 0, 8, 0, 8.25 ], "texture": "#main" }, 
                "south": { "uv": [ 3, 10.125, 4.125, 10.375 ], "texture": "#main" }, 
                "west":  { "uv": [ 0, 8, 0, 8.25 ], "texture": "#main" }, 
                "up":    { "uv": [ 0, 8, 1.125, 8 ], "texture": "#main" }, 
                "down":  { "uv": [ 0, 8, 1.125, 8 ], "texture": "#main" }
            }
        }, 
        {
            "from": [ 4, 3, 6 ], 
            "to":   [ 12, 9, 12 ], 
            "faces": {
                "north": { "uv": [ 9.25, 8, 10.25, 8.75 ], "texture": "#main" }, 
                "east":  { "uv": [ 10, 9.5, 10.75, 10.25 ], "texture": "#main" }, 
                "south": { "uv": [ 9.25, 8.75, 10.25, 9.5 ], "texture": "#main" }, 
                "west":  { "uv": [ 8, 10.25, 8.75, 11 ], "texture": "#main" }, 
                "up":    { "uv": [ 9, 10.25, 8, 9.5 ], "texture": "#main" }, 
                "down":  { "uv": [ 10, 9.5, 9, 10.25 ], "texture": "#main" }
            }
        }, 
        {
            "from": [ 5, -2, 8 ], 
            "to":   [ 11, 4, 12 ], 
            "rotation": { "angle": -22.5, "axis": "x", "origin": [8, 0, 9] }, 
            "faces": {
                "north": { "uv": [ 10.25, 8, 11, 8.75 ], "texture": "#main" }, 
                "east":  { "uv": [ 10.25, 8.75, 10.75, 9.5 ], "texture": "#main" }, 
                "south": { "uv": [ 8.75, 10.25, 9.5, 11 ], "texture": "#main" }, 
                "west":  { "uv": [ 11, 8.375, 11.5, 9.125 ], "texture": "#main" }, 
                "up":    { "uv": [ 11.75, 9.625, 11, 9.125 ], "texture": "#main" }, 
                "down":  { "uv": [ 11.75, 9.625, 11, 10.125 ], "texture": "#main" }
            }
        }, 
        {
            "from": [ 6, -3, 9 ], 
            "to":   [ 10, 0, 18 ], 
            "faces": {
                "north": { "uv": [ 11.5, 8.375, 12, 8.75 ], "texture": "#main" }, 
                "east":  { "uv": [ 11, 8, 12.125, 8.375 ], "texture": "#main" }, 
                "south": { "uv": [ 11.5, 8.75, 12, 9.125 ], "texture": "#main" }, 
                "west":  { "uv": [ 8.25, 11, 9.375, 11.375 ], "texture": "#main" }, 
                "up":    { "uv": [ 10, 11.375, 9.5, 10.25 ], "texture": "#main" }, 
                "down":  { "uv": [ 10.5, 10.25, 10, 11.375 ], "texture": "#main" }
            }
        }, 
        {
            "from": [ 17.41017, -15, 3 ], 
            "to":   [ 19.41017, 1, 5 ], 
            "rotation": { "angle": 22.5, "axis": "z", "origin": [16.65128, -4.01166, 4] }, 
            "faces": {
                "north": { "uv": [ 10.5, 10.25, 10.75, 12.25 ], "texture": "#main" }, 
                "east":  { "uv": [ 10.75, 8.75, 11, 10.75 ], "texture": "#main" }, 
                "south": { "uv": [ 10.75, 10.75, 11, 12.75 ], "texture": "#main" }, 
                "west":  { "uv": [ 8, 11, 8.25, 13 ], "texture": "#main" }, 
                "up":    { "uv": [ 11.5, 11.875, 11.25, 11.625 ], "texture": "#main" }, 
                "down":  { "uv": [ 12, 9.125, 11.75, 9.375 ], "texture": "#main" }
            }
        }, 
        {
            "from": [ 9, -1, 7 ], 
            "to":   [ 18, 1, 7 ], 
            "rotation": { "angle": 45, "axis": "y", "origin": [13.5, 0, 7] }, 
            "faces": {
                "north": { "uv": [ 11, 10.125, 12.125, 10.375 ], "texture": "#main" }, 
                "east":  { "uv": [ 8, 8, 8, 8.25 ], "texture": "#main" }, 
                "south": { "uv": [ 11, 10.375, 12.125, 10.625 ], "texture": "#main" }, 
                "west":  { "uv": [ 8, 8, 8, 8.25 ], "texture": "#main" }, 
                "up":    { "uv": [ 9.125, 8, 8, 8 ], "texture": "#main" }, 
                "down":  { "uv": [ 9.125, 8, 8, 8 ], "texture": "#main" }
            }
        }, 
        {
            "from": [ 14.41017, -16, 14 ], 
            "to":   [ 16.41017, 0, 16 ], 
            "rotation": { "angle": 22.5, "axis": "z", "origin": [13.65128, -5.01166, 15] }, 
            "faces": {
                "north": { "uv": [ 11, 10.75, 10.75, 12.75 ], "texture": "#main" }, 
                "east":  { "uv": [ 11, 8.75, 10.75, 10.75 ], "texture": "#main" }, 
                "south": { "uv": [ 10.75, 10.25, 10.5, 12.25 ], "texture": "#main" }, 
                "west":  { "uv": [ 8.25, 11, 8, 13 ], "texture": "#main" }, 
                "up":    { "uv": [ 11.5, 11.625, 11.25, 11.875 ], "texture": "#main" }, 
                "down":  { "uv": [ 12, 9.375, 11.75, 9.125 ], "texture": "#main" }
            }
        }, 
        {
            "from": [ 6, -2, 12 ], 
            "to":   [ 15, 0, 12 ], 
            "rotation": { "angle": -45, "axis": "y", "origin": [10.5, -1, 12] }, 
            "faces": {
                "north": { "uv": [ 12.125, 10.375, 11, 10.625 ], "texture": "#main" }, 
                "east":  { "uv": [ 8, 8, 8, 8.25 ], "texture": "#main" }, 
                "south": { "uv": [ 12.125, 10.125, 11, 10.375 ], "texture": "#main" }, 
                "west":  { "uv": [ 8, 8, 8, 8.25 ], "texture": "#main" }, 
                "up":    { "uv": [ 9.125, 8, 8, 8 ], "texture": "#main" }, 
                "down":  { "uv": [ 9.125, 8, 8, 8 ], "texture": "#main" }
            }
        }, 
        {
            "from": [ 12, 5, 3 ], 
            "to":   [ 16, 9, 7 ], 
            "rotation": { "angle": 45, "axis": "x", "origin": [8, 2.625, 5.875] }, 
            "faces": {
                "north": { "uv": [ 11, 10.625, 11.5, 11.125 ], "texture": "#main" }, 
                "east":  { "uv": [ 11, 11.125, 11.5, 11.625 ], "texture": "#main" }, 
                "south": { "uv": [ 8.25, 11.375, 8.75, 11.875 ], "texture": "#main" }, 
                "west":  { "uv": [ 8.75, 11.375, 9.25, 11.875 ], "texture": "#main" }, 
                "up":    { "uv": [ 9.75, 11.875, 9.25, 11.375 ], "texture": "#main" }, 
                "down":  { "uv": [ 10.25, 11.375, 9.75, 11.875 ], "texture": "#main" }
            }
        }, 
        {
            "from": [ 13, -1, 4 ], 
            "to":   [ 15, 6, 6 ], 
            "rotation": { "angle": 45, "axis": "x", "origin": [8, 2.625, 5.875] }, 
            "faces": {
                "north": { "uv": [ 10.25, 11.375, 10.5, 12.25 ], "texture": "#main" }, 
                "east":  { "uv": [ 11.5, 10.625, 11.75, 11.5 ], "texture": "#main" }, 
                "south": { "uv": [ 11.5, 11.5, 11.75, 12.375 ], "texture": "#main" }, 
                "west":  { "uv": [ 11, 11.625, 11.25, 12.5 ], "texture": "#main" }, 
                "up":    { "uv": [ 12, 9.625, 11.75, 9.375 ], "texture": "#main" }, 
                "down":  { "uv": [ 12, 9.625, 11.75, 9.875 ], "texture": "#main" }
            }
        }, 
        {
            "from": [ 13, -1, -2 ], 
            "to":   [ 15, 1, 4 ], 
            "rotation": { "angle": 45, "axis": "x", "origin": [8, 2.625, 5.875] }, 
            "faces": {
                "north": { "uv": [ 12, 9.625, 11.75, 9.875 ], "texture": "#main" }, 
                "east":  { "uv": [ 11.5, 10.625, 11.75, 11.375 ], "rotation":90, "texture": "#main" }, 
                "west":  { "uv": [ 11, 11.625, 11.25, 12.375 ], "rotation":90, "texture": "#main" }, 
                "up":    { "uv": [ 10.25, 11.375, 10.5, 12.125 ], "texture": "#main" }, 
                "down":  { "uv": [ 11.5, 11.5, 11.75, 12.25 ], "texture": "#main" }
            }
        }, 
        {
            "from": [ 14, -9, -6 ], 
            "to":   [ 14, 3, -1 ], 
            "rotation": { "angle": 45, "axis": "x", "origin": [8, 2.625, 5.875] }, 
            "faces": {
                "north": { "uv": [ 8, 8, 8, 9.5 ], "texture": "#main" }, 
                "east":  { "uv": [ 9.25, 8, 8.625, 9.5 ], "texture": "#main" }, 
                "south": { "uv": [ 8, 8, 8, 9.5 ], "texture": "#main" }, 
                "west":  { "uv": [ 8.625, 8, 9.25, 9.5 ], "texture": "#main" }, 
                "up":    { "uv": [ 8, 8.625, 8, 8 ], "texture": "#main" }, 
                "down":  { "uv": [ 8, 8, 8, 8.625 ], "texture": "#main" }
            }
        }, 
        {
            "from": [ 0, 5, 5 ], 
            "to":   [ 4, 9, 9 ], 
            "rotation": { "angle": 22.5, "axis": "x", "origin": [8, 2.625, 5.875] }, 
            "faces": {
                "north": { "uv": [ 11.5, 10.625, 11, 11.125 ], "texture": "#main" }, 
                "east":  { "uv": [ 9.25, 11.375, 8.75, 11.875 ], "texture": "#main" }, 
                "south": { "uv": [ 8.75, 11.375, 8.25, 11.875 ], "texture": "#main" }, 
                "west":  { "uv": [ 11.5, 11.125, 11, 11.625 ], "texture": "#main" }, 
                "up":    { "uv": [ 9.25, 11.875, 9.75, 11.375 ], "texture": "#main" }, 
                "down":  { "uv": [ 9.75, 11.375, 10.25, 11.875 ], "texture": "#main" }
            }
        }, 
        {
            "from": [ 1, -1, 6 ], 
            "to":   [ 3, 6, 8 ], 
            "rotation": { "angle": 22.5, "axis": "x", "origin": [8, 2.625, 5.875] }, 
            "faces": {
                "north": { "uv": [ 10.5, 11.375, 10.25, 12.25 ], "texture": "#main" }, 
                "east":  { "uv": [ 11.25, 11.625, 11, 12.5 ], "texture": "#main" }, 
                "south": { "uv": [ 11.75, 11.5, 11.5, 12.375 ], "texture": "#main" }, 
                "west":  { "uv": [ 11.75, 10.625, 11.5, 11.5 ], "texture": "#main" }, 
                "up":    { "uv": [ 11.75, 9.625, 12, 9.375 ], "texture": "#main" }, 
                "down":  { "uv": [ 11.75, 9.625, 12, 9.875 ], "texture": "#main" }
            }
        }, 
        {
            "from": [ 1, -1, 0 ], 
            "to":   [ 3, 1, 6 ], 
            "rotation": { "angle": 22.5, "axis": "x", "origin": [8, 2.625, 5.875] }, 
            "faces": {
                "north": { "uv": [ 12, 9.625, 11.75, 9.875 ], "texture": "#main" }, 
                "east":  { "uv": [ 11.5, 11.5, 11.75, 12.25 ], "rotation":270, "texture": "#main" }, 
                "west":  { "uv": [ 11.5, 11.375, 11.75, 12.125 ], "rotation":90, "texture": "#main" }, 
                "up":    { "uv": [ 10.25, 11.375, 10.5, 12.125 ], "texture": "#main" }, 
                "down":  { "uv": [ 11.5, 11.5, 11.75, 12.25 ], "texture": "#main" }
            }
        }, 
        {
            "from": [ 2, -9, -4 ], 
            "to":   [ 2, 3, 1 ], 
            "rotation": { "angle": 22.5, "axis": "x", "origin": [8, 2.625, 5.875] }, 
            "faces": {
                "north": { "uv": [ 8, 8, 8, 9.5 ], "texture": "#main" }, 
                "east":  { "uv": [ 9.25, 8, 8.625, 9.5 ], "texture": "#main" }, 
                "south": { "uv": [ 8, 8, 8, 9.5 ], "texture": "#main" }, 
                "west":  { "uv": [ 8.625, 8, 9.25, 9.5 ], "texture": "#main" }, 
                "up":    { "uv": [ 8, 8.625, 8, 8 ], "texture": "#main" }, 
                "down":  { "uv": [ 8, 8, 8, 8.625 ], "texture": "#main" }
            }
        }, 
        {
            "from": [ -3.41017, -16, 0 ], 
            "to":   [ -1.41017, 0, 2 ], 
            "rotation": { "angle": -22.5, "axis": "z", "origin": [-0.65128, -5.01166, 1] }, 
            "faces": {
                "north": { "uv": [ 10.75, 10.25, 10.5, 12.25 ], "texture": "#main" }, 
                "east":  { "uv": [ 8.25, 11, 8, 13 ], "texture": "#main" }, 
                "south": { "uv": [ 11, 10.75, 10.75, 12.75 ], "texture": "#main" }, 
                "west":  { "uv": [ 11, 8.75, 10.75, 10.75 ], "texture": "#main" }, 
                "up":    { "uv": [ 11.25, 11.875, 11.5, 11.625 ], "texture": "#main" }, 
                "down":  { "uv": [ 11.75, 9.125, 12, 9.375 ], "texture": "#main" }
            }
        }, 
        {
            "from": [ -2, -2, 4 ], 
            "to":   [ 7, 0, 4 ], 
            "rotation": { "angle": -45, "axis": "y", "origin": [2.5, -1, 4] }, 
            "faces": {
                "north": { "uv": [ 12.125, 10.125, 11, 10.375 ], "texture": "#main" }, 
                "east":  { "uv": [ 8, 8, 8, 8.25 ], "texture": "#main" }, 
                "south": { "uv": [ 12.125, 10.375, 11, 10.625 ], "texture": "#main" }, 
                "west":  { "uv": [ 8, 8, 8, 8.25 ], "texture": "#main" }, 
                "up":    { "uv": [ 8, 8, 9.125, 8 ], "texture": "#main" }, 
                "down":  { "uv": [ 8, 8, 9.125, 8 ], "texture": "#main" }
            }
        }, 
        {
            "from": [ -0.41017, -15, 17 ], 
            "to":   [ 1.58983, 1, 19 ], 
            "rotation": { "angle": -22.5, "axis": "z", "origin": [2.34872, -4.01166, 18] }, 
            "faces": {
                "north": { "uv": [ 10.75, 10.75, 11, 12.75 ], "texture": "#main" }, 
                "east":  { "uv": [ 8, 11, 8.25, 13 ], "texture": "#main" }, 
                "south": { "uv": [ 10.5, 10.25, 10.75, 12.25 ], "texture": "#main" }, 
                "west":  { "uv": [ 10.75, 8.75, 11, 10.75 ], "texture": "#main" }, 
                "up":    { "uv": [ 11.25, 11.625, 11.5, 11.875 ], "texture": "#main" }, 
                "down":  { "uv": [ 11.75, 9.375, 12, 9.125 ], "texture": "#main" }
            }
        }, 
        {
            "from": [ 1, -1, 15 ], 
            "to":   [ 10, 1, 15 ], 
            "rotation": { "angle": 45, "axis": "y", "origin": [5.5, 0, 15] }, 
            "faces": {
                "north": { "uv": [ 11, 10.375, 12.125, 10.625 ], "texture": "#main" }, 
                "east":  { "uv": [ 8, 8, 8, 8.25 ], "texture": "#main" }, 
                "south": { "uv": [ 11, 10.125, 12.125, 10.375 ], "texture": "#main" }, 
                "west":  { "uv": [ 8, 8, 8, 8.25 ], "texture": "#main" }, 
                "up":    { "uv": [ 8, 8, 9.125, 8 ], "texture": "#main" }, 
                "down":  { "uv": [ 8, 8, 9.125, 8 ], "texture": "#main" }
            }
        }
    ], 
    "display": {
        "head": {
            "translation": [ 0, -8, 0 ], 
            "scale": [ 1.6, 1.6, 1.6 ]
        }
    }, 
    "groups": [
        0, 
        1, 
        2, 
        {
            "name": "group", 
            "origin": [
                0, 
                0, 
                0
            ], 
            "children": [
                3, 
                4
            ]
        }, 
        {
            "name": "group", 
            "origin": [
                0, 
                0, 
                0
            ], 
            "children": [
                5, 
                6
            ]
        }, 
        {
            "name": "group", 
            "origin": [
                0, 
                0, 
                0
            ], 
            "children": [
                7, 
                8, 
                9, 
                10
            ]
        }, 
        {
            "name": "group", 
            "origin": [
                0, 
                0, 
                0
            ], 
            "children": [
                11, 
                12, 
                13, 
                14
            ]
        }, 
        {
            "name": "group", 
            "origin": [
                0, 
                0, 
                0
            ], 
            "children": [
                15, 
                16
            ]
        }, 
        {
            "name": "group", 
            "origin": [
                0, 
                0, 
                0
            ], 
            "children": [
                17, 
                18
            ]
        }
    ], 
    "__comment": "Model animated using Fizzy's model animator - http://fizzy81.github.io/animated-models/"
}
