{
	"credit": "Made with Blockbench",
	"texture_size": [32, 32],
	"textures": {
		"0": "item/mobs/sightseer",
		"1": "item/mobs/flames/sightseer_flame",
		"particle": "item/mobs/flames/sightseer_flame"
	},
	"elements": [
		{
			"from": [3, 0, 0],
			"to": [13, 6, 10],
			"faces": {
				"north": {"uv": [11.33333, 6.33333, 14.66667, 8.33333], "texture": "#0"},
				"east": {"uv": [11.33333, 8.33333, 14.66667, 10.33333], "texture": "#0"},
				"south": {"uv": [11.33333, 10.33333, 14.66667, 12.33333], "texture": "#0"},
				"west": {"uv": [3.33333, 11.66667, 6.66667, 13.66667], "texture": "#0"},
				"up": {"uv": [9.33333, 3.33333, 6, 0], "texture": "#0"},
				"down": {"uv": [3.33333, 8, 0, 11.33333], "texture": "#0"}
			}
		},
		{
			"from": [9, 2, -7],
			"to": [17, 2, 4],
			"rotation": {"angle": 0, "axis": "z", "origin": [8, 0, 0]},
			"faces": {
				"north": {"uv": [0, 0, 2, 0], "texture": "#0"},
				"east": {"uv": [0, 0, 2.75, 0], "texture": "#0"},
				"south": {"uv": [0, 0, 2, 0], "texture": "#0"},
				"west": {"uv": [0, 0, 2.75, 0], "texture": "#0"},
				"up": {"uv": [6, 11.66667, 3.33333, 8], "texture": "#0"},
				"down": {"uv": [6, 8, 3.33333, 11.66667], "texture": "#0"}
			}
		},
		{
			"from": [-1, 2, -7],
			"to": [7, 2, 4],
			"faces": {
				"north": {"uv": [0, 0, 2, 0], "texture": "#0"},
				"east": {"uv": [0, 0, 2.75, 0], "texture": "#0"},
				"south": {"uv": [0, 0, 2, 0], "texture": "#0"},
				"west": {"uv": [0, 0, 2.75, 0], "texture": "#0"},
				"up": {"uv": [11.33333, 11.66667, 8.66667, 8], "texture": "#0"},
				"down": {"uv": [11.33333, 8, 8.66667, 11.66667], "texture": "#0"}
			}
		},
		{
			"from": [3, 5, 10],
			"to": [13, 13, 10],
			"rotation": {"angle": 45, "axis": "x", "origin": [8, 6, 10]},
			"faces": {
				"north": {"uv": [10, 3.66667, 13.33333, 6.33333], "texture": "#0"},
				"east": {"uv": [0, 0, 0, 2], "texture": "#0"},
				"south": {"uv": [0, 11.33333, 3.33333, 14], "texture": "#0"},
				"west": {"uv": [0, 0, 0, 2], "texture": "#0"},
				"up": {"uv": [2.5, 0, 0, 0], "texture": "#0"},
				"down": {"uv": [2.5, 0, 0, 0], "texture": "#0"}
			}
		},
		{
			"from": [8, -1.5, 10],
			"to": [8, 7.5, 25],
			"rotation": {"angle": 0, "axis": "z", "origin": [8, 3, 10]},
			"faces": {
				"north": {"uv": [0, 0, 0, 4.5], "texture": "#1"},
				"east": {"uv": [16, 0, 0, 9], "texture": "#1"},
				"south": {"uv": [0, 0, 0, 4.5], "texture": "#1"},
				"west": {"uv": [0, 0, 16, 9], "texture": "#1"},
				"up": {"uv": [0, 7.5, 0, 0], "texture": "#1"},
				"down": {"uv": [0, 0, 0, 7.5], "texture": "#1"}
			}
		},
		{
			"from": [3.5, 3, 10],
			"to": [12.5, 3, 25],
			"rotation": {"angle": 0, "axis": "z", "origin": [8, 3, 10]},
			"faces": {
				"north": {"uv": [0, 0, 0, 4.5], "rotation": 270, "texture": "#1"},
				"east": {"uv": [0, 7.5, 0, 0], "rotation": 90, "texture": "#1"},
				"south": {"uv": [0, 0, 0, 4.5], "rotation": 90, "texture": "#1"},
				"west": {"uv": [0, 0, 0, 7.5], "rotation": 90, "texture": "#1"},
				"up": {"uv": [0, 0, 16, 9], "rotation": 90, "texture": "#1"},
				"down": {"uv": [16, 0, 0, 9], "rotation": 90, "texture": "#1"}
			}
		},
		{
			"from": [3, 2, 9],
			"to": [3, 4, 14],
			"rotation": {"angle": -22.5, "axis": "y", "origin": [3, 3, 9]},
			"faces": {
				"north": {"uv": [0, 0, 0, 0.5], "texture": "#0"},
				"east": {"uv": [7.66667, 4, 9.33333, 4.66667], "texture": "#0"},
				"south": {"uv": [0, 0, 0, 0.5], "texture": "#0"},
				"west": {"uv": [6, 4, 7.66667, 4.66667], "texture": "#0"},
				"up": {"uv": [0, 1.25, 0, 0], "texture": "#0"},
				"down": {"uv": [0, 0, 0, 1.25], "texture": "#0"}
			}
		},
		{
			"from": [13, 2, 9],
			"to": [13, 4, 14],
			"rotation": {"angle": 22.5, "axis": "y", "origin": [13, 3, 9]},
			"faces": {
				"north": {"uv": [0, 0, 0, 0.5], "texture": "#0"},
				"east": {"uv": [7.66667, 3.33333, 9.33333, 4], "texture": "#0"},
				"south": {"uv": [0, 0, 0, 0.5], "texture": "#0"},
				"west": {"uv": [6, 3.33333, 7.66667, 4], "texture": "#0"},
				"up": {"uv": [0, 1.25, 0, 0], "texture": "#0"},
				"down": {"uv": [0, 0, 0, 1.25], "texture": "#0"}
			}
		}
	],
	"display": {
		"head": {
			"scale": [2, 2, 2]
		}
	},
	"groups": [
		{
			"name": "group",
			"origin": [13, 3, 9],
			"children": [0, 1, 2, 3, 4, 5, 6, 7]
		}
	]
}
