{
	"credit": "Made with Blockbench",
	"texture_size": [18, 18],
	"textures": {
		"0": "custom/battlestaff",
		"particle": "custom/battlestaff"
	},
	"elements": [
		{
			"from": [8, 0, 8],
			"to": [9, 18, 9],
			"rotation": {"angle": 0, "axis": "y", "origin": [24, -8, 23]},
			"faces": {
				"north": {"uv": [0, 0, 1.77778, 16], "texture": "#0"},
				"east": {"uv": [2.66667, 0, 4.44444, 16], "texture": "#0"},
				"south": {"uv": [0.88889, 0, 2.66667, 16], "texture": "#0"},
				"west": {"uv": [1.77778, 0, 3.55556, 16], "texture": "#0"},
				"up": {"uv": [14.22222, 5.33333, 16, 7.11111], "texture": "#0"},
				"down": {"uv": [0, 8.88889, 1.77778, 10.66667], "texture": "#0"}
			}
		}
	],
	"display": {
		"thirdperson_righthand": {
			"rotation": [179, 136.25, 176.5],
			"translation": [0, -4, 0.75],
			"scale": [1, 1.44922, 1]
		},
		"thirdperson_lefthand": {
			"translation": [0, -5, 0],
			"scale": [1.10938, 1.2207, 1]
		},
		"firstperson_righthand": {
			"rotation": [-10.5, -3, -2.75],
			"translation": [0, 4.5, 0]
		},
		"firstperson_lefthand": {
			"rotation": [0, -36.25, 11],
			"translation": [0, 3, 0]
		},
		"ground": {
			"rotation": [0, -38.75, 41.25],
			"translation": [0, 3.25, 0]
		},
		"gui": {
			"rotation": [0, -10.25, -40.25],
			"translation": [-1, 0.25, 0],
			"scale": [1.29297, 1.14258, 1]
		},
		"fixed": {
			"rotation": [0, 0, 47.5],
			"translation": [0, 0, -2.5],
			"scale": [1.44922, 1.51367, 1]
		}
	}
}