{
	"credit": "Made with Blockbench",
	"textures": {
		"0": "custom/geomancer_stick",
		"particle": "custom/geomancer_stick"
	},
	"elements": [
		{
			"from": [8, 0, 8],
			"to": [9, 16, 9],
			"rotation": {"angle": 0, "axis": "y", "origin": [24, -8, 23]},
			"faces": {
				"north": {"uv": [0, 0, 1, 16], "texture": "#0"},
				"east": {"uv": [3, 0, 4, 16], "texture": "#0"},
				"south": {"uv": [1, 0, 2, 16], "texture": "#0"},
				"west": {"uv": [2, 0, 3, 16], "texture": "#0"},
				"up": {"uv": [15, 15, 16, 16], "texture": "#0"},
				"down": {"uv": [0, 0, 1, 1], "texture": "#0"}
			}
		}
	],
	"display": {
		"thirdperson_righthand": {
			"rotation": [179, 136.25, 176.5],
			"translation": [0, -7.25, 0.75],
			"scale": [1, 1.44922, 1]
		},
		"thirdperson_lefthand": {
			"translation": [0, -5, 0],
			"scale": [1.10938, 1.2207, 1]
		},
		"firstperson_righthand": {
			"rotation": [-10.5, -3, -2.75],
			"translation": [0, 6.75, 0]
		},
		"firstperson_lefthand": {
			"rotation": [0, -36.25, 11],
			"translation": [0, 3, 0]
		},
		"ground": {
			"rotation": [0, -38.75, 41.25],
			"translation": [0, 3.25, 0]
		},
		"gui": {
			"rotation": [0, -10.25, -40.25],
			"translation": [-1, 0.25, 0],
			"scale": [1.29297, 1.14258, 1]
		},
		"fixed": {
			"rotation": [0, 0, 47.5],
			"translation": [0, 0, -2.5],
			"scale": [1.44922, 1.51367, 1]
		}
	}
}