{
	"credit": "Made with Blockbench",
	"textures": {
		"0": "custom/shield_base",
		"particle": "custom/shield_base"
	},
	"elements": [
		{
			"from": [0, 0, 8],
			"to": [16, 23, 9],
			"rotation": {"angle": 0, "axis": "y", "origin": [8, 8, 16]},
			"faces": {
				"north": {"uv": [0, 0, 9.73913, 16], "texture": "#0"},
				"east": {"uv": [0, 0, 1, 16], "texture": "#0"},
				"south": {"uv": [0, 0, 9.73913, 16], "texture": "#0"},
				"west": {"uv": [0, 0, 1, 16], "texture": "#0"},
				"up": {"uv": [0, 0, 11, 1], "texture": "#0"},
				"down": {"uv": [0, 0, 11, 1], "texture": "#0"}
			}
		},
		{
			"from": [7, 9, 9],
			"to": [9, 13, 11],
			"rotation": {"angle": 0, "axis": "y", "origin": [15, 18, 17]},
			"faces": {
				"north": {"uv": [11.13043, 2.08696, 13.21739, 6.26087], "texture": "#0"},
				"east": {"uv": [11.13043, 11.13043, 13.21739, 15.30435], "texture": "#0"},
				"south": {"uv": [11.13043, 2.08696, 13.21739, 6.26087], "texture": "#0"},
				"west": {"uv": [11.13043, 11.13043, 13.21739, 15.30435], "texture": "#0"},
				"up": {"uv": [11.13043, 2.08696, 13.21739, 4.17391], "texture": "#0"},
				"down": {"uv": [11.13043, 2.08696, 13.21739, 4.17391], "texture": "#0"}
			}
		}
	],
	"display": {
		"thirdperson_righthand": {
			"rotation": [-180, -180, -180],
			"translation": [0.25, -6, -2],
			"scale": [1.0918, 1.44922, 1]
		},
		"thirdperson_lefthand": {
			"translation": [-0.25, -6.25, -1.5],
			"scale": [1.09376, 1.3418, 0.81836]
		},
		"gui": {
			"rotation": [0, -180, 0],
			"translation": [-2, 0.5, 0]
		},
		"head": {
			"translation": [3.5, 4, -2.75],
			"scale": [1.47852, 1.89063, 1.44531]
		},
		"fixed": {
			"translation": [2, 1, -7]
		}
	}
}