{
	"credit": "Made with Blockbench",
	"textures": {
		"0": "custom/village_guard/head",
		"1": "custom/village_guard/head2",
		"2": "custom/village_guard/nose",
		"3": "custom/armor/chainmail_layer_1",
		"particle": "custom/armor/chainmail_layer_1"
	},
	"elements": [
		{
			"name": "villager1",
			"from": [5, 1, 5],
			"to": [13, 10, 13],
			"faces": {
				"north": {"uv": [0, 0, 16, 16], "texture": "#0"},
				"east": {"uv": [0, 0, 16, 16], "texture": "#1"},
				"south": {"uv": [0, 0, 16, 16], "texture": "#1"},
				"west": {"uv": [0, 0, 16, 16], "texture": "#1"},
				"up": {"uv": [0, 0, 16, 16], "texture": "#1"},
				"down": {"uv": [0, 0, 16, 16], "texture": "#1"}
			}
		},
		{
			"name": "villager2",
			"from": [8, 0, 3],
			"to": [10, 5, 5],
			"faces": {
				"north": {"uv": [0, 0, 8, 8], "texture": "#2"},
				"east": {"uv": [8, 8, 10, 12], "texture": "#2"},
				"south": {"uv": [0, 0, 8, 8], "texture": "#2"},
				"west": {"uv": [8, 8, 10, 12], "texture": "#2"},
				"up": {"uv": [8, 8, 10, 10], "texture": "#2"},
				"down": {"uv": [8, 8, 10, 10], "texture": "#2"}
			}
		},
		{
			"from": [5, 9, 4],
			"to": [8, 10, 5],
			"faces": {
				"north": {"uv": [10, 5, 13, 6], "texture": "#3"},
				"east": {"uv": [11, 4.5, 12, 6.5], "texture": "#3"},
				"south": {"uv": [11, 5.5, 14, 7.5], "texture": "#3"},
				"west": {"uv": [10, 5.5, 11, 7.5], "texture": "#3"},
				"up": {"uv": [8.5, 6, 11.5, 7], "texture": "#3"},
				"down": {"uv": [10, 5, 13, 6], "texture": "#3"}
			}
		},
		{
			"from": [10, 9, 4],
			"to": [13, 10, 5],
			"faces": {
				"north": {"uv": [10.5, 5, 13.5, 6], "texture": "#3"},
				"east": {"uv": [10, 5.5, 11, 7.5], "texture": "#3"},
				"south": {"uv": [10, 5, 13, 6], "texture": "#3"},
				"west": {"uv": [10, 5.5, 11, 7.5], "texture": "#3"},
				"up": {"uv": [11, 6, 14, 7], "texture": "#3"},
				"down": {"uv": [9, 6, 12, 7], "texture": "#3"}
			}
		},
		{
			"from": [4, 10, 4],
			"to": [14, 11, 14],
			"faces": {
				"north": {"uv": [8, 4, 16, 5], "texture": "#3"},
				"east": {"uv": [8, 4, 16, 5], "texture": "#3"},
				"south": {"uv": [8, 4, 16, 5], "texture": "#3"},
				"west": {"uv": [8, 4, 16, 5], "texture": "#3"},
				"up": {"uv": [11.5, 5, 16, 8], "texture": "#3"},
				"down": {"uv": [10.5, 5, 16, 8], "texture": "#3"}
			}
		},
		{
			"from": [8, 9, 4],
			"to": [10, 10, 5],
			"rotation": {"angle": 0, "axis": "y", "origin": [0.5, 0.5, 0.5]},
			"faces": {
				"north": {"uv": [10.5, 5, 12.5, 6], "texture": "#3"},
				"east": {"uv": [0, 4, 1, 8], "texture": "#3"},
				"south": {"uv": [12, 5, 14, 8], "texture": "#3"},
				"west": {"uv": [10, 4, 11, 8], "texture": "#3"},
				"up": {"uv": [8.5, 5.5, 10.5, 6.5], "texture": "#3"},
				"down": {"uv": [8.5, 6, 10.5, 7], "texture": "#3"}
			}
		},
		{
			"from": [4, 1, 4],
			"to": [5, 10, 14],
			"faces": {
				"north": {"uv": [8, 10, 9, 14.5], "texture": "#3"},
				"east": {"uv": [8, 11, 16, 14.5], "texture": "#3"},
				"south": {"uv": [8, 10, 9, 14.5], "texture": "#3"},
				"west": {"uv": [8, 11, 16, 14.5], "texture": "#3"},
				"up": {"uv": [8, 10, 9, 14.5], "texture": "#3"},
				"down": {"uv": [15, 10, 16, 14.5], "texture": "#3"}
			}
		},
		{
			"from": [5, 1, 13],
			"to": [13, 10, 14],
			"faces": {
				"north": {"uv": [8, 11, 9, 14.5], "texture": "#3"},
				"east": {"uv": [8, 11, 16, 14.5], "texture": "#3"},
				"south": {"uv": [8, 11, 16, 14.5], "texture": "#3"},
				"west": {"uv": [8, 11, 16, 14.5], "texture": "#3"},
				"up": {"uv": [8, 10, 9.5, 14.5], "texture": "#3"},
				"down": {"uv": [8, 13.5, 16, 14.5], "texture": "#3"}
			}
		},
		{
			"from": [13, 1, 4],
			"to": [14, 10, 14],
			"faces": {
				"north": {"uv": [8, 10, 9, 14.5], "texture": "#3"},
				"east": {"uv": [8, 11, 16, 14.5], "texture": "#3"},
				"south": {"uv": [8, 10, 9, 14.5], "texture": "#3"},
				"west": {"uv": [8, 11, 16, 14.5], "texture": "#3"},
				"up": {"uv": [8, 10, 9, 14.5], "texture": "#3"},
				"down": {"uv": [15, 10, 16, 14.5], "texture": "#3"}
			}
		}
	],
	"display": {
		"thirdperson_righthand": {
			"rotation": [-180, -180, -180],
			"translation": [-8, 16.5, 8],
			"scale": [1, 1.44922, 1]
		},
		"gui": {
			"rotation": [0, -180, 0],
			"translation": [-2, 0.5, 0]
		},
		"head": {
			"translation": [-1.75, 4.75, -2.75],
			"scale": [1.47852, 1.60352, 1.44531]
		},
		"fixed": {
			"translation": [2, 1, -7]
		}
	},
	"groups": [0, 1,
		{
			"name": "village_leather_helmet",
			"origin": [8, 8, 8],
			"children": [
				{
					"name": "helmet",
					"origin": [8, 8, 8],
					"children": []
				}, 2, 3, 4, 5, 6, 7, 8]
		}
	]
}