{
"entity.arrow.shoot": {
		"category": "ambient",
		"replace": true,
		"sounds": [
			{
				"name": "thewii:immersive/random/bow",
				"weight": 2146473647,
				"volume": 1.5
			}
		]
	},
	"weather.rain": {
		"category": "weather",
		"replace": true,
		"sounds": [
			{
				"name": "minecraft:ambient/weather/rain1",
				"volume": 0.2
			},
			{
				"name": "minecraft:ambient/weather/rain2",
				"volume": 0.2
			},
			{
				"name": "minecraft:ambient/weather/rain3",
				"volume": 0.2
			},
			{
				"name": "minecraft:ambient/weather/rain4",
				"volume": 0.2
			}
		]
	},
	"weather.rain.above": {
		"category": "weather",
		"replace": true,
		"sounds": [
			{
				"name": "minecraft:ambient/weather/rain1",
				"volume": 0.2
			},
			{
				"name": "minecraft:ambient/weather/rain2",
				"volume": 0.2
			},
			{
				"name": "minecraft:ambient/weather/rain3",
				"volume": 0.2
			},
			{
				"name": "minecraft:ambient/weather/rain4",
				"volume": 0.2
			}
		]
	},
	"entity.zombie.ambient": {
		"sounds": [
			"mob/zombie/say1",
			"mob/zombie/say2",
			"mob/zombie/say3"
		],
		"subtitle": "subtitles.entity.zombie.ambient"
	},
	"entity.zombie.attack_iron_door": {
		"sounds": [
			"mob/zombie/metal1",
			"mob/zombie/metal2",
			"mob/zombie/metal3"
		],
		"subtitle": "subtitles.block.generic.break"
	},
	"entity.zombie.attack_wooden_door": {
		"sounds": [
			"mob/zombie/wood1",
			"mob/zombie/wood2",
			"mob/zombie/wood3",
			"mob/zombie/wood4"
		],
		"subtitle": "subtitles.entity.zombie.attack_wooden_door"
	},
	"entity.zombie.break_wooden_door": {
		"sounds": [
			"mob/zombie/woodbreak"
		],
		"subtitle": "subtitles.entity.zombie.break_wooden_door"
	},
	"entity.zombie.converted_to_drowned": {
		"sounds": [
			"mob/drowned/convert1",
			"mob/drowned/convert2",
			"mob/drowned/convert3"
		],
		"subtitle": "subtitles.entity.zombie.converted_to_drowned"
	},
	"entity.zombie.death": {
		"sounds": [
			"mob/zombie/death"
		],
		"subtitle": "subtitles.entity.zombie.death"
	},
	"entity.zombie.destroy_egg": {
		"sounds": [
			"mob/turtle/egg/jump_egg1",
			"mob/turtle/egg/jump_egg2",
			"mob/turtle/egg/jump_egg3",
			"mob/turtle/egg/jump_egg4"
		],
		"subtitle": "subtitles.entity.zombie.destroy_egg"
	},
	"entity.zombie.hurt": {
		"sounds": [
			"mob/zombie/hurt1",
			"mob/zombie/hurt2"
		],
		"subtitle": "subtitles.entity.zombie.hurt"
	},
	"entity.zombie.infect": {
		"sounds": [
			"mob/zombie/infect"
		],
		"subtitle": "subtitles.entity.zombie.infect"
	},
	"entity.zombie.step": {
		"sounds": [
			"mob/zombie/step1",
			"mob/zombie/step2",
			"mob/zombie/step3",
			"mob/zombie/step4",
			"mob/zombie/step5"
		],
		"subtitle": "subtitles.block.generic.footsteps"
	},
	"entity.skeleton.ambient": {
		"sounds": [
			"mob/skeleton/say1",
			"mob/skeleton/say2",
			"mob/skeleton/say3"
		],
		"subtitle": "subtitles.entity.skeleton.ambient"
	},
	"entity.skeleton.death": {
		"sounds": [
			"mob/skeleton/death"
		],
		"subtitle": "subtitles.entity.skeleton.death"
	},
	"entity.skeleton.hurt": {
		"sounds": [
			"mob/skeleton/hurt1",
			"mob/skeleton/hurt2",
			"mob/skeleton/hurt3",
			"mob/skeleton/hurt4"
		],
		"subtitle": "subtitles.entity.skeleton.hurt"
	},
	"entity.skeleton.shoot": {
		"category": "ambient",
		"replace": true,
		"sounds": [
			{
				"name": "thewii:immersive/random/bow",
				"weight": 2146473647,
				"volume": 1.5
			}
		]
	},
	"entity.skeleton.step": {
		"sounds": [
			"mob/skeleton/step1",
			"mob/skeleton/step2",
			"mob/skeleton/step3",
			"mob/skeleton/step4"
		],
		"subtitle": "subtitles.block.generic.footsteps"
	},
	"entity.player.attack.sweep": {
		"sounds": [
			{
				"name": "entity/player/attack/sweep1",
				"volume": 0.7
			},
			{
				"name": "entity/player/attack/sweep2",
				"volume": 0.7
			},
			{
				"name": "entity/player/attack/sweep3",
				"volume": 0.7
			},
			{
				"name": "entity/player/attack/sweep4",
				"volume": 0.7
			},
			{
				"name": "entity/player/attack/sweep5",
				"volume": 0.7
			},
			{
				"name": "entity/player/attack/sweep6",
				"volume": 0.7
			},
			{
				"name": "entity/player/attack/sweep7",
				"volume": 0.7
			}
		],
		"subtitle": "subtitles.entity.player.attack.sweep"
	},

	
	"music.game": {
		"replace": true,
		"sounds": [
			{
				"name": "thewii:immersive/silence"
			}
		]
	},
	"music.creative": {
		"replace": true,
		"sounds": [
			{
				"name": "thewii:immersive/silence"
			}
		]
	},
	"music.under_water": {
		"replace": true,
		"sounds": [
			{
				"name": "thewii:immersive/silence"
			}
		]
	},
	"music.nether": {
		"replace": true,
		"sounds": [
			{
				"name": "thewii:immersive/silence"
			}
		]
	},
	"music.nether.nether_wastes": {
		"replace": true,
		"sounds": [
			{
				"name": "thewii:immersive/silence"
			}
		]
	},
	"music.nether.basalt_deltas": {
		"replace": true,
		"sounds": [
			{
				"name": "thewii:immersive/silence"
			}
		]
	},
	"music.nether.soul_sand_valley": {
		"replace": true,
		"sounds": [
			{
				"name": "thewii:immersive/silence"
			}
		]
	},
	"music.nether.crimson_forest": {
		"replace": true,
		"sounds": [
			{
				"name": "thewii:immersive/silence"
			}
		]
	},
	"music.nether.warped_forest": {
		"replace": true,
		"sounds": [
			{
				"name": "thewii:immersive/silence"
			}
		]
	},
	"music.end": {
		"replace": true,
		"sounds": [
			{
				"name": "thewii:immersive/silence"
			}
		]
	},
	"music.dragon": {
		"replace": true,
		"sounds": [
			{
				"name": "thewii:immersive/silence"
			}
		]
	},
	"soundtrack.game": {
		"sounds": [
			{
				"name": "music/game/calm1",
				"stream": true
			},
			{
				"name": "music/game/calm2",
				"stream": true
			},
			{
				"name": "music/game/calm3",
				"stream": true
			},
			{
				"name": "music/game/hal1",
				"stream": true
			},
			{
				"name": "music/game/hal2",
				"stream": true
			},
			{
				"name": "music/game/hal3",
				"stream": true
			},
			{
				"name": "music/game/hal4",
				"stream": true
			},
			{
				"name": "music/game/nuance1",
				"stream": true
			},
			{
				"name": "music/game/nuance2",
				"stream": true
			},
			{
				"name": "music/game/piano1",
				"stream": true
			},
			{
				"name": "music/game/piano2",
				"stream": true
			},
			{
				"name": "music/game/piano3",
				"stream": true
			}
		]
	},
	"soundtrack.creative": {
		"sounds": [
			{
				"name": "music.game",
				"type": "event"
			},
			{
				"name": "music/game/creative/creative1",
				"stream": true
			},
			{
				"name": "music/game/creative/creative2",
				"stream": true
			},
			{
				"name": "music/game/creative/creative3",
				"stream": true
			},
			{
				"name": "music/game/creative/creative4",
				"stream": true
			},
			{
				"name": "music/game/creative/creative5",
				"stream": true
			},
			{
				"name": "music/game/creative/creative6",
				"stream": true
			}
		]
	},
	"soundtrack.under_water": {
		"sounds": [
			{
				"name": "music/game/water/shuniji",
				"stream": true,
				"volume": 0.4
			},
			{
				"name": "music/game/water/dragon_fish",
				"stream": true,
				"volume": 0.4
			},
			{
				"name": "music/game/water/axolotl",
				"stream": true,
				"volume": 0.4
			}
		]
	},
	"soundtrack.nether": {
		"sounds": [
			{
				"name": "music/game/nether/nether1",
				"stream": true,
				"weight": 1
			},
			{
				"name": "music/game/nether/nether2",
				"stream": true,
				"weight": 1
			},
			{
				"name": "music/game/nether/nether3",
				"stream": true,
				"weight": 1
			},
			{
				"name": "music/game/nether/nether4",
				"stream": true,
				"weight": 1
			}
		]
	},
	"soundtrack.nether.basalt_deltas": {
		"sounds": [
			{
				"name": "music/game/nether/soulsand_valley/so_below",
				"stream": true,
				"volume": 0.5,
				"weight": 7
			},
			{
				"name": "music/game/nether/nether1",
				"stream": true,
				"weight": 1
			},
			{
				"name": "music/game/nether/nether2",
				"stream": true,
				"weight": 1
			},
			{
				"name": "music/game/nether/nether3",
				"stream": true,
				"weight": 1
			},
			{
				"name": "music/game/nether/nether4",
				"stream": true,
				"weight": 1
			}
		]
	},
	"soundtrack.nether.nether_wastes": {
		"sounds": [
			{
				"name": "music/game/nether/nether_wastes/rubedo",
				"stream": true,
				"volume": 0.5,
				"weight": 6
			},
			{
				"name": "music/game/nether/nether1",
				"stream": true,
				"weight": 1
			},
			{
				"name": "music/game/nether/nether2",
				"stream": true,
				"weight": 1
			},
			{
				"name": "music/game/nether/nether3",
				"stream": true,
				"weight": 1
			},
			{
				"name": "music/game/nether/nether4",
				"stream": true,
				"weight": 1
			}
		]
	},
	"soundtrack.nether.soul_sand_valley": {
		"sounds": [
			{
				"name": "music/game/nether/soulsand_valley/so_below",
				"stream": true,
				"volume": 0.5,
				"weight": 7
			},
			{
				"name": "music/game/nether/nether1",
				"stream": true,
				"weight": 1
			},
			{
				"name": "music/game/nether/nether2",
				"stream": true,
				"weight": 1
			},
			{
				"name": "music/game/nether/nether3",
				"stream": true,
				"weight": 1
			},
			{
				"name": "music/game/nether/nether4",
				"stream": true,
				"weight": 1
			}
		]
	},
	"soundtrack.nether.crimson_forest": {
		"sounds": [
			{
				"name": "music/game/nether/crimson_forest/chrysopoeia",
				"stream": true,
				"volume": 0.5,
				"weight": 7
			},
			{
				"name": "music/game/nether/nether1",
				"stream": true,
				"weight": 1
			},
			{
				"name": "music/game/nether/nether2",
				"stream": true,
				"weight": 1
			},
			{
				"name": "music/game/nether/nether3",
				"stream": true,
				"weight": 1
			},
			{
				"name": "music/game/nether/nether4",
				"stream": true,
				"weight": 1
			}
		]
	},
	"soundtrack.nether.warped_forest": {
		"sounds": []
	},
	"soundtrack.end": {
		"sounds": [
			{
				"name": "music/game/end/end",
				"stream": true
			}
		]
	},
	"soundtrack.dragon": {
		"sounds": [
			{
				"name": "music/game/end/boss",
				"stream": true
			}
		]
	},
   "entity.mutant_creeper.ambient":
	{"category": "hostile","sounds": [{"name": "minecraft:entity/mutant_creeper/ambient1","stream": false},{"name": "minecraft:entity/mutant_creeper/ambient2","stream": false},{"name": "minecraft:entity/mutant_creeper/ambient3","stream": false},{"name": "minecraft:entity/mutant_creeper/ambient4","stream": false}]},
   "entity.mutant_creeper.charge":
	{"category": "hostile","sounds": [{"name": "minecraft:entity/mutant_creeper/charge","stream": false}]},
   "entity.mutant_creeper.death":
	{"category": "hostile","sounds": [{"name": "minecraft:entity/mutant_creeper/death","stream": false}]},
   "entity.mutant_creeper.hurt":
	{"category": "hostile","sounds": [{"name": "minecraft:entity/mutant_creeper/hurt1","stream": false},{"name": "minecraft:entity/mutant_creeper/hurt2","stream": false}]},
   
   "entity.mutant_enderman.ambient":
	{"category": "hostile","sounds": [{"name": "minecraft:entity/mutant_enderman/ambient1","stream": false},{"name": "minecraft:entity/mutant_enderman/ambient2","stream": false}]},
   "entity.mutant_enderman.death":
	{"category": "hostile","sounds": [{"name": "minecraft:entity/mutant_enderman/death","stream": false}]},
   "entity.mutant_enderman.hurt":
	{"category": "hostile","sounds": [{"name": "minecraft:entity/mutant_enderman/hurt1","stream": false},{"name": "minecraft:entity/mutant_enderman/hurt2","stream": false},{"name": "minecraft:entity/mutant_enderman/hurt3","stream": false}]},
   "entity.mutant_enderman.scream":
	{"category": "hostile","sounds": [{"name": "minecraft:entity/mutant_enderman/scream","stream": false}]},
   "entity.mutant_enderman.stare":
	{"category": "hostile","sounds": [{"name": "minecraft:entity/mutant_enderman/stare","stream": false}]},

   "entity.mutant_skeleton.ambient":
	{"category": "hostile","sounds": [{"name": "minecraft:entity/mutant_skeleton/ambient1","stream": false},{"name": "minecraft:entity/mutant_skeleton/ambient2","stream": false},{"name": "minecraft:entity/mutant_skeleton/ambient3","stream": false}]},
   "entity.mutant_skeleton.death":
	{"category": "hostile","sounds": [{"name": "minecraft:entity/mutant_skeleton/death","stream": false}]},
   "entity.mutant_skeleton.hurt":
	{"category": "hostile","sounds": [{"name": "minecraft:entity/mutant_skeleton/hurt1","stream": false},{"name": "minecraft:entity/mutant_skeleton/hurt2","stream": false},{"name": "minecraft:entity/mutant_skeleton/hurt3","stream": false}]},
   "entity.mutant_skeleton.step":
	{"category": "hostile","sounds": [{"name": "minecraft:entity/mutant_skeleton/step1","stream": false},{"name": "minecraft:entity/mutant_skeleton/step2","stream": false},{"name": "minecraft:entity/mutant_skeleton/step3","stream": false}]},

   "entity.mutant_zombie.ambient":
	{"category": "hostile","sounds": [{"name": "minecraft:entity/mutant_zombie/ambient1","stream": false},{"name": "minecraft:entity/mutant_zombie/ambient2","stream": false},{"name": "minecraft:entity/mutant_zombie/ambient3","stream": false}]},
   "entity.mutant_zombie.attack":
	{"category": "hostile","sounds": [{"name": "minecraft:entity/mutant_zombie/attack","stream": false}]},
   "entity.mutant_zombie.grunt":
	{"category": "hostile","sounds": [{"name": "minecraft:entity/mutant_zombie/grunt","stream": false}]},
   "entity.mutant_zombie.hurt":
	{"category": "hostile","sounds": [{"name": "minecraft:entity/mutant_zombie/hurt1","stream": false},{"name": "minecraft:entity/mutant_zombie/hurt2","stream": false}]},
   "entity.mutant_zombie.roar":
	{"category": "hostile","sounds": [{"name": "minecraft:entity/mutant_zombie/roar1","stream": false},{"name": "minecraft:entity/mutant_zombie/roar2","stream": false}]},
   "entity.mutant_zombie.roarslow":
	{"category": "hostile","sounds": [{"name": "minecraft:entity/mutant_zombie/roarslow1","stream": false},{"name": "minecraft:entity/mutant_zombie/roarslow2","stream": false}]}
}
