{
	"credit": "Made with Blockbench",
	"textures": {
		"32spruce": "blocks/skeletonleather",
		"black": "blocks/black"
	},
	"elements": [
		{
			"from": [0.5, 10.6875, 5.625],
			"to": [2.5, 12.6875, 8.625],
			"rotation": {"angle": -22.5, "axis": "x", "origin": [0.5, 12.6875, 5.625]},
			"faces": {
				"north": {"uv": [0.5, 3.3125, 2.5, 5.3125], "texture": "#32spruce"},
				"east": {"uv": [5.625, 3.3125, 8.625, 5.3125], "texture": "#32spruce"},
				"south": {"uv": [0.5, 3.3125, 2.5, 5.3125], "texture": "#32spruce"},
				"west": {"uv": [5.625, 3.3125, 8.625, 5.3125], "texture": "#32spruce"},
				"up": {"uv": [0.5, 5.625, 2.5, 8.625], "texture": "#32spruce"},
				"down": {"uv": [0.5, 5.625, 2.5, 8.625], "texture": "#32spruce"}
			}
		},
		{
			"from": [0.6875, 10.125, 5.625],
			"to": [2.1875, 12.625, 7.125],
			"rotation": {"angle": 22.5, "axis": "x", "origin": [0.6875, 12.625, 5.625]},
			"faces": {
				"north": {"uv": [0.6875, 3.375, 2.1875, 5.875], "texture": "#32spruce"},
				"east": {"uv": [5.625, 3.375, 7.125, 5.875], "texture": "#32spruce"},
				"south": {"uv": [0.6875, 3.375, 2.1875, 5.875], "texture": "#32spruce"},
				"west": {"uv": [5.625, 3.375, 7.125, 5.875], "texture": "#32spruce"},
				"up": {"uv": [0.6875, 5.625, 2.1875, 7.125], "texture": "#32spruce"},
				"down": {"uv": [0.6875, 5.625, 2.1875, 7.125], "texture": "#32spruce"}
			}
		},
		{
			"from": [0.75, 11.0625, 9.3125],
			"to": [2.125, 12.5625, 11.8125],
			"rotation": {"angle": -45, "axis": "x", "origin": [0.75, 12.5625, 9.3125]},
			"faces": {
				"north": {"uv": [0.75, 3.4375, 2.125, 4.9375], "texture": "#32spruce"},
				"east": {"uv": [9.3125, 3.4375, 11.8125, 4.9375], "texture": "#32spruce"},
				"south": {"uv": [0.75, 3.4375, 2.125, 4.9375], "texture": "#32spruce"},
				"west": {"uv": [9.3125, 3.4375, 11.8125, 4.9375], "texture": "#32spruce"},
				"up": {"uv": [0.75, 9.3125, 2.125, 11.8125], "texture": "#32spruce"},
				"down": {"uv": [0.75, 9.3125, 2.125, 11.8125], "texture": "#32spruce"}
			}
		},
		{
			"from": [1, 11, 0.6875],
			"to": [2, 12, 4.1875],
			"rotation": {"angle": 22.5, "axis": "x", "origin": [1, 12, 0.6875]},
			"faces": {
				"north": {"uv": [1, 4, 2, 5], "texture": "#32spruce"},
				"east": {"uv": [0.6875, 4, 4.1875, 5], "texture": "#32spruce"},
				"south": {"uv": [1, 4, 2, 5], "texture": "#32spruce"},
				"west": {"uv": [0.6875, 4, 4.1875, 5], "texture": "#32spruce"},
				"up": {"uv": [1, 0.6875, 2, 4.1875], "texture": "#32spruce"},
				"down": {"uv": [1, 0.6875, 2, 4.1875], "texture": "#32spruce"}
			}
		},
		{
			"from": [0.6875, 12.3125, 8.5],
			"to": [2.1875, 13.8125, 11],
			"rotation": {"angle": 22.5, "axis": "x", "origin": [0.6875, 13.8125, 8.5]},
			"faces": {
				"north": {"uv": [0.6875, 2.5, 2.1875, 4], "texture": "#32spruce"},
				"east": {"uv": [8.5, 2.5, 11, 4], "texture": "#32spruce"},
				"south": {"uv": [0.6875, 2.5, 2.1875, 4], "texture": "#32spruce"},
				"west": {"uv": [8.5, 2.5, 11, 4], "texture": "#32spruce"},
				"up": {"uv": [0.6875, 8.5, 2.1875, 11], "texture": "#32spruce"},
				"down": {"uv": [0.6875, 8.5, 2.1875, 11], "texture": "#32spruce"}
			}
		},
		{
			"from": [0.75, 9.75, 3.5],
			"to": [2.125, 11.25, 6],
			"faces": {
				"north": {"uv": [0.75, 4.6875, 2.125, 6.1875], "texture": "#32spruce"},
				"east": {"uv": [2.4375, 4.6875, 4.9375, 6.1875], "texture": "#32spruce"},
				"south": {"uv": [0.75, 4.6875, 2.125, 6.1875], "texture": "#32spruce"},
				"west": {"uv": [2.4375, 4.6875, 4.9375, 6.1875], "texture": "#32spruce"},
				"up": {"uv": [0.75, 2.4375, 2.125, 4.9375], "texture": "#32spruce"},
				"down": {"uv": [0.75, 2.4375, 2.125, 4.9375], "texture": "#32spruce"}
			}
		},
		{
			"from": [1, 13.5, 12.5],
			"to": [2, 17, 13.5],
			"rotation": {"angle": 22.5, "axis": "x", "origin": [1, 17, 12.5]},
			"faces": {
				"north": {"uv": [1, 0, 2, 3.5], "texture": "#32spruce"},
				"east": {"uv": [12.5, 0, 13.5, 3.5], "texture": "#32spruce"},
				"south": {"uv": [1, 0, 2, 3.5], "texture": "#32spruce"},
				"west": {"uv": [12.5, 0, 13.5, 3.5], "texture": "#32spruce"},
				"up": {"uv": [1, 12.5, 2, 13.5], "texture": "#32spruce"},
				"down": {"uv": [1, 12.5, 2, 13.5], "texture": "#32spruce"}
			}
		},
		{
			"from": [1.25, 11.1875, 0.75],
			"to": [1.75, 11.6875, 13.75],
			"rotation": {"angle": -22.5, "axis": "x", "origin": [1.25, 11.6875, 0.75]},
			"faces": {
				"north": {"uv": [1.25, 4.3125, 1.75, 4.8125], "texture": "#black"},
				"east": {"uv": [0.75, 4.3125, 13.75, 4.8125], "texture": "#black"},
				"south": {"uv": [1.25, 4.3125, 1.75, 4.8125], "texture": "#black"},
				"west": {"uv": [0.75, 4.3125, 13.75, 4.8125], "texture": "#black"},
				"up": {"uv": [1.25, 0.75, 1.75, 13.75], "texture": "#black"},
				"down": {"uv": [1.25, 0.75, 1.75, 13.75], "texture": "#black"}
			}
		}
	],
	"display": {
		"thirdperson_righthand": {
			"rotation": [5, -120, -90],
			"translation": [3.04, -12.14, -7.62],
			"scale": [2, 2, 2]
		},
		"thirdperson_lefthand": {
			"rotation": [5, -120, -90],
			"translation": [3.04, 14.36, -5.37],
			"scale": [2, 2, 2]
		},
		"firstperson_righthand": {
			"rotation": [-7, 119.5, 94],
			"translation": [-7.5, 11, -0.5]
		},
		"firstperson_lefthand": {
			"rotation": [-7, 120.5, 93.5],
			"translation": [-8.5, -2, 0.5]
		},
		"ground": {
			"rotation": [0, 0, -90],
			"translation": [-7.52, -12.34, 1.01],
			"scale": [1.5, 1.5, 1.5]
		},
		"gui": {
			"rotation": [-138, -53, 81],
			"translation": [4.5, -2.25, 0],
			"scale": [1.4, 1.4, 1.4]
		},
		"head": {
			"rotation": [0, -180, 0],
			"translation": [0, -19.09, -3.21],
			"scale": [3, 3, 3]
		},
		"fixed": {
			"translation": [0, 0, -19.75],
			"scale": [0, 0, 0]
		}
	}
}
