{
	"credit": "Made with Blockbench",
	"parent": "item/generated",
	"textures": {
		"layer0": "item/misc/netherite/astral_scythe"
	},
	"display": {
		"thirdperson_righthand": {
			"rotation": [-45, -90, 0],
			"translation": [0, 10, 2],
			"scale": [1.5, 1.5, 0.75]
		},
		"thirdperson_lefthand": {
			"rotation": [-45, 90, 0],
			"translation": [0, 10, 2],
			"scale": [1.5, 1.5, 0.75]
		},
		"firstperson_righthand": {
			"rotation": [0, -90, 25],
			"translation": [1.13, 5.2, 1],
			"scale": [1, 1, 0.5]
		},
		"firstperson_lefthand": {
			"rotation": [0, 90, -25],
			"translation": [1.13, 5.2, 1],
			"scale": [1, 1, 0.5]
		},
		"ground": {
			"translation": [0, 6, 0],
			"scale": [1.0, 1.0, 0.5]
		},
		"gui": {
			"scale": [1.3, 1.3, 1.3]
		},
		"head": {
			"rotation": [-117, 9, 30],
			"translation": [2.25, -0.75, 5.25],
			"scale": [2, 2, 1]
		},
		"fixed": {
			"rotation": [0, -180, 0],
			"translation": [0, 0, -0.5],
			"scale": [1.25, 1.25, 1.25]
		}
	}
}
