{
	"credit": "Made with Blockbench",
	"parent": "item/generated",
	"textures": {
		"layer0": "item/misc/netherite/titan_arm"
	},
	"display": {
		"thirdperson_righthand": {
			"rotation": [45, 90, 0],
			"translation": [0, 10, 2],
			"scale": [1.5, 1.5, 1.5]
		},
		"thirdperson_lefthand": {
			"rotation": [45, -90, 0],
			"translation": [0, 10, 2],
			"scale": [1.5, 1.5, 1.5]
		},
		"firstperson_righthand": {
			"rotation": [0, -90, 25],
			"translation": [1.13, 5.2, 1]
		},
		"firstperson_lefthand": {
			"rotation": [0, 90, -25],
			"translation": [1.13, 5.2, 1]
		},
		"ground": {
			"translation": [0, 6, 0],
			"scale": [1.0, 1.0, 1.0]
		},
		"head": {
			"rotation": [0, 45, -75],
			"translation": [-7, 9, 7.5],
			"scale": [2, 2, 2]
		},
		"fixed": {
			"rotation": [0, -180, 0],
			"translation": [0, 0, -0.5],
			"scale": [1.25, 1.25, 1.25]
		}
	}
}
