{
	"credit": "Made with Blockbench",
	"textures": {
		"4": "blocks/creeper/mutant_creeper_0",
		"5": "blocks/creeper/mutant_creeper_1",
		"6": "blocks/creeper/mutant_creeper_2",
		"7": "blocks/creeper/mutant_creeper_3",
		"texture": "blocks/creeperskin",
		"red": "blocks/red",
		"black": "blocks/black",
		"darkred": "blocks/darkred",
		"particle": "blocks/creeper/mutant_creeper_0"
	},
	"elements": [
		{
			"from": [7.9375, 4.6875, 5.5],
			"to": [11.9375, 9.6875, 10.5],
			"rotation": {"angle": -22.5, "axis": "z", "origin": [7.9375, 9.6875, 5.5]},
			"faces": {
				"north": {"uv": [6, 6, 10, 11], "texture": "#texture"},
				"east": {"uv": [5.5, 6, 10.5, 11], "texture": "#texture"},
				"south": {"uv": [6, 6, 10, 11], "texture": "#texture"},
				"west": {"uv": [5.5, 6, 10.5, 11], "texture": "#texture"},
				"up": {"uv": [6, 5.5, 10, 10.5], "texture": "#texture"},
				"down": {"uv": [10, 10.5, 6, 5.5], "texture": "#texture"}
			}
		},
		{
			"from": [7.5, 3, 5.6875],
			"to": [13, 8, 10.1875],
			"rotation": {"angle": 22.5, "axis": "z", "origin": [7.5, 8, 5.6875]},
			"faces": {
				"north": {"uv": [0, 7.5, 4.5, 12.5], "texture": "#texture"},
				"east": {"uv": [5.5, 7.5, 10, 12.5], "texture": "#texture"},
				"south": {"uv": [11.5, 7.5, 16, 12.5], "texture": "#texture"},
				"west": {"uv": [6, 7.5, 10.5, 12.5], "texture": "#texture"},
				"up": {"uv": [11.5, 6, 16, 10.5], "texture": "#texture"},
				"down": {"uv": [4.5, 10.5, 0, 6], "texture": "#texture"}
			}
		},
		{
			"from": [8.875, 8.5, 6],
			"to": [12.375, 14, 10],
			"rotation": {"angle": 0, "axis": "y", "origin": [-0.125, 0, 0]},
			"faces": {
				"north": {"uv": [3.5, 2, 7, 7.5], "texture": "#texture"},
				"east": {"uv": [6, 2, 10, 7.5], "texture": "#texture"},
				"south": {"uv": [9, 2, 12.5, 7.5], "texture": "#texture"},
				"west": {"uv": [6, 2, 10, 7.5], "texture": "#texture"},
				"up": {"uv": [9, 6, 12.5, 10], "texture": "#texture"},
				"down": {"uv": [7, 10, 3.5, 6], "texture": "#texture"}
			}
		},
		{
			"from": [7.6875, 12.3125, 6.3125],
			"to": [12.6875, 15.8125, 9.8125],
			"rotation": {"angle": -22.5, "axis": "z", "origin": [7.6875, 15.8125, 6.3125]},
			"faces": {
				"north": {"uv": [7.8125, 0.1875, 12.8125, 3.6875], "texture": "#texture"},
				"east": {"uv": [6.3125, 0.1875, 9.8125, 3.6875], "texture": "#texture"},
				"south": {"uv": [7.8125, 0.1875, 12.8125, 3.6875], "texture": "#texture"},
				"west": {"uv": [6.3125, 0.1875, 9.8125, 3.6875], "texture": "#texture"},
				"up": {"uv": [7.8125, 6.3125, 12.8125, 9.8125], "texture": "#texture"},
				"down": {"uv": [7.8125, 6.3125, 12.8125, 9.8125], "texture": "#texture"}
			}
		},
		{
			"from": [3.875, 12.5, 6.5],
			"to": [7.875, 15.5, 9.5],
			"rotation": {"angle": 0, "axis": "z", "origin": [-0.125, 0, 0]},
			"faces": {
				"north": {"uv": [8, 0.5, 12, 3.5], "texture": "#texture"},
				"east": {"uv": [6.5, 0.5, 9.5, 3.5], "texture": "#texture"},
				"south": {"uv": [4, 0.5, 8, 3.5], "texture": "#texture"},
				"west": {"uv": [6.5, 0.5, 9.5, 3.5], "texture": "#texture"},
				"up": {"uv": [4, 6.5, 8, 9.5], "texture": "#texture"},
				"down": {"uv": [12, 9.5, 8, 6.5], "texture": "#texture"}
			}
		},
		{
			"from": [1, 10.75, 5],
			"to": [4, 16.75, 11],
			"rotation": {"angle": 0, "axis": "z", "origin": [0.51042, 13.25, 8]},
			"faces": {
				"north": {"uv": [1, 0, 4, 6], "texture": "#texture"},
				"east": {"uv": [5, 0, 11, 6], "texture": "#texture"},
				"south": {"uv": [1, 0, 4, 6], "texture": "#texture"},
				"west": {"uv": [5, 0, 11, 6], "texture": "#texture"},
				"up": {"uv": [1, 5, 4, 11], "texture": "#texture"},
				"down": {"uv": [1, 5, 4, 11], "texture": "#texture"}
			}
		},
		{
			"from": [0, 15.25, 5],
			"to": [1, 16.75, 11],
			"rotation": {"angle": 0, "axis": "z", "origin": [0.51042, 13.25, 8]},
			"faces": {
				"north": {"uv": [0, 0, 1, 1.5], "texture": "#texture"},
				"east": {"uv": [5, 0, 11, 1.5], "texture": "#texture"},
				"south": {"uv": [0, 0, 1, 1.5], "texture": "#texture"},
				"west": {"uv": [5, 0, 11, 1.5], "texture": "#texture"},
				"up": {"uv": [0, 5, 1, 11], "texture": "#texture"},
				"down": {"uv": [0, 5, 1, 11], "texture": "#texture"}
			}
		},
		{
			"from": [0, 10.75, 5],
			"to": [1, 15.25, 6],
			"rotation": {"angle": 0, "axis": "z", "origin": [0.51042, 13.25, 8]},
			"faces": {
				"north": {"uv": [0, 0, 1, 4.5], "texture": "#texture"},
				"east": {"uv": [5, 0, 6, 4.5], "texture": "#texture"},
				"south": {"uv": [0, 0, 1, 4.5], "texture": "#texture"},
				"west": {"uv": [5, 0, 6, 4.5], "texture": "#texture"},
				"up": {"uv": [0, 5, 1, 6], "texture": "#texture"},
				"down": {"uv": [0, 5, 1, 6], "texture": "#texture"}
			}
		},
		{
			"from": [0, 13.75, 7.5],
			"to": [1, 15.25, 8.5],
			"rotation": {"angle": 0, "axis": "z", "origin": [0.51042, 13.25, 8]},
			"faces": {
				"north": {"uv": [0, 0, 1, 1.5], "texture": "#texture"},
				"east": {"uv": [7.5, 0, 8.5, 1.5], "texture": "#texture"},
				"south": {"uv": [0, 0, 1, 1.5], "texture": "#texture"},
				"west": {"uv": [7.5, 0, 8.5, 1.5], "texture": "#texture"},
				"up": {"uv": [0, 7.5, 1, 8.5], "texture": "#texture"},
				"down": {"uv": [0, 7.5, 1, 8.5], "texture": "#texture"}
			}
		},
		{
			"from": [0, 10.75, 10],
			"to": [1, 15.25, 11],
			"rotation": {"angle": 0, "axis": "z", "origin": [0.51042, 13.25, 8]},
			"faces": {
				"north": {"uv": [0, 0, 1, 4.5], "texture": "#texture"},
				"east": {"uv": [10, 0, 11, 4.5], "texture": "#texture"},
				"south": {"uv": [0, 0, 1, 4.5], "texture": "#texture"},
				"west": {"uv": [10, 0, 11, 4.5], "texture": "#texture"},
				"up": {"uv": [0, 10, 1, 11], "texture": "#texture"},
				"down": {"uv": [0, 10, 1, 11], "texture": "#texture"}
			}
		},
		{
			"from": [0, 13.25, 6],
			"to": [1, 13.75, 7.5],
			"rotation": {"angle": 0, "axis": "z", "origin": [0.51042, 13.25, 8]},
			"faces": {
				"north": {"uv": [0, 1, 1, 1.5], "texture": "#texture"},
				"east": {"uv": [6, 1, 7.5, 1.5], "texture": "#texture"},
				"south": {"uv": [0, 1, 1, 1.5], "texture": "#texture"},
				"west": {"uv": [6, 1, 7.5, 1.5], "texture": "#texture"},
				"up": {"uv": [0, 6, 1, 7.5], "texture": "#texture"},
				"down": {"uv": [0, 6, 1, 7.5], "texture": "#texture"}
			}
		},
		{
			"from": [0, 13.25, 8.5],
			"to": [1, 13.75, 10],
			"rotation": {"angle": 0, "axis": "z", "origin": [0.51042, 13.25, 8]},
			"faces": {
				"north": {"uv": [0, 1, 1, 1.5], "texture": "#texture"},
				"east": {"uv": [8.5, 1, 10, 1.5], "texture": "#texture"},
				"south": {"uv": [0, 1, 1, 1.5], "texture": "#texture"},
				"west": {"uv": [8.5, 1, 10, 1.5], "texture": "#texture"},
				"up": {"uv": [0, 8.5, 1, 10], "texture": "#texture"},
				"down": {"uv": [0, 8.5, 1, 10], "texture": "#texture"}
			}
		},
		{
			"from": [0, 11.25, 7.5],
			"to": [1, 11.75, 8.5],
			"rotation": {"angle": 0, "axis": "z", "origin": [0.51042, 13.25, 8]},
			"faces": {
				"north": {"uv": [0, 3, 1, 3.5], "texture": "#texture"},
				"east": {"uv": [7.5, 3, 8.5, 3.5], "texture": "#texture"},
				"south": {"uv": [0, 3, 1, 3.5], "texture": "#texture"},
				"west": {"uv": [7.5, 3, 8.5, 3.5], "texture": "#texture"},
				"up": {"uv": [0, 7.5, 1, 8.5], "texture": "#texture"},
				"down": {"uv": [0, 7.5, 1, 8.5], "texture": "#texture"}
			}
		},
		{
			"from": [0, 10.75, 6],
			"to": [1, 13.25, 6.5],
			"rotation": {"angle": 0, "axis": "z", "origin": [0.51042, 13.25, 8]},
			"faces": {
				"north": {"uv": [0, 1.5, 1, 4], "texture": "#texture"},
				"east": {"uv": [6, 1.5, 6.5, 4], "texture": "#texture"},
				"south": {"uv": [0, 1.5, 1, 4], "texture": "#texture"},
				"west": {"uv": [6, 1.5, 6.5, 4], "texture": "#texture"},
				"up": {"uv": [0, 6, 1, 6.5], "texture": "#texture"},
				"down": {"uv": [0, 6, 1, 6.5], "texture": "#texture"}
			}
		},
		{
			"from": [0, 10.75, 9.5],
			"to": [1, 13.25, 10],
			"rotation": {"angle": 0, "axis": "z", "origin": [0.51042, 13.25, 8]},
			"faces": {
				"north": {"uv": [0, 1.5, 1, 4], "texture": "#texture"},
				"east": {"uv": [9.5, 1.5, 10, 4], "texture": "#texture"},
				"south": {"uv": [0, 1.5, 1, 4], "texture": "#texture"},
				"west": {"uv": [9.5, 1.5, 10, 4], "texture": "#texture"},
				"up": {"uv": [0, 9.5, 1, 10], "texture": "#texture"},
				"down": {"uv": [0, 9.5, 1, 10], "texture": "#texture"}
			}
		},
		{
			"from": [0, 10.75, 6.5],
			"to": [1, 11.25, 9.5],
			"rotation": {"angle": 0, "axis": "z", "origin": [0.51042, 13.25, 8]},
			"faces": {
				"north": {"uv": [0, 3.5, 1, 4], "texture": "#texture"},
				"east": {"uv": [6.5, 3.5, 9.5, 4], "texture": "#texture"},
				"south": {"uv": [0, 3.5, 1, 4], "texture": "#texture"},
				"west": {"uv": [6.5, 3.5, 9.5, 4], "texture": "#texture"},
				"up": {"uv": [0, 6.5, 1, 9.5], "texture": "#texture"},
				"down": {"uv": [0, 6.5, 1, 9.5], "texture": "#texture"}
			}
		},
		{
			"from": [0.3125, 13.75, 8.5],
			"to": [0.8125, 14.75, 9.5],
			"rotation": {"angle": 0, "axis": "z", "origin": [0.51042, 13.25, 8]},
			"faces": {
				"north": {"uv": [15.1875, 0, 15.6875, 1], "texture": "#red"},
				"east": {"uv": [6.5, 0, 7.5, 1], "texture": "#red"},
				"south": {"uv": [0.3125, 0, 0.8125, 1], "texture": "#red"},
				"west": {"uv": [8.5, 0, 9.5, 1], "texture": "#red"},
				"up": {"uv": [0.3125, 8.5, 0.8125, 9.5], "texture": "#red"},
				"down": {"uv": [15.6875, 9.5, 15.1875, 8.5], "texture": "#red"}
			}
		},
		{
			"from": [0.3125, 13.75, 6.5],
			"to": [0.8125, 14.75, 7.5],
			"rotation": {"angle": 0, "axis": "z", "origin": [0.51042, 13.25, 8]},
			"faces": {
				"north": {"uv": [15.1875, 0, 15.6875, 1], "texture": "#red"},
				"east": {"uv": [8.5, 0, 9.5, 1], "texture": "#red"},
				"south": {"uv": [0.3125, 0, 0.8125, 1], "texture": "#red"},
				"west": {"uv": [6.5, 0, 7.5, 1], "texture": "#red"},
				"up": {"uv": [0.3125, 6.5, 0.8125, 7.5], "texture": "#red"},
				"down": {"uv": [15.6875, 7.5, 15.1875, 6.5], "texture": "#red"}
			}
		},
		{
			"from": [0.1875, 11.25, 8.5],
			"to": [0.6875, 13.25, 9.5],
			"rotation": {"angle": 0, "axis": "z", "origin": [0.51042, 13.25, 8]},
			"faces": {
				"north": {"uv": [15.3125, 1.5, 15.8125, 3.5], "texture": "#black"},
				"east": {"uv": [6.5, 1.5, 7.5, 3.5], "texture": "#black"},
				"south": {"uv": [0.1875, 1.5, 0.6875, 3.5], "texture": "#black"},
				"west": {"uv": [8.5, 1.5, 9.5, 3.5], "texture": "#black"},
				"up": {"uv": [0.1875, 8.5, 0.6875, 9.5], "texture": "#black"},
				"down": {"uv": [15.8125, 9.5, 15.3125, 8.5], "texture": "#black"}
			}
		},
		{
			"from": [0.1875, 11.25, 6.5],
			"to": [0.6875, 13.25, 7.5],
			"rotation": {"angle": 0, "axis": "z", "origin": [0.51042, 13.25, 8]},
			"faces": {
				"north": {"uv": [0.1875, 1, 0.6875, 3.5], "texture": "#black"},
				"east": {"uv": [6.5, 1, 7.5, 3.5], "texture": "#black"},
				"south": {"uv": [0.1875, 1, 0.6875, 3.5], "texture": "#black"},
				"west": {"uv": [6.5, 1, 7.5, 3.5], "texture": "#black"},
				"up": {"uv": [0.1875, 6.5, 0.6875, 7.5], "texture": "#black"},
				"down": {"uv": [0.1875, 6.5, 0.6875, 7.5], "texture": "#black"}
			}
		},
		{
			"from": [0.1875, 11.75, 7.5],
			"to": [0.6875, 13.75, 8.5],
			"rotation": {"angle": 0, "axis": "z", "origin": [0.51042, 13.25, 8]},
			"faces": {
				"north": {"uv": [15.3125, 1, 15.8125, 3], "texture": "#black"},
				"east": {"uv": [7.5, 1, 8.5, 3], "texture": "#black"},
				"south": {"uv": [0.1875, 1, 0.6875, 3], "texture": "#black"},
				"west": {"uv": [7.5, 1, 8.5, 3], "texture": "#black"},
				"up": {"uv": [0.1875, 7.5, 0.6875, 8.5], "texture": "#black"},
				"down": {"uv": [15.8125, 8.5, 15.3125, 7.5], "texture": "#black"}
			}
		},
		{
			"from": [0.5, 13.75, 8.5],
			"to": [1, 15.25, 10],
			"rotation": {"angle": 0, "axis": "z", "origin": [0.51042, 13.25, 8]},
			"faces": {
				"north": {"uv": [15, 0, 15.5, 1], "texture": "#darkred"},
				"east": {"uv": [6, 0, 7.5, 1], "texture": "#darkred"},
				"south": {"uv": [0.5, 0, 1, 1], "texture": "#darkred"},
				"west": {"uv": [8.5, 0, 10, 1], "texture": "#darkred"},
				"up": {"uv": [0.5, 8.5, 1, 10], "texture": "#darkred"},
				"down": {"uv": [15.5, 10, 15, 8.5], "texture": "#darkred"}
			}
		},
		{
			"from": [0.5, 13.75, 6],
			"to": [1, 15.25, 7.5],
			"rotation": {"angle": 0, "axis": "z", "origin": [0.51042, 13.25, 8]},
			"faces": {
				"north": {"uv": [15, 0, 15.5, 1], "texture": "#darkred"},
				"east": {"uv": [8.5, 0, 10, 1], "texture": "#darkred"},
				"south": {"uv": [0.5, 0, 1, 1], "texture": "#darkred"},
				"west": {"uv": [6, 0, 7.5, 1], "texture": "#darkred"},
				"up": {"uv": [0.5, 6, 1, 7.5], "texture": "#darkred"},
				"down": {"uv": [15.5, 7.5, 15, 6], "texture": "#darkred"}
			}
		},
		{
			"from": [0.25, 0.125, 12.5],
			"to": [3.25, 6.125, 15.5],
			"rotation": {"angle": -22.5, "axis": "z", "origin": [0.25, 6.125, 12.5]},
			"faces": {
				"north": {"uv": [0, 9.875, 3, 15.875], "texture": "#4"},
				"east": {"uv": [11, 9.875, 14, 15.875], "texture": "#4"},
				"south": {"uv": [0, 9.875, 3, 15.875], "texture": "#4"},
				"west": {"uv": [11, 9.875, 14, 15.875], "texture": "#4"},
				"up": {"uv": [0, 11, 3, 14], "texture": "#4"},
				"down": {"uv": [0, 11, 3, 14], "texture": "#4"}
			}
		},
		{
			"from": [3.2336, 0.125, 14],
			"to": [6.2336, 6.125, 17],
			"rotation": {"angle": -22.5, "axis": "z", "origin": [3.2336, 6.125, 14]},
			"faces": {
				"north": {"uv": [0, 9.875, 3, 15.875], "texture": "#5"},
				"east": {"uv": [11, 9.875, 14, 15.875], "texture": "#5"},
				"south": {"uv": [0, 9.875, 3, 15.875], "texture": "#5"},
				"west": {"uv": [11, 9.875, 14, 15.875], "texture": "#5"},
				"up": {"uv": [0, 11, 3, 14], "texture": "#5"},
				"down": {"uv": [0, 11, 3, 14], "texture": "#5"}
			}
		},
		{
			"from": [-2.26638, 0.125, 10.5],
			"to": [0.73363, 6.125, 13.5],
			"rotation": {"angle": -22.5, "axis": "z", "origin": [-2.26638, 6.125, 10.5]},
			"faces": {
				"north": {"uv": [0, 9.875, 3, 15.875], "texture": "#7"},
				"east": {"uv": [11, 9.875, 14, 15.875], "texture": "#7"},
				"south": {"uv": [0, 9.875, 3, 15.875], "texture": "#7"},
				"west": {"uv": [11, 9.875, 14, 15.875], "texture": "#7"},
				"up": {"uv": [0, 11, 3, 14], "texture": "#7"},
				"down": {"uv": [0, 11, 3, 14], "texture": "#7"}
			}
		},
		{
			"from": [-0.4375, 3, 10.875],
			"to": [7.0625, 5.5, 13.875],
			"rotation": {"angle": 22.5, "axis": "y", "origin": [-0.4375, 3, 10.875]},
			"faces": {
				"north": {"uv": [9, 11, 16, 13.5], "texture": "#7"},
				"east": {"uv": [8.875, 2.75, 9.875, 3.375], "texture": "#7"},
				"south": {"uv": [0, 11, 7, 13.5], "texture": "#7"},
				"west": {"uv": [8.5, 11, 12.5, 13.5], "texture": "#7"},
				"up": {"uv": [0, 8.5, 7, 12.5], "texture": "#7"},
				"down": {"uv": [16, 12.5, 9, 8.5], "texture": "#7"}
			}
		},
		{
			"from": [1.1875, 3, 13.3125],
			"to": [8.6875, 5.5, 16.3125],
			"rotation": {"angle": 45, "axis": "y", "origin": [1.1875, 3, 13.3125]},
			"faces": {
				"north": {"uv": [9, 11, 16, 13.5], "texture": "#4"},
				"east": {"uv": [3.5, 11, 7.5, 13.5], "texture": "#4"},
				"south": {"uv": [0, 11, 7, 13.5], "texture": "#4"},
				"west": {"uv": [8.5, 11, 12.5, 13.5], "texture": "#4"},
				"up": {"uv": [0, 8.5, 7, 12.5], "texture": "#4"},
				"down": {"uv": [16, 12.5, 9, 8.5], "texture": "#4"}
			}
		},
		{
			"from": [6, 3, 8.5],
			"to": [9, 5.5, 16],
			"rotation": {"angle": -22.5, "axis": "y", "origin": [6, 3, 8.5]},
			"faces": {
				"north": {"uv": [3.5, 11, 7.5, 13.5], "texture": "#5"},
				"east": {"uv": [0, 11, 7, 13.5], "texture": "#5"},
				"south": {"uv": [8.5, 11, 12.5, 13.5], "texture": "#5"},
				"west": {"uv": [9, 11, 16, 13.5], "texture": "#5"},
				"up": {"uv": [0, 8.5, 7, 12.5], "rotation": 270, "texture": "#5"},
				"down": {"uv": [16, 12.5, 9, 8.5], "rotation": 90, "texture": "#5"}
			}
		},
		{
			"from": [11.9375, 4.5, 9.4375],
			"to": [14.9375, 7, 18.4375],
			"rotation": {"angle": 22.5, "axis": "y", "origin": [11.9375, 4.5, 9.4375]},
			"faces": {
				"north": {"uv": [6, 9, 9, 11.5], "texture": "#5"},
				"east": {"uv": [7, 9, 16, 11.5], "texture": "#5"},
				"south": {"uv": [7.9375, 9, 10.9375, 11.5], "texture": "#5"},
				"west": {"uv": [7, 9, 16, 11.5], "texture": "#5"},
				"up": {"uv": [7, 7.5, 16, 10.5], "rotation": 90, "texture": "#5"},
				"down": {"uv": [7, 6, 16, 9], "rotation": 270, "texture": "#5"}
			}
		},
		{
			"from": [15.5, -1, 15],
			"to": [18.5, 6.5, 18],
			"rotation": {"angle": 22.5, "axis": "z", "origin": [15.5, 6.5, 15]},
			"faces": {
				"north": {"uv": [13, 8.5, 16, 16], "texture": "#5"},
				"east": {"uv": [0, 8.5, 3, 16], "texture": "#5"},
				"south": {"uv": [13, 8.5, 16, 16], "texture": "#5"},
				"west": {"uv": [0, 8.5, 3, 16], "texture": "#5"},
				"up": {"uv": [13, 0, 16, 3], "texture": "#5"},
				"down": {"uv": [13, 0, 16, 3], "texture": "#5"}
			}
		},
		{
			"from": [18.5, -1, 13.5],
			"to": [21.5, 6.5, 16.5],
			"rotation": {"angle": 22.5, "axis": "z", "origin": [18.5, 6.5, 13.5]},
			"faces": {
				"north": {"uv": [13, 8.5, 16, 16], "texture": "#4"},
				"east": {"uv": [0, 8.5, 3, 16], "texture": "#4"},
				"south": {"uv": [13, 8.5, 16, 16], "texture": "#4"},
				"west": {"uv": [0, 8.5, 3, 16], "texture": "#4"},
				"up": {"uv": [13, 0, 16, 3], "texture": "#4"},
				"down": {"uv": [13, 0, 16, 3], "texture": "#4"}
			}
		},
		{
			"from": [1.1875, 3, 13.3125],
			"to": [8.6875, 5.5, 16.3125],
			"rotation": {"angle": 45, "axis": "y", "origin": [1.1875, 3, 13.3125]},
			"faces": {
				"north": {"uv": [9, 11, 16, 13.5], "texture": "#6"},
				"east": {"uv": [3.5, 11, 7.5, 13.5], "texture": "#6"},
				"south": {"uv": [0, 11, 7, 13.5], "texture": "#6"},
				"west": {"uv": [8.5, 11, 12.5, 13.5], "texture": "#6"},
				"up": {"uv": [0, 8.5, 7, 12.5], "texture": "#6"},
				"down": {"uv": [16, 12.5, 9, 8.5], "texture": "#6"}
			}
		},
		{
			"from": [0.23363, 0.125, 0.5],
			"to": [3.23363, 6.125, 3.5],
			"rotation": {"angle": -22.5, "axis": "z", "origin": [0.23363, 6.125, 0.5]},
			"faces": {
				"north": {"uv": [0, 9.875, 3, 15.875], "texture": "#6"},
				"east": {"uv": [11, 9.875, 14, 15.875], "texture": "#6"},
				"south": {"uv": [0, 9.875, 3, 15.875], "texture": "#6"},
				"west": {"uv": [11, 9.875, 14, 15.875], "texture": "#6"},
				"up": {"uv": [0, 11, 3, 14], "texture": "#6"},
				"down": {"uv": [0, 11, 3, 14], "texture": "#6"}
			}
		},
		{
			"from": [3.25, 3, 0.625],
			"to": [10.75, 5.5, 3.625],
			"rotation": {"angle": -45, "axis": "y", "origin": [3.25, 3, 0.625]},
			"faces": {
				"north": {"uv": [9, 11, 16, 13.5], "texture": "#6"},
				"east": {"uv": [3.5, 11, 7.5, 13.5], "texture": "#6"},
				"south": {"uv": [0, 11, 7, 13.5], "texture": "#6"},
				"west": {"uv": [8.5, 11, 12.5, 13.5], "texture": "#6"},
				"up": {"uv": [0, 8.5, 7, 12.5], "rotation": 180, "texture": "#6"},
				"down": {"uv": [16, 12.5, 9, 8.5], "texture": "#6"}
			}
		},
		{
			"from": [0.25, 0.125, 12.5],
			"to": [3.25, 6.125, 15.5],
			"rotation": {"angle": -22.5, "axis": "z", "origin": [0.25, 6.125, 12.5]},
			"faces": {
				"north": {"uv": [0, 9.875, 3, 15.875], "texture": "#6"},
				"east": {"uv": [11, 9.875, 14, 15.875], "texture": "#6"},
				"south": {"uv": [0, 9.875, 3, 15.875], "texture": "#6"},
				"west": {"uv": [11, 9.875, 14, 15.875], "texture": "#6"},
				"up": {"uv": [0, 11, 3, 14], "texture": "#6"},
				"down": {"uv": [0, 11, 3, 14], "texture": "#6"}
			}
		},
		{
			"from": [18.5, -1, -0.5],
			"to": [21.5, 6.5, 2.5],
			"rotation": {"angle": 22.5, "axis": "z", "origin": [18.5, 6.5, -0.5]},
			"faces": {
				"north": {"uv": [13, 8.5, 16, 16], "texture": "#6"},
				"east": {"uv": [0, 8.5, 3, 16], "texture": "#6"},
				"south": {"uv": [13, 8.5, 16, 16], "texture": "#6"},
				"west": {"uv": [0, 8.5, 3, 16], "texture": "#6"},
				"up": {"uv": [13, 0, 16, 3], "texture": "#6"},
				"down": {"uv": [13, 0, 16, 3], "texture": "#6"}
			}
		},
		{
			"from": [12, 4.5, 6],
			"to": [21, 7, 9],
			"rotation": {"angle": 45, "axis": "y", "origin": [12, 4.5, 6]},
			"faces": {
				"north": {"uv": [7, 9, 16, 11.5], "texture": "#6"},
				"east": {"uv": [7.9375, 9, 10.9375, 11.5], "texture": "#6"},
				"south": {"uv": [7, 9, 16, 11.5], "texture": "#6"},
				"west": {"uv": [6, 9, 9, 11.5], "texture": "#6"},
				"up": {"uv": [7, 7.5, 16, 10.5], "texture": "#6"},
				"down": {"uv": [7, 6, 16, 9], "texture": "#6"}
			}
		},
		{
			"from": [14.0625, 4.5, 7.9375],
			"to": [23.0625, 7, 10.9375],
			"rotation": {"angle": -45, "axis": "y", "origin": [14.0625, 4.5, 7.9375]},
			"faces": {
				"north": {"uv": [7, 9, 16, 11.5], "texture": "#6"},
				"east": {"uv": [7.9375, 9, 10.9375, 11.5], "texture": "#6"},
				"south": {"uv": [7, 9, 16, 11.5], "texture": "#6"},
				"west": {"uv": [6, 9, 9, 11.5], "texture": "#6"},
				"up": {"uv": [7, 7.5, 16, 10.5], "texture": "#6"},
				"down": {"uv": [7, 6, 16, 9], "texture": "#6"}
			}
		},
		{
			"from": [18.5, -1, 13.5],
			"to": [21.5, 6.5, 16.5],
			"rotation": {"angle": 22.5, "axis": "z", "origin": [18.5, 6.5, 13.5]},
			"faces": {
				"north": {"uv": [13, 8.5, 16, 16], "texture": "#6"},
				"east": {"uv": [0, 8.5, 3, 16], "texture": "#6"},
				"south": {"uv": [13, 8.5, 16, 16], "texture": "#6"},
				"west": {"uv": [0, 8.5, 3, 16], "texture": "#6"},
				"up": {"uv": [13, 0, 16, 3], "texture": "#6"},
				"down": {"uv": [13, 0, 16, 3], "texture": "#6"}
			}
		},
		{
			"from": [14.0625, 4.5, 7.9375],
			"to": [23.0625, 7, 10.9375],
			"rotation": {"angle": -45, "axis": "y", "origin": [14.0625, 4.5, 7.9375]},
			"faces": {
				"north": {"uv": [7, 9, 16, 11.5], "texture": "#4"},
				"east": {"uv": [7.9375, 9, 10.9375, 11.5], "texture": "#4"},
				"south": {"uv": [7, 9, 16, 11.5], "texture": "#4"},
				"west": {"uv": [6, 9, 9, 11.5], "texture": "#4"},
				"up": {"uv": [7, 7.5, 16, 10.5], "texture": "#4"},
				"down": {"uv": [7, 6, 16, 9], "texture": "#4"}
			}
		},
		{
			"from": [14.0625, 4.5, 7.9375],
			"to": [23.0625, 7, 10.9375],
			"rotation": {"angle": -22.5, "axis": "y", "origin": [14.0625, 4.5, 7.9375]},
			"faces": {
				"north": {"uv": [7, 9, 16, 11.5], "texture": "#7"},
				"east": {"uv": [7.9375, 9, 10.9375, 11.5], "texture": "#7"},
				"south": {"uv": [7, 9, 16, 11.5], "texture": "#7"},
				"west": {"uv": [1.98438, 10.25, 2.73438, 10.875], "texture": "#7"},
				"up": {"uv": [7, 7.5, 16, 10.5], "texture": "#7"},
				"down": {"uv": [7, 6, 16, 9], "texture": "#7"}
			}
		},
		{
			"from": [21.5, -1, 11.5],
			"to": [24.5, 6.5, 14.5],
			"rotation": {"angle": 22.5, "axis": "z", "origin": [21.5, 6.5, 11.5]},
			"faces": {
				"north": {"uv": [13, 8.5, 16, 16], "texture": "#7"},
				"east": {"uv": [0, 8.5, 3, 16], "texture": "#7"},
				"south": {"uv": [13, 8.5, 16, 16], "texture": "#7"},
				"west": {"uv": [0, 8.5, 3, 16], "texture": "#7"},
				"up": {"uv": [13, 0, 16, 3], "texture": "#7"},
				"down": {"uv": [13, 0, 16, 3], "texture": "#7"}
			}
		},
		{
			"from": [21.5, -1, 1.5],
			"to": [24.5, 6.5, 4.5],
			"rotation": {"angle": 22.5, "axis": "z", "origin": [21.5, 6.5, 1.5]},
			"faces": {
				"north": {"uv": [13, 8.5, 16, 16], "texture": "#5"},
				"east": {"uv": [0, 8.5, 3, 16], "texture": "#5"},
				"south": {"uv": [13, 8.5, 16, 16], "texture": "#5"},
				"west": {"uv": [0, 8.5, 3, 16], "texture": "#5"},
				"up": {"uv": [13, 0, 16, 3], "texture": "#5"},
				"down": {"uv": [13, 0, 16, 3], "texture": "#5"}
			}
		},
		{
			"from": [13.125, 4.5, 5.25],
			"to": [22.125, 7, 8.25],
			"rotation": {"angle": 22.5, "axis": "y", "origin": [13.125, 4.5, 5.25]},
			"faces": {
				"north": {"uv": [7, 9, 16, 11.5], "texture": "#5"},
				"east": {"uv": [7.9375, 9, 10.9375, 11.5], "texture": "#5"},
				"south": {"uv": [7, 9, 16, 11.5], "texture": "#5"},
				"west": {"uv": [6, 9, 9, 11.5], "texture": "#5"},
				"up": {"uv": [7, 7.5, 16, 10.5], "texture": "#5"},
				"down": {"uv": [7, 6, 16, 9], "texture": "#5"}
			}
		},
		{
			"from": [12, 4.5, 6],
			"to": [21, 7, 9],
			"rotation": {"angle": 45, "axis": "y", "origin": [12, 4.5, 6]},
			"faces": {
				"north": {"uv": [7, 9, 16, 11.5], "texture": "#4"},
				"east": {"uv": [7.9375, 9, 10.9375, 11.5], "texture": "#4"},
				"south": {"uv": [7, 9, 16, 11.5], "texture": "#4"},
				"west": {"uv": [6, 9, 9, 11.5], "texture": "#4"},
				"up": {"uv": [7, 7.5, 16, 10.5], "texture": "#4"},
				"down": {"uv": [7, 6, 16, 9], "texture": "#4"}
			}
		},
		{
			"from": [15.1875, 4.5, -1.5],
			"to": [18.1875, 7, 7.5],
			"rotation": {"angle": -22.5, "axis": "y", "origin": [15.1875, 4.5, -1.5]},
			"faces": {
				"north": {"uv": [7.9375, 9, 10.9375, 11.5], "texture": "#7"},
				"east": {"uv": [7, 9, 16, 11.5], "texture": "#7"},
				"south": {"uv": [6, 9, 9, 11.5], "texture": "#7"},
				"west": {"uv": [7, 9, 16, 11.5], "texture": "#7"},
				"up": {"uv": [7, 7.5, 16, 10.5], "rotation": 270, "texture": "#7"},
				"down": {"uv": [7, 6, 16, 9], "rotation": 90, "texture": "#7"}
			}
		},
		{
			"from": [15, -1, -2],
			"to": [18, 6.5, 1],
			"rotation": {"angle": 22.5, "axis": "z", "origin": [15, 6.5, -2]},
			"faces": {
				"north": {"uv": [13, 8.5, 16, 16], "texture": "#7"},
				"east": {"uv": [0, 8.5, 3, 16], "texture": "#7"},
				"south": {"uv": [13, 8.5, 16, 16], "texture": "#7"},
				"west": {"uv": [0, 8.5, 3, 16], "texture": "#7"},
				"up": {"uv": [13, 0, 16, 3], "texture": "#7"},
				"down": {"uv": [13, 0, 16, 3], "texture": "#7"}
			}
		},
		{
			"from": [18.5, -1, -0.5],
			"to": [21.5, 6.5, 2.5],
			"rotation": {"angle": 22.5, "axis": "z", "origin": [18.5, 6.5, -0.5]},
			"faces": {
				"north": {"uv": [13, 8.5, 16, 16], "texture": "#4"},
				"east": {"uv": [0, 8.5, 3, 16], "texture": "#4"},
				"south": {"uv": [13, 8.5, 16, 16], "texture": "#4"},
				"west": {"uv": [0, 8.5, 3, 16], "texture": "#4"},
				"up": {"uv": [13, 0, 16, 3], "texture": "#4"},
				"down": {"uv": [13, 0, 16, 3], "texture": "#4"}
			}
		},
		{
			"from": [3.125, 3, 0.625],
			"to": [6.125, 5.5, 8.125],
			"rotation": {"angle": 22.5, "axis": "y", "origin": [3.125, 3, 0.625]},
			"faces": {
				"north": {"uv": [8.5, 11, 12.5, 13.5], "texture": "#7"},
				"east": {"uv": [9, 11, 16, 13.5], "texture": "#7"},
				"south": {"uv": [3.5, 11, 7.5, 13.5], "texture": "#7"},
				"west": {"uv": [0, 11, 7, 13.5], "texture": "#7"},
				"up": {"uv": [0, 8.5, 7, 12.5], "rotation": 270, "texture": "#7"},
				"down": {"uv": [16, 12.5, 9, 8.5], "rotation": 270, "texture": "#7"}
			}
		},
		{
			"from": [3.25, 3, 0.625],
			"to": [10.75, 5.5, 3.625],
			"rotation": {"angle": -45, "axis": "y", "origin": [3.25, 3, 0.625]},
			"faces": {
				"north": {"uv": [9, 11, 16, 13.5], "texture": "#4"},
				"east": {"uv": [3.5, 11, 7.5, 13.5], "texture": "#4"},
				"south": {"uv": [0, 11, 7, 13.5], "texture": "#4"},
				"west": {"uv": [8.5, 11, 12.5, 13.5], "texture": "#4"},
				"up": {"uv": [0, 8.5, 7, 12.5], "rotation": 180, "texture": "#4"},
				"down": {"uv": [16, 12.5, 9, 8.5], "texture": "#4"}
			}
		},
		{
			"from": [0.6875, 3, 2.4375],
			"to": [8.1875, 5.5, 5.4375],
			"rotation": {"angle": -22.5, "axis": "y", "origin": [0.6875, 3, 2.4375]},
			"faces": {
				"north": {"uv": [9, 11, 16, 13.5], "texture": "#5"},
				"east": {"uv": [0.875, 10.75, 1.875, 11.375], "texture": "#5"},
				"south": {"uv": [0, 11, 7, 13.5], "texture": "#5"},
				"west": {"uv": [8.5, 11, 12.5, 13.5], "texture": "#5"},
				"up": {"uv": [0, 8.5, 7, 12.5], "rotation": 180, "texture": "#5"},
				"down": {"uv": [16, 12.5, 9, 8.5], "texture": "#5"}
			}
		},
		{
			"from": [2.9836, 0.125, -1],
			"to": [5.9836, 6.125, 2],
			"rotation": {"angle": -22.5, "axis": "z", "origin": [2.9836, 6.125, -1]},
			"faces": {
				"north": {"uv": [0, 9.875, 3, 15.875], "texture": "#7"},
				"east": {"uv": [11, 9.875, 14, 15.875], "texture": "#7"},
				"south": {"uv": [0, 9.875, 3, 15.875], "texture": "#7"},
				"west": {"uv": [11, 9.875, 14, 15.875], "texture": "#7"},
				"up": {"uv": [0, 11, 3, 14], "texture": "#7"},
				"down": {"uv": [0, 11, 3, 14], "texture": "#7"}
			}
		},
		{
			"from": [-2.01638, 0.125, 2.5],
			"to": [0.98363, 6.125, 5.5],
			"rotation": {"angle": -22.5, "axis": "z", "origin": [-2.01638, 6.125, 2.5]},
			"faces": {
				"north": {"uv": [0, 9.875, 3, 15.875], "texture": "#5"},
				"east": {"uv": [11, 9.875, 14, 15.875], "texture": "#5"},
				"south": {"uv": [0, 9.875, 3, 15.875], "texture": "#5"},
				"west": {"uv": [11, 9.875, 14, 15.875], "texture": "#5"},
				"up": {"uv": [0, 11, 3, 14], "texture": "#5"},
				"down": {"uv": [0, 11, 3, 14], "texture": "#5"}
			}
		},
		{
			"from": [0.23363, 0.125, 0.5],
			"to": [3.23363, 6.125, 3.5],
			"rotation": {"angle": -22.5, "axis": "z", "origin": [0.23363, 6.125, 0.5]},
			"faces": {
				"north": {"uv": [0, 9.875, 3, 15.875], "texture": "#4"},
				"east": {"uv": [11, 9.875, 14, 15.875], "texture": "#4"},
				"south": {"uv": [0, 9.875, 3, 15.875], "texture": "#4"},
				"west": {"uv": [11, 9.875, 14, 15.875], "texture": "#4"},
				"up": {"uv": [0, 11, 3, 14], "texture": "#4"},
				"down": {"uv": [0, 11, 3, 14], "texture": "#4"}
			}
		}
	],
	"display": {
		"head": {
			"rotation": [0, -90, 0],
			"translation": [0, -9, -8.69],
			"scale": [4, 4, 4]
		}
	},
	"groups": [0, 1, 2, 3, 4, 5, 6, 7, 8, 9, 10, 11, 12, 13, 14, 15, 16, 17, 18, 19, 20, 21, 22,
		{
			"name": "group",
			"origin": [8, 8, 8],
			"children": [23, 24, 25, 26, 27, 28, 29, 30, 31, 32, 33, 34, 35, 36, 37, 38, 39, 40, 41, 42, 43, 44, 45, 46, 47, 48, 49, 50, 51, 52, 53, 54]
		}
	]
}