{
	"credit": "Made with Blockbench",
	"texture_size": [128, 128],
	"textures": {
		"0": "blocks/mutantzombie/mutant_zombie",
		"1": "blocks/mutantzombie/mutant_zombie_anim_0",
		"2": "blocks/mutantzombie/mutant_zombie_anim_1",
		"3": "blocks/mutantzombie/mutant_zombie_anim_2",
		"4": "blocks/mutantzombie/mutant_zombie_anim_3",
		"particle": "blocks/mutantzombie/mutant_zombie_anim_0"
	},
	"elements": [
		{
			"name": "waist",
			"from": [4, 6.70313, 5.90625],
			"to": [11, 14.70313, 11.90625],
			"rotation": {"angle": -22.5, "axis": "x", "origin": [7.5, 11.60491, 10.81697]},
			"faces": {
				"north": {"uv": [1.5, 7, 3.25, 9], "texture": "#0"},
				"east": {"uv": [0, 7, 1.5, 9], "texture": "#0"},
				"south": {"uv": [4.75, 7, 6.5, 9], "texture": "#0"},
				"west": {"uv": [3.25, 7, 4.75, 9], "texture": "#0"},
				"up": {"uv": [3.25, 7, 1.5, 5.5], "texture": "#0"},
				"down": {"uv": [5, 5.5, 3.25, 7], "texture": "#0"}
			}
		},
		{
			"name": "chest",
			"from": [1.5, 11.09423, 5.46494],
			"to": [13.5, 17.09423, 13.46494],
			"rotation": {"angle": -45, "axis": "x", "origin": [7.5, 11.14117, 8.54244]},
			"faces": {
				"north": {"uv": [2, 4, 5, 5.5], "texture": "#0"},
				"east": {"uv": [0, 4, 2, 5.5], "texture": "#0"},
				"south": {"uv": [7, 4, 10, 5.5], "texture": "#0"},
				"west": {"uv": [5, 4, 7, 5.5], "texture": "#0"},
				"up": {"uv": [5, 4, 2, 2], "texture": "#0"},
				"down": {"uv": [8, 2, 5, 4], "texture": "#0"}
			}
		},
		{
			"name": "head",
			"from": [5.5, 14.68781, 2.18981],
			"to": [9.5, 18.68781, 6.18981],
			"rotation": {"angle": 0, "axis": "x", "origin": [7.5, 14.73822, 4.16023]},
			"faces": {
				"north": {"uv": [1, 1, 2, 2], "texture": "#0"},
				"east": {"uv": [0, 1, 1, 2], "texture": "#0"},
				"south": {"uv": [3, 1, 4, 2], "texture": "#0"},
				"west": {"uv": [2, 1, 3, 2], "texture": "#0"},
				"up": {"uv": [2, 1, 1, 0], "texture": "#0"},
				"down": {"uv": [3, 0, 2, 1], "texture": "#0"}
			}
		},
		{
			"name": "arm1",
			"from": [12.53125, 7.33984, 5.57736],
			"to": [15.65625, 15.33984, 8.57736],
			"rotation": {"angle": -22.5, "axis": "x", "origin": [15.65625, 13.82867, 7.07368]},
			"faces": {
				"north": {"uv": [10, 2, 12, 7.33333], "texture": "#1"},
				"east": {"uv": [8, 2, 10, 7.33333], "texture": "#1"},
				"south": {"uv": [14, 2, 16, 7.33333], "texture": "#1"},
				"west": {"uv": [12, 2, 14, 7.33333], "texture": "#1"},
				"up": {"uv": [12, 0, 10, 2], "texture": "#1"},
				"down": {"uv": [14, 0, 12, 2], "texture": "#1"}
			}
		},
		{
			"name": "forearm1",
			"from": [12.54375, 1.83019, 9.76784],
			"to": [15.64375, 9.93019, 12.86784],
			"rotation": {"angle": 22.5, "axis": "x", "origin": [15.65625, 13.82867, 7.07368]},
			"faces": {
				"north": {"uv": [10, 9.33333, 12, 14.66667], "texture": "#1"},
				"east": {"uv": [8, 9.33333, 10, 14.66667], "texture": "#1"},
				"south": {"uv": [14, 9.33333, 16, 14.66667], "texture": "#1"},
				"west": {"uv": [12, 9.33333, 14, 14.66667], "texture": "#1"},
				"up": {"uv": [12, 7.33333, 10, 9.33333], "texture": "#1"},
				"down": {"uv": [14, 7.33333, 12, 9.33333], "texture": "#1"}
			}
		},
		{
			"name": "arm1",
			"from": [12.53125, 7.33984, 5.57736],
			"to": [15.65625, 15.33984, 8.57736],
			"rotation": {"angle": 0, "axis": "x", "origin": [15.65625, 13.82867, 7.07368]},
			"faces": {
				"north": {"uv": [10, 2, 12, 7.33333], "texture": "#2"},
				"east": {"uv": [8, 2, 10, 7.33333], "texture": "#2"},
				"south": {"uv": [14, 2, 16, 7.33333], "texture": "#2"},
				"west": {"uv": [12, 2, 14, 7.33333], "texture": "#2"},
				"up": {"uv": [12, 0, 10, 2], "texture": "#2"},
				"down": {"uv": [14, 0, 12, 2], "texture": "#2"}
			}
		},
		{
			"name": "forearm1",
			"from": [12.54375, 6.68876, -0.52055],
			"to": [15.64375, 9.78876, 7.57945],
			"rotation": {"angle": -22.5, "axis": "x", "origin": [15.65625, 8.32867, 7.32368]},
			"faces": {
				"north": {"uv": [14, 7.33333, 12, 9.33333], "rotation": 180, "texture": "#2"},
				"east": {"uv": [8, 9.33333, 10, 14.66667], "rotation": 270, "texture": "#2"},
				"south": {"uv": [12, 7.33333, 10, 9.33333], "texture": "#2"},
				"west": {"uv": [12, 9.33333, 14, 14.66667], "rotation": 90, "texture": "#2"},
				"up": {"uv": [10, 9.33333, 12, 14.66667], "rotation": 180, "texture": "#2"},
				"down": {"uv": [14, 9.33333, 16, 14.66667], "texture": "#2"}
			}
		},
		{
			"name": "arm1",
			"from": [12.53125, 7.33984, 5.57736],
			"to": [15.65625, 15.33984, 8.57736],
			"rotation": {"angle": -22.5, "axis": "x", "origin": [15.65625, 13.82867, 7.07368]},
			"faces": {
				"north": {"uv": [10, 2, 12, 7.33333], "texture": "#3"},
				"east": {"uv": [8, 2, 10, 7.33333], "texture": "#3"},
				"south": {"uv": [14, 2, 16, 7.33333], "texture": "#3"},
				"west": {"uv": [12, 2, 14, 7.33333], "texture": "#3"},
				"up": {"uv": [12, 0, 10, 2], "texture": "#3"},
				"down": {"uv": [14, 0, 12, 2], "texture": "#3"}
			}
		},
		{
			"name": "forearm1",
			"from": [12.54375, 1.83019, 9.76784],
			"to": [15.64375, 9.93019, 12.86784],
			"rotation": {"angle": 22.5, "axis": "x", "origin": [15.65625, 13.82867, 7.07368]},
			"faces": {
				"north": {"uv": [10, 9.33333, 12, 14.66667], "texture": "#3"},
				"east": {"uv": [8, 9.33333, 10, 14.66667], "texture": "#3"},
				"south": {"uv": [14, 9.33333, 16, 14.66667], "texture": "#3"},
				"west": {"uv": [12, 9.33333, 14, 14.66667], "texture": "#3"},
				"up": {"uv": [12, 7.33333, 10, 9.33333], "texture": "#3"},
				"down": {"uv": [14, 7.33333, 12, 9.33333], "texture": "#3"}
			}
		},
		{
			"name": "arm1",
			"from": [12.53125, 12.33235, 5.56251],
			"to": [15.65625, 15.33235, 13.56251],
			"rotation": {"angle": 22.5, "axis": "x", "origin": [15.65625, 13.82867, 7.07368]},
			"faces": {
				"north": {"uv": [12, 0, 10, 2], "rotation": 180, "texture": "#4"},
				"east": {"uv": [8, 2, 10, 7.33333], "rotation": 90, "texture": "#4"},
				"south": {"uv": [14, 0, 12, 2], "texture": "#4"},
				"west": {"uv": [12, 2, 14, 7.33333], "rotation": 270, "texture": "#4"},
				"up": {"uv": [14, 2, 16, 7.33333], "texture": "#4"},
				"down": {"uv": [10, 2, 12, 7.33333], "rotation": 180, "texture": "#4"}
			}
		},
		{
			"name": "forearm1",
			"from": [12.54375, 4.26355, 10.86069],
			"to": [15.64375, 12.36355, 13.96069],
			"rotation": {"angle": 22.5, "axis": "x", "origin": [15.65625, 11.8912, 12.51118]},
			"faces": {
				"north": {"uv": [10, 9.33333, 12, 14.66667], "texture": "#4"},
				"east": {"uv": [8, 9.33333, 10, 14.66667], "texture": "#4"},
				"south": {"uv": [14, 9.33333, 16, 14.66667], "texture": "#4"},
				"west": {"uv": [12, 9.33333, 14, 14.66667], "texture": "#4"},
				"up": {"uv": [12, 7.33333, 10, 9.33333], "texture": "#4"},
				"down": {"uv": [14, 7.33333, 12, 9.33333], "texture": "#4"}
			}
		},
		{
			"name": "arm2",
			"from": [-0.65625, 7.33984, 5.57736],
			"to": [2.46875, 15.33984, 8.57736],
			"shade": false,
			"rotation": {"angle": -22.5, "axis": "x", "origin": [15.65625, 13.82867, 7.07368]},
			"faces": {
				"north": {"uv": [12, 2, 10, 7.33333], "texture": "#1"},
				"east": {"uv": [14, 2, 12, 7.33333], "texture": "#1"},
				"south": {"uv": [16, 2, 14, 7.33333], "texture": "#1"},
				"west": {"uv": [10, 2, 8, 7.33333], "texture": "#1"},
				"up": {"uv": [10, 0, 12, 2], "texture": "#1"},
				"down": {"uv": [12, 0, 14, 2], "texture": "#1"}
			}
		},
		{
			"name": "forearm2",
			"from": [-0.64375, 1.83019, 9.76784],
			"to": [2.45625, 9.93019, 12.86784],
			"shade": false,
			"rotation": {"angle": 22.5, "axis": "x", "origin": [15.65625, 13.82867, 7.07368]},
			"faces": {
				"north": {"uv": [12, 9.33333, 10, 14.66667], "texture": "#1"},
				"east": {"uv": [14, 9.33333, 12, 14.66667], "texture": "#1"},
				"south": {"uv": [16, 9.33333, 14, 14.66667], "texture": "#1"},
				"west": {"uv": [10, 9.33333, 8, 14.66667], "texture": "#1"},
				"up": {"uv": [10, 7.33333, 12, 9.33333], "texture": "#1"},
				"down": {"uv": [12, 7.33333, 14, 9.33333], "texture": "#1"}
			}
		},
		{
			"name": "arm2",
			"from": [-0.65625, 12.33235, 5.56251],
			"to": [2.46875, 15.33235, 13.56251],
			"shade": false,
			"rotation": {"angle": 22.5, "axis": "x", "origin": [15.65625, 13.82867, 7.07368]},
			"faces": {
				"north": {"uv": [10, 0, 12, 2], "rotation": 180, "texture": "#2"},
				"east": {"uv": [14, 2, 12, 7.33333], "rotation": 90, "texture": "#2"},
				"south": {"uv": [12, 0, 14, 2], "texture": "#2"},
				"west": {"uv": [10, 2, 8, 7.33333], "rotation": 270, "texture": "#2"},
				"up": {"uv": [16, 2, 14, 7.33333], "texture": "#2"},
				"down": {"uv": [12, 2, 10, 7.33333], "rotation": 180, "texture": "#2"}
			}
		},
		{
			"name": "forearm2",
			"from": [-0.64375, 4.2635, 10.8607],
			"to": [2.45625, 12.3635, 13.9607],
			"shade": false,
			"rotation": {"angle": 22.5, "axis": "x", "origin": [15.65625, 11.8912, 12.5112]},
			"faces": {
				"north": {"uv": [12, 9.33333, 10, 14.66667], "texture": "#2"},
				"east": {"uv": [14, 9.33333, 12, 14.66667], "texture": "#2"},
				"south": {"uv": [16, 9.33333, 14, 14.66667], "texture": "#2"},
				"west": {"uv": [10, 9.33333, 8, 14.66667], "texture": "#2"},
				"up": {"uv": [10, 7.33333, 12, 9.33333], "texture": "#2"},
				"down": {"uv": [12, 7.33333, 14, 9.33333], "texture": "#2"}
			}
		},
		{
			"name": "arm2",
			"from": [-0.65625, 7.33984, 5.57736],
			"to": [2.46875, 15.33984, 8.57736],
			"shade": false,
			"rotation": {"angle": -22.5, "axis": "x", "origin": [15.65625, 13.82867, 7.07368]},
			"faces": {
				"north": {"uv": [12, 2, 10, 7.33333], "texture": "#3"},
				"east": {"uv": [14, 2, 12, 7.33333], "texture": "#3"},
				"south": {"uv": [16, 2, 14, 7.33333], "texture": "#3"},
				"west": {"uv": [10, 2, 8, 7.33333], "texture": "#3"},
				"up": {"uv": [10, 0, 12, 2], "texture": "#3"},
				"down": {"uv": [12, 0, 14, 2], "texture": "#3"}
			}
		},
		{
			"name": "forearm2",
			"from": [-0.64375, 1.83019, 9.76784],
			"to": [2.45625, 9.93019, 12.86784],
			"shade": false,
			"rotation": {"angle": 22.5, "axis": "x", "origin": [15.65625, 13.82867, 7.07368]},
			"faces": {
				"north": {"uv": [12, 9.33333, 10, 14.66667], "texture": "#3"},
				"east": {"uv": [14, 9.33333, 12, 14.66667], "texture": "#3"},
				"south": {"uv": [16, 9.33333, 14, 14.66667], "texture": "#3"},
				"west": {"uv": [10, 9.33333, 8, 14.66667], "texture": "#3"},
				"up": {"uv": [10, 7.33333, 12, 9.33333], "texture": "#3"},
				"down": {"uv": [12, 7.33333, 14, 9.33333], "texture": "#3"}
			}
		},
		{
			"name": "arm2",
			"from": [-0.65625, 7.33984, 5.57736],
			"to": [2.46875, 15.33984, 8.57736],
			"shade": false,
			"rotation": {"angle": 0, "axis": "x", "origin": [15.65625, 13.82867, 7.07368]},
			"faces": {
				"north": {"uv": [12, 2, 10, 7.33333], "texture": "#4"},
				"east": {"uv": [14, 2, 12, 7.33333], "texture": "#4"},
				"south": {"uv": [16, 2, 14, 7.33333], "texture": "#4"},
				"west": {"uv": [10, 2, 8, 7.33333], "texture": "#4"},
				"up": {"uv": [10, 0, 12, 2], "texture": "#4"},
				"down": {"uv": [12, 0, 14, 2], "texture": "#4"}
			}
		},
		{
			"name": "forearm2",
			"from": [-0.64375, 6.68876, -0.52055],
			"to": [2.45625, 9.78876, 7.57945],
			"shade": false,
			"rotation": {"angle": -22.5, "axis": "x", "origin": [15.65625, 8.32867, 7.32368]},
			"faces": {
				"north": {"uv": [12, 7.33333, 14, 9.33333], "rotation": 180, "texture": "#4"},
				"east": {"uv": [14, 9.33333, 12, 14.66667], "rotation": 270, "texture": "#4"},
				"south": {"uv": [10, 7.33333, 12, 9.33333], "texture": "#4"},
				"west": {"uv": [10, 9.33333, 8, 14.66667], "rotation": 90, "texture": "#4"},
				"up": {"uv": [12, 9.33333, 10, 14.66667], "rotation": 180, "texture": "#4"},
				"down": {"uv": [16, 9.33333, 14, 14.66667], "texture": "#4"}
			}
		},
		{
			"name": "leg1",
			"from": [8.4375, 2.22197, 8.89331],
			"to": [11.5625, 7.72197, 11.89331],
			"rotation": {"angle": 45, "axis": "x", "origin": [7.5, 6.22458, 10.39461]},
			"faces": {
				"north": {"uv": [2, 2, 4, 5.625], "texture": "#1"},
				"east": {"uv": [0, 2, 2, 5.625], "texture": "#1"},
				"south": {"uv": [6, 2, 8, 5.625], "texture": "#1"},
				"west": {"uv": [4, 2, 6, 5.625], "texture": "#1"},
				"up": {"uv": [4, 2, 2, 0], "texture": "#1"},
				"down": {"uv": [6, 0, 4, 2], "texture": "#1"}
			}
		},
		{
			"name": "foreleg1",
			"from": [8.45, -0.00312, 6.54375],
			"to": [11.55, 4.09688, 9.64375],
			"rotation": {"angle": 0, "axis": "x", "origin": [7.5, 6.22458, 10.39461]},
			"faces": {
				"north": {"uv": [2, 7.66667, 4, 10.33333], "texture": "#1"},
				"east": {"uv": [0, 7.66667, 2, 10.33333], "texture": "#1"},
				"south": {"uv": [6, 7.66667, 8, 10.33333], "texture": "#1"},
				"west": {"uv": [4, 7.66667, 6, 10.33333], "texture": "#1"},
				"up": {"uv": [4, 7.66667, 2, 5.66667], "texture": "#1"},
				"down": {"uv": [6, 5.66667, 4, 7.66667], "texture": "#1"}
			}
		},
		{
			"name": "leg1",
			"from": [8.4375, 2.22197, 8.89331],
			"to": [11.5625, 7.72197, 11.89331],
			"rotation": {"angle": 0, "axis": "x", "origin": [7.5, 6.22458, 10.39461]},
			"faces": {
				"north": {"uv": [2, 2, 4, 5.625], "texture": "#2"},
				"east": {"uv": [0, 2, 2, 5.625], "texture": "#2"},
				"south": {"uv": [6, 2, 8, 5.625], "texture": "#2"},
				"west": {"uv": [4, 2, 6, 5.625], "texture": "#2"},
				"up": {"uv": [4, 2, 2, 0], "texture": "#2"},
				"down": {"uv": [6, 0, 4, 2], "texture": "#2"}
			}
		},
		{
			"name": "foreleg1",
			"from": [8.45, -0.00312, 6.54375],
			"to": [11.55, 4.09688, 9.64375],
			"rotation": {"angle": -45, "axis": "x", "origin": [7.5, 6.22458, 10.39461]},
			"faces": {
				"north": {"uv": [2, 7.66667, 4, 10.33333], "texture": "#2"},
				"east": {"uv": [0, 7.66667, 2, 10.33333], "texture": "#2"},
				"south": {"uv": [6, 7.66667, 8, 10.33333], "texture": "#2"},
				"west": {"uv": [4, 7.66667, 6, 10.33333], "texture": "#2"},
				"up": {"uv": [4, 7.66667, 2, 5.66667], "texture": "#2"},
				"down": {"uv": [6, 5.66667, 4, 7.66667], "texture": "#2"}
			}
		},
		{
			"name": "leg1",
			"from": [8.4375, 2.22197, 8.89331],
			"to": [11.5625, 7.72197, 11.89331],
			"rotation": {"angle": 45, "axis": "x", "origin": [7.5, 6.22458, 10.39461]},
			"faces": {
				"north": {"uv": [2, 2, 4, 5.625], "texture": "#3"},
				"east": {"uv": [0, 2, 2, 5.625], "texture": "#3"},
				"south": {"uv": [6, 2, 8, 5.625], "texture": "#3"},
				"west": {"uv": [4, 2, 6, 5.625], "texture": "#3"},
				"up": {"uv": [4, 2, 2, 0], "texture": "#3"},
				"down": {"uv": [6, 0, 4, 2], "texture": "#3"}
			}
		},
		{
			"name": "foreleg1",
			"from": [8.45, -0.00312, 6.54375],
			"to": [11.55, 4.09688, 9.64375],
			"rotation": {"angle": 0, "axis": "y", "origin": [7.5, 6.22458, 10.39461]},
			"faces": {
				"north": {"uv": [2, 7.66667, 4, 10.33333], "texture": "#3"},
				"east": {"uv": [0, 7.66667, 2, 10.33333], "texture": "#3"},
				"south": {"uv": [6, 7.66667, 8, 10.33333], "texture": "#3"},
				"west": {"uv": [4, 7.66667, 6, 10.33333], "texture": "#3"},
				"up": {"uv": [4, 7.66667, 2, 5.66667], "texture": "#3"},
				"down": {"uv": [6, 5.66667, 4, 7.66667], "texture": "#3"}
			}
		},
		{
			"name": "leg1",
			"from": [8.4375, 4.72588, 6.392],
			"to": [11.5625, 7.72588, 11.892],
			"rotation": {"angle": -22.5, "axis": "x", "origin": [7.5, 6.22458, 10.39461]},
			"faces": {
				"north": {"uv": [6, 0, 4, 2], "rotation": 180, "texture": "#4"},
				"east": {"uv": [0, 2, 2, 5.625], "rotation": 270, "texture": "#4"},
				"south": {"uv": [4, 2, 2, 0], "texture": "#4"},
				"west": {"uv": [4, 2, 6, 5.625], "rotation": 90, "texture": "#4"},
				"up": {"uv": [2, 2, 4, 5.625], "rotation": 180, "texture": "#4"},
				"down": {"uv": [6, 2, 8, 5.625], "texture": "#4"}
			}
		},
		{
			"name": "foreleg1",
			"from": [8.45, -0.00312, 6.54375],
			"to": [11.55, 4.09688, 9.64375],
			"rotation": {"angle": 22.5, "axis": "x", "origin": [7.5, 6.22458, 10.39461]},
			"faces": {
				"north": {"uv": [2, 7.66667, 4, 10.33333], "texture": "#4"},
				"east": {"uv": [0, 7.66667, 2, 10.33333], "texture": "#4"},
				"south": {"uv": [6, 7.66667, 8, 10.33333], "texture": "#4"},
				"west": {"uv": [4, 7.66667, 6, 10.33333], "texture": "#4"},
				"up": {"uv": [4, 7.66667, 2, 5.66667], "texture": "#4"},
				"down": {"uv": [6, 5.66667, 4, 7.66667], "texture": "#4"}
			}
		},
		{
			"name": "leg2",
			"from": [3.4375, 2.22197, 8.89331],
			"to": [6.5625, 7.72197, 11.89331],
			"shade": false,
			"rotation": {"angle": 45, "axis": "x", "origin": [7.5, 6.22458, 10.39461]},
			"faces": {
				"north": {"uv": [4, 2, 2, 5.625], "texture": "#1"},
				"east": {"uv": [6, 2, 4, 5.625], "texture": "#1"},
				"south": {"uv": [8, 2, 6, 5.625], "texture": "#1"},
				"west": {"uv": [2, 2, 0, 5.625], "texture": "#1"},
				"up": {"uv": [2, 2, 4, 0], "texture": "#1"},
				"down": {"uv": [4, 0, 6, 2], "texture": "#1"}
			}
		},
		{
			"name": "foreleg2",
			"from": [3.45, -0.12812, 6.54375],
			"to": [6.55, 4.09688, 9.64375],
			"shade": false,
			"rotation": {"angle": 0, "axis": "y", "origin": [7.5, 6.22458, 10.39461]},
			"faces": {
				"north": {"uv": [4, 7.66667, 2, 10.33333], "texture": "#1"},
				"east": {"uv": [6, 7.66667, 4, 10.33333], "texture": "#1"},
				"south": {"uv": [8, 7.66667, 6, 10.33333], "texture": "#1"},
				"west": {"uv": [2, 7.66667, 0, 10.33333], "texture": "#1"},
				"up": {"uv": [2, 7.66667, 4, 5.66667], "texture": "#1"},
				"down": {"uv": [4, 5.66667, 6, 7.66667], "texture": "#1"}
			}
		},
		{
			"name": "leg2",
			"from": [3.4375, 4.72588, 6.392],
			"to": [6.5625, 7.72588, 11.892],
			"shade": false,
			"rotation": {"angle": -22.5, "axis": "x", "origin": [7.5, 6.22458, 10.39461]},
			"faces": {
				"north": {"uv": [4, 0, 6, 2], "rotation": 180, "texture": "#2"},
				"east": {"uv": [6, 2, 4, 5.625], "rotation": 270, "texture": "#2"},
				"south": {"uv": [2, 2, 4, 0], "texture": "#2"},
				"west": {"uv": [2, 2, 0, 5.625], "rotation": 90, "texture": "#2"},
				"up": {"uv": [4, 2, 2, 5.625], "rotation": 180, "texture": "#2"},
				"down": {"uv": [8, 2, 6, 5.625], "texture": "#2"}
			}
		},
		{
			"name": "foreleg2",
			"from": [3.45, -0.12812, 6.54375],
			"to": [6.55, 4.09688, 9.64375],
			"shade": false,
			"rotation": {"angle": 22.5, "axis": "x", "origin": [7.5, 6.22458, 10.39461]},
			"faces": {
				"north": {"uv": [4, 7.66667, 2, 10.33333], "texture": "#2"},
				"east": {"uv": [6, 7.66667, 4, 10.33333], "texture": "#2"},
				"south": {"uv": [8, 7.66667, 6, 10.33333], "texture": "#2"},
				"west": {"uv": [2, 7.66667, 0, 10.33333], "texture": "#2"},
				"up": {"uv": [2, 7.66667, 4, 5.66667], "texture": "#2"},
				"down": {"uv": [4, 5.66667, 6, 7.66667], "texture": "#2"}
			}
		},
		{
			"name": "leg2",
			"from": [3.4375, 2.22197, 8.89331],
			"to": [6.5625, 7.72197, 11.89331],
			"shade": false,
			"rotation": {"angle": 45, "axis": "x", "origin": [7.5, 6.22458, 10.39461]},
			"faces": {
				"north": {"uv": [4, 2, 2, 5.625], "texture": "#3"},
				"east": {"uv": [6, 2, 4, 5.625], "texture": "#3"},
				"south": {"uv": [8, 2, 6, 5.625], "texture": "#3"},
				"west": {"uv": [2, 2, 0, 5.625], "texture": "#3"},
				"up": {"uv": [2, 2, 4, 0], "texture": "#3"},
				"down": {"uv": [4, 0, 6, 2], "texture": "#3"}
			}
		},
		{
			"name": "foreleg2",
			"from": [3.45, -0.12812, 6.54375],
			"to": [6.55, 4.09688, 9.64375],
			"shade": false,
			"rotation": {"angle": 0, "axis": "y", "origin": [7.5, 6.22458, 10.39461]},
			"faces": {
				"north": {"uv": [4, 7.66667, 2, 10.33333], "texture": "#3"},
				"east": {"uv": [6, 7.66667, 4, 10.33333], "texture": "#3"},
				"south": {"uv": [8, 7.66667, 6, 10.33333], "texture": "#3"},
				"west": {"uv": [2, 7.66667, 0, 10.33333], "texture": "#3"},
				"up": {"uv": [2, 7.66667, 4, 5.66667], "texture": "#3"},
				"down": {"uv": [4, 5.66667, 6, 7.66667], "texture": "#3"}
			}
		},
		{
			"name": "leg2",
			"from": [3.4375, 2.22197, 8.89331],
			"to": [6.5625, 7.72197, 11.89331],
			"shade": false,
			"rotation": {"angle": 0, "axis": "x", "origin": [7.5, 6.22458, 10.39461]},
			"faces": {
				"north": {"uv": [4, 2, 2, 5.625], "texture": "#4"},
				"east": {"uv": [6, 2, 4, 5.625], "texture": "#4"},
				"south": {"uv": [8, 2, 6, 5.625], "texture": "#4"},
				"west": {"uv": [2, 2, 0, 5.625], "texture": "#4"},
				"up": {"uv": [2, 2, 4, 0], "texture": "#4"},
				"down": {"uv": [4, 0, 6, 2], "texture": "#4"}
			}
		},
		{
			"name": "foreleg2",
			"from": [3.45, -0.12812, 6.54375],
			"to": [6.55, 4.09688, 9.64375],
			"shade": false,
			"rotation": {"angle": -45, "axis": "x", "origin": [7.5, 6.22458, 10.39461]},
			"faces": {
				"north": {"uv": [4, 7.66667, 2, 10.33333], "texture": "#4"},
				"east": {"uv": [6, 7.66667, 4, 10.33333], "texture": "#4"},
				"south": {"uv": [8, 7.66667, 6, 10.33333], "texture": "#4"},
				"west": {"uv": [2, 7.66667, 0, 10.33333], "texture": "#4"},
				"up": {"uv": [2, 7.66667, 4, 5.66667], "texture": "#4"},
				"down": {"uv": [4, 5.66667, 6, 7.66667], "texture": "#4"}
			}
		}
	],
	"display": {
		"head": {
			"translation": [0, -13.75, 0],
			"scale": [3.9, 3.9, 3.9]
		}
	},
	"groups": [
		{
			"name": "pelvis",
			"origin": [0, 0.375, 6],
			"children": [
				{
					"name": "waist",
					"origin": [0, 0.375, 6],
					"children": [0,
						{
							"name": "chest",
							"origin": [0, 12.375, 6],
							"children": [1,
								{
									"name": "head",
									"origin": [0, 23.375, 2],
									"children": [2]
								},
								{
									"name": "arm1",
									"origin": [0, 12.375, 6],
									"children": [
										{
											"name": "arm1",
											"origin": [11, 20.375, 8],
											"children": [3,
												{
													"name": "forearm1",
													"origin": [11, 6.375, 8],
													"children": [4]
												}
											]
										},
										{
											"name": "arm1",
											"origin": [11, 20.375, 8],
											"children": [5,
												{
													"name": "forearm1",
													"origin": [11, 6.375, 8],
													"children": [6]
												}
											]
										},
										{
											"name": "arm1",
											"origin": [11, 20.375, 8],
											"children": [7,
												{
													"name": "forearm1",
													"origin": [11, 6.375, 8],
													"children": [8]
												}
											]
										},
										{
											"name": "arm1",
											"origin": [11, 20.375, 8],
											"children": [9,
												{
													"name": "forearm1",
													"origin": [11, 6.375, 8],
													"children": [10]
												}
											]
										}
									]
								},
								{
									"name": "arm2",
									"origin": [0, 12.375, 6],
									"children": [
										{
											"name": "arm2",
											"origin": [-11, 20.375, 8],
											"shade": false,
											"children": [11,
												{
													"name": "forearm2",
													"origin": [-11, 6.375, 8],
													"shade": false,
													"children": [12]
												}
											]
										},
										{
											"name": "arm2",
											"origin": [-11, 20.375, 8],
											"shade": false,
											"children": [13,
												{
													"name": "forearm2",
													"origin": [-11, 6.375, 8],
													"shade": false,
													"children": [14]
												}
											]
										},
										{
											"name": "arm2",
											"origin": [-11, 20.375, 8],
											"shade": false,
											"children": [15,
												{
													"name": "forearm2",
													"origin": [-11, 6.375, 8],
													"shade": false,
													"children": [16]
												}
											]
										},
										{
											"name": "arm2",
											"origin": [-11, 20.375, 8],
											"shade": false,
											"children": [17,
												{
													"name": "forearm2",
													"origin": [-11, 6.375, 8],
													"shade": false,
													"children": [18]
												}
											]
										}
									]
								}
							]
						}
					]
				},
				{
					"name": "leg1",
					"origin": [0, 0.375, 6],
					"children": [
						{
							"name": "leg1",
							"origin": [5, 2.375, 6],
							"children": [19,
								{
									"name": "foreleg1",
									"origin": [5, -7.125, 6],
									"children": [20]
								}
							]
						},
						{
							"name": "leg1",
							"origin": [5, 2.375, 6],
							"children": [21,
								{
									"name": "foreleg1",
									"origin": [5, -7.125, 6],
									"children": [22]
								}
							]
						},
						{
							"name": "leg1",
							"origin": [5, 2.375, 6],
							"children": [23,
								{
									"name": "foreleg1",
									"origin": [5, -7.125, 6],
									"children": [24]
								}
							]
						},
						{
							"name": "leg1",
							"origin": [5, 2.375, 6],
							"children": [25,
								{
									"name": "foreleg1",
									"origin": [5, -7.125, 6],
									"children": [26]
								}
							]
						}
					]
				},
				{
					"name": "leg2",
					"origin": [0, 0.375, 6],
					"children": [
						{
							"name": "leg2",
							"origin": [-5, 2.375, 6],
							"shade": false,
							"children": [27,
								{
									"name": "foreleg2",
									"origin": [-5, -7.125, 6],
									"shade": false,
									"children": [28]
								}
							]
						},
						{
							"name": "leg2",
							"origin": [-5, 2.375, 6],
							"shade": false,
							"children": [29,
								{
									"name": "foreleg2",
									"origin": [-5, -7.125, 6],
									"shade": false,
									"children": [30]
								}
							]
						},
						{
							"name": "leg2",
							"origin": [-5, 2.375, 6],
							"shade": false,
							"children": [31,
								{
									"name": "foreleg2",
									"origin": [-5, -7.125, 6],
									"shade": false,
									"children": [32]
								}
							]
						},
						{
							"name": "leg2",
							"origin": [-5, 2.375, 6],
							"shade": false,
							"children": [33,
								{
									"name": "foreleg2",
									"origin": [-5, -7.125, 6],
									"shade": false,
									"children": [34]
								}
							]
						}
					]
				}
			]
		}
	]
}