{
	"credit": "Made with Blockbench",
	"texture_size": [128, 128],
	"textures": {
		"0": "blocks/mutantzombie/mutant_zombie"
	},
	"elements": [
		{
			"name": "waist",
			"from": [4, 6.70313, 5.90625],
			"to": [11, 14.70313, 11.90625],
			"rotation": {"angle": -22.5, "axis": "x", "origin": [7.5, 11.60491, 10.81697]},
			"faces": {
				"north": {"uv": [1.5, 7, 3.25, 9], "texture": "#0"},
				"east": {"uv": [0, 7, 1.5, 9], "texture": "#0"},
				"south": {"uv": [4.75, 7, 6.5, 9], "texture": "#0"},
				"west": {"uv": [3.25, 7, 4.75, 9], "texture": "#0"},
				"up": {"uv": [3.25, 7, 1.5, 5.5], "texture": "#0"},
				"down": {"uv": [5, 5.5, 3.25, 7], "texture": "#0"}
			}
		},
		{
			"name": "chest",
			"from": [1.5, 8.27261, 2.16241],
			"to": [13.5, 16.27261, 8.16241],
			"rotation": {"angle": 22.5, "axis": "x", "origin": [7.5, 9.99632, 7.58525]},
			"faces": {
				"north": {"uv": [5, 4, 2, 2], "rotation": 180, "texture": "#0"},
				"east": {"uv": [0, 4, 2, 5.5], "rotation": 90, "texture": "#0"},
				"south": {"uv": [8, 2, 5, 4], "texture": "#0"},
				"west": {"uv": [5, 4, 7, 5.5], "rotation": 270, "texture": "#0"},
				"up": {"uv": [7, 4, 10, 5.5], "texture": "#0"},
				"down": {"uv": [2, 4, 5, 5.5], "rotation": 180, "texture": "#0"}
			}
		},
		{
			"name": "head",
			"from": [5.5, 12.63278, 1.17129],
			"to": [9.5, 16.63278, 5.17129],
			"rotation": {"angle": -45, "axis": "x", "origin": [7.5, 12.7529, 3.13676]},
			"faces": {
				"north": {"uv": [1, 1, 2, 2], "texture": "#0"},
				"east": {"uv": [0, 1, 1, 2], "texture": "#0"},
				"south": {"uv": [3, 1, 4, 2], "texture": "#0"},
				"west": {"uv": [2, 1, 3, 2], "texture": "#0"},
				"up": {"uv": [2, 1, 1, 0], "texture": "#0"},
				"down": {"uv": [3, 0, 2, 1], "texture": "#0"}
			}
		},
		{
			"name": "arm1",
			"from": [12.53125, 6.67912, 4.50087],
			"to": [15.65625, 14.67912, 7.50087],
			"rotation": {"angle": 45, "axis": "x", "origin": [7.5, 13.18382, 5.96025]},
			"faces": {
				"north": {"uv": [13.75, 0.75, 14.5, 2.75], "texture": "#0"},
				"east": {"uv": [13, 0.75, 13.75, 2.75], "texture": "#0"},
				"south": {"uv": [15.25, 0.75, 16, 2.75], "texture": "#0"},
				"west": {"uv": [14.5, 0.75, 15.25, 2.75], "texture": "#0"},
				"up": {"uv": [14.5, 0.75, 13.75, 0], "texture": "#0"},
				"down": {"uv": [15.25, 0, 14.5, 0.75], "texture": "#0"}
			}
		},
		{
			"name": "forearm1",
			"from": [12.54375, 7.35231, -6.02333],
			"to": [15.64375, 10.45231, 2.07667],
			"rotation": {"angle": 22.5, "axis": "y", "origin": [14.0625, 8.90231, 1.90167]},
			"faces": {
				"north": {"uv": [15.25, 2.75, 14.5, 3.5], "rotation": 180, "texture": "#0"},
				"east": {"uv": [13, 3.5, 13.75, 5.5], "rotation": 270, "texture": "#0"},
				"south": {"uv": [14.5, 3.5, 13.75, 2.75], "texture": "#0"},
				"west": {"uv": [14.5, 3.5, 15.25, 5.5], "rotation": 90, "texture": "#0"},
				"up": {"uv": [13.75, 3.5, 14.5, 5.5], "rotation": 180, "texture": "#0"},
				"down": {"uv": [15.25, 3.5, 16, 5.5], "texture": "#0"}
			}
		},
		{
			"name": "arm2",
			"from": [-0.65625, 6.67912, 4.50087],
			"to": [2.46875, 14.67912, 7.50087],
			"shade": false,
			"rotation": {"angle": 45, "axis": "x", "origin": [7.5, 13.18382, 5.96025]},
			"faces": {
				"north": {"uv": [14.5, 0.75, 13.75, 2.75], "texture": "#0"},
				"east": {"uv": [15.25, 0.75, 14.5, 2.75], "texture": "#0"},
				"south": {"uv": [16, 0.75, 15.25, 2.75], "texture": "#0"},
				"west": {"uv": [13.75, 0.75, 13, 2.75], "texture": "#0"},
				"up": {"uv": [13.75, 0.75, 14.5, 0], "texture": "#0"},
				"down": {"uv": [14.5, 0, 15.25, 0.75], "texture": "#0"}
			}
		},
		{
			"name": "forearm2",
			"from": [-0.64375, 7.35231, -6.02333],
			"to": [2.45625, 10.45231, 2.07667],
			"shade": false,
			"rotation": {"angle": -22.5, "axis": "y", "origin": [0.9375, 8.90231, 1.90167]},
			"faces": {
				"north": {"uv": [14.5, 2.75, 15.25, 3.5], "rotation": 180, "texture": "#0"},
				"east": {"uv": [15.25, 3.5, 14.5, 5.5], "rotation": 270, "texture": "#0"},
				"south": {"uv": [13.75, 3.5, 14.5, 2.75], "texture": "#0"},
				"west": {"uv": [13.75, 3.5, 13, 5.5], "rotation": 90, "texture": "#0"},
				"up": {"uv": [14.5, 3.5, 13.75, 5.5], "rotation": 180, "texture": "#0"},
				"down": {"uv": [16, 3.5, 15.25, 5.5], "texture": "#0"}
			}
		},
		{
			"name": "leg1",
			"from": [8.5, 3.79688, 8.09375],
			"to": [11.5, 9.29688, 11.09375],
			"rotation": {"angle": 45, "axis": "x", "origin": [7.5, 6.04688, 8.09375]},
			"faces": {
				"north": {"uv": [10.75, 0.75, 11.5, 2.125], "texture": "#0"},
				"east": {"uv": [10, 0.75, 10.75, 2.125], "texture": "#0"},
				"south": {"uv": [12.25, 0.75, 13, 2.125], "texture": "#0"},
				"west": {"uv": [11.5, 0.75, 12.25, 2.125], "texture": "#0"},
				"up": {"uv": [11.5, 0.75, 10.75, 0], "texture": "#0"},
				"down": {"uv": [12.25, 0, 11.5, 0.75], "texture": "#0"}
			}
		},
		{
			"name": "foreleg1",
			"from": [8.45, -0.00312, 6.54375],
			"to": [11.55, 4.09688, 9.64375],
			"rotation": {"angle": 0, "axis": "y", "origin": [4, 0.79688, 4.09375]},
			"faces": {
				"north": {"uv": [10.75, 2.875, 11.5, 3.875], "texture": "#0"},
				"east": {"uv": [10, 2.875, 10.75, 3.875], "texture": "#0"},
				"south": {"uv": [12.25, 2.875, 13, 3.875], "texture": "#0"},
				"west": {"uv": [11.5, 2.875, 12.25, 3.875], "texture": "#0"},
				"up": {"uv": [11.5, 2.875, 10.75, 2.125], "texture": "#0"},
				"down": {"uv": [12.25, 2.125, 11.5, 2.875], "texture": "#0"}
			}
		},
		{
			"name": "leg2",
			"from": [3.5, 3.79688, 8.09375],
			"to": [6.5, 9.29688, 11.09375],
			"shade": false,
			"rotation": {"angle": 45, "axis": "x", "origin": [7.5, 6.04688, 8.09375]},
			"faces": {
				"north": {"uv": [11.5, 0.75, 10.75, 2.125], "texture": "#0"},
				"east": {"uv": [12.25, 0.75, 11.5, 2.125], "texture": "#0"},
				"south": {"uv": [13, 0.75, 12.25, 2.125], "texture": "#0"},
				"west": {"uv": [10.75, 0.75, 10, 2.125], "texture": "#0"},
				"up": {"uv": [10.75, 0.75, 11.5, 0], "texture": "#0"},
				"down": {"uv": [11.5, 0, 12.25, 0.75], "texture": "#0"}
			}
		},
		{
			"name": "foreleg2",
			"from": [3.45, -0.00312, 6.54375],
			"to": [6.55, 4.09688, 9.64375],
			"shade": false,
			"rotation": {"angle": 0, "axis": "y", "origin": [4, 0.79688, 4.09375]},
			"faces": {
				"north": {"uv": [11.5, 2.875, 10.75, 3.875], "texture": "#0"},
				"east": {"uv": [12.25, 2.875, 11.5, 3.875], "texture": "#0"},
				"south": {"uv": [13, 2.875, 12.25, 3.875], "texture": "#0"},
				"west": {"uv": [10.75, 2.875, 10, 3.875], "texture": "#0"},
				"up": {"uv": [10.75, 2.875, 11.5, 2.125], "texture": "#0"},
				"down": {"uv": [11.5, 2.125, 12.25, 2.875], "texture": "#0"}
			}
		}
	],
	"display": {
		"head": {
			"translation": [0, -13.75, 0],
			"scale": [3.9, 3.9, 3.9]
		}
	},
	"groups": [
		{
			"name": "pelvis",
			"origin": [0, 0.375, 6],
			"children": [
				{
					"name": "waist",
					"origin": [0, 0.375, 6],
					"children": [0,
						{
							"name": "chest",
							"origin": [0, 12.375, 6],
							"children": [1,
								{
									"name": "head",
									"origin": [0, 23.375, 2],
									"children": [2]
								},
								{
									"name": "arm1",
									"origin": [11, 20.375, 8],
									"children": [3,
										{
											"name": "forearm1",
											"origin": [11, 6.375, 8],
											"children": [4]
										}
									]
								},
								{
									"name": "arm2",
									"origin": [-11, 20.375, 8],
									"shade": false,
									"children": [5,
										{
											"name": "forearm2",
											"origin": [-11, 6.375, 8],
											"shade": false,
											"children": [6]
										}
									]
								}
							]
						}
					]
				},
				{
					"name": "leg1",
					"origin": [5, 2.375, 6],
					"children": [7,
						{
							"name": "foreleg1",
							"origin": [5, -7.125, 6],
							"children": [8]
						}
					]
				},
				{
					"name": "leg2",
					"origin": [-5, 2.375, 6],
					"shade": false,
					"children": [9,
						{
							"name": "foreleg2",
							"origin": [-5, -7.125, 6],
							"shade": false,
							"children": [10]
						}
					]
				}
			]
		}
	]
}