{
    "__comment": "Model animated using Fizzy's model animator - http://fizzy81.github.io/animated-models/", 
    "textures": {
        "main": "blocks/mutantwolfangry"
    }, 
    "elements": [
        {
            "from": [ 9.5, -1, 1 ], 
            "to":   [ 11.5, 3, 3.5 ], 
            "rotation": { "origin": [9.5, 3, 1], "axis": "x", "angle": -22.5 }, 
            "faces": {
                "down":  { "uv": [ 3.25, 1.625, 2.625, 1 ], "texture": "#main" }, 
                "up":    { "uv": [ 0.75, 1, 1.375, 1.625 ], "texture": "#main" }, 
                "north": { "uv": [ 2.625, 3, 3.25, 4 ], "texture": "#main" }, 
                "south": { "uv": [ 0.75, 3, 1.375, 4 ], "texture": "#main" }, 
                "west":  { "uv": [ 1, 3, 1.625, 4 ], "texture": "#main" }, 
                "east":  { "uv": [ 2.375, 3, 3, 4 ], "texture": "#main" }
            }
        }, 
        {
            "from": [ 4.5, -0.956706, 1 ], 
            "to":   [ 6.5, 3.04329, 3.5 ], 
            "rotation": { "origin": [4.5, 3.04329, 1], "axis": "x", "angle": -22.5 }, 
            "faces": {
                "down":  { "uv": [ 3.25, 1.625, 2.625, 1 ], "texture": "#main" }, 
                "up":    { "uv": [ 0.75, 1, 1.375, 1.625 ], "texture": "#main" }, 
                "north": { "uv": [ 2.625, 3, 3.25, 4 ], "texture": "#main" }, 
                "south": { "uv": [ 0.75, 3, 1.375, 4 ], "texture": "#main" }, 
                "west":  { "uv": [ 1, 3, 1.625, 4 ], "texture": "#main" }, 
                "east":  { "uv": [ 2.375, 3, 3, 4 ], "texture": "#main" }
            }
        }, 
        {
            "from": [ 9.25, 2.75, 2.25 ], 
            "to":   [ 11.75, 6.25, 5.25 ], 
            "rotation": { "origin": [9.25, 6.25, 2.25], "axis": "x", "angle": 22.5 }, 
            "faces": {
                "down":  { "uv": [ 3.25, 1.5, 2.5, 0.75 ], "texture": "#main" }, 
                "up":    { "uv": [ 0.75, 0.75, 1.5, 1.5 ], "texture": "#main" }, 
                "north": { "uv": [ 2.5, 2.125, 3.25, 3 ], "texture": "#main" }, 
                "south": { "uv": [ 0.75, 2.125, 1.5, 3 ], "texture": "#main" }, 
                "west":  { "uv": [ 0.75, 2.125, 1.5, 3 ], "texture": "#main" }, 
                "east":  { "uv": [ 2.5, 2.125, 3.25, 3 ], "texture": "#main" }
            }
        }, 
        {
            "from": [ 4.25, 2.75, 2.25 ], 
            "to":   [ 6.75, 6.25, 5.25 ], 
            "rotation": { "origin": [4.25, 6.25, 2.25], "axis": "x", "angle": 22.5 }, 
            "faces": {
                "down":  { "uv": [ 3.25, 1.5, 2.5, 0.75 ], "texture": "#main" }, 
                "up":    { "uv": [ 0.75, 0.75, 1.5, 1.5 ], "texture": "#main" }, 
                "north": { "uv": [ 2.5, 2.125, 3.25, 3 ], "texture": "#main" }, 
                "south": { "uv": [ 0.75, 2.125, 1.5, 3 ], "texture": "#main" }, 
                "west":  { "uv": [ 0.75, 2.125, 1.5, 3 ], "texture": "#main" }, 
                "east":  { "uv": [ 2.5, 2.125, 3.25, 3 ], "texture": "#main" }
            }
        }, 
        {
            "from": [ 4.5, 5.5, 4.5 ], 
            "to":   [ 11.5, 10.5, 10.5 ], 
            "rotation": { "origin": [4.5, 10.5, 4.5], "axis": "x", "angle": 45 }, 
            "faces": {
                "down":  { "uv": [ 1.125, 1.125, 2.875, 2.625 ], "texture": "#main" }, 
                "up":    { "uv": [ 1.125, 1.125, 2.875, 2.625 ], "texture": "#main" }, 
                "north": { "uv": [ 1.125, 1.375, 2.875, 2.625 ], "texture": "#main" }, 
                "south": { "uv": [ 1.125, 1.375, 2.875, 2.625 ], "texture": "#main" }, 
                "west":  { "uv": [ 1.125, 1.375, 2.625, 2.625 ], "texture": "#main" }, 
                "east":  { "uv": [ 1.125, 1.375, 2.625, 2.625 ], "texture": "#main" }
            }
        }, 
        {
            "from": [ 5.1875, 3.5, 5.5 ], 
            "to":   [ 10.6875, 8, 14 ], 
            "faces": {
                "down":  { "uv": [ 1.25, 1.375, 2.75, 3.5 ], "texture": "#main" }, 
                "up":    { "uv": [ 1.25, 1.375, 2.75, 3.5 ], "texture": "#main" }, 
                "north": { "uv": [ 1.25, 2, 2.75, 3.125 ], "texture": "#main" }, 
                "south": { "uv": [ 1.25, 2, 2.75, 3.125 ], "texture": "#main" }, 
                "west":  { "uv": [ 1.375, 2, 3.5, 3.125 ], "texture": "#main" }, 
                "east":  { "uv": [ 1.375, 2, 3.5, 3.125 ], "texture": "#main" }
            }
        }, 
        {
            "from": [ 9, 1.03177, 9 ], 
            "to":   [ 11.5, 5.03177, 13 ], 
            "rotation": { "origin": [9, 5.03177, 9], "axis": "x", "angle": -22.5 }, 
            "faces": {
                "down":  { "uv": [ 3, 3.625, 2.5, 2.625 ], "texture": "#main" }, 
                "up":    { "uv": [ 1, 2.625, 1.5, 3.625 ], "texture": "#main" }, 
                "north": { "uv": [ 2.5, 2.5, 3, 3.5 ], "texture": "#main" }, 
                "south": { "uv": [ 1, 2.5, 1.5, 3.5 ], "texture": "#main" }, 
                "west":  { "uv": [ 2.625, 2.5, 3.625, 3.5 ], "texture": "#main" }, 
                "east":  { "uv": [ 0.375, 2.5, 1.375, 3.5 ], "texture": "#main" }
            }
        }, 
        {
            "from": [ 9.5, 1.5, 12.5 ], 
            "to":   [ 11, 4, 17.5 ], 
            "rotation": { "origin": [9.5, 4, 12.5], "axis": "x", "angle": 22.5 }, 
            "faces": {
                "down":  { "uv": [ 1.125, 2.75, 1.625, 4 ], "texture": "#main" }, 
                "up":    { "uv": [ 1.125, 2.75, 1.625, 4 ], "texture": "#main" }, 
                "north": { "uv": [ 1.125, 3, 1.625, 3.625 ], "texture": "#main" }, 
                "south": { "uv": [ 1.125, 3, 1.625, 3.625 ], "texture": "#main" }, 
                "west":  { "uv": [ 2.75, 3, 4, 3.625 ], "texture": "#main" }, 
                "east":  { "uv": [ 2.75, 3, 4, 3.625 ], "texture": "#main" }
            }
        }, 
        {
            "from": [ 4.5, 1.03177, 9 ], 
            "to":   [ 7, 5.03177, 13 ], 
            "rotation": { "origin": [4.5, 5.03177, 9], "axis": "x", "angle": -22.5 }, 
            "faces": {
                "down":  { "uv": [ 3, 3.625, 2.5, 2.625 ], "texture": "#main" }, 
                "up":    { "uv": [ 1, 2.625, 1.5, 3.625 ], "texture": "#main" }, 
                "north": { "uv": [ 2.5, 2.5, 3, 3.5 ], "texture": "#main" }, 
                "south": { "uv": [ 1, 2.5, 1.5, 3.5 ], "texture": "#main" }, 
                "west":  { "uv": [ 2.625, 2.5, 3.625, 3.5 ], "texture": "#main" }, 
                "east":  { "uv": [ 0.375, 2.5, 1.375, 3.5 ], "texture": "#main" }
            }
        }, 
        {
            "from": [ 5, 1.5, 12.5 ], 
            "to":   [ 6.5, 4, 17.5 ], 
            "rotation": { "origin": [5, 4, 12.5], "axis": "x", "angle": 22.5 }, 
            "faces": {
                "down":  { "uv": [ 1.125, 2.75, 1.625, 4 ], "texture": "#main" }, 
                "up":    { "uv": [ 1.125, 2.75, 1.625, 4 ], "texture": "#main" }, 
                "north": { "uv": [ 1.125, 3, 1.625, 3.625 ], "texture": "#main" }, 
                "south": { "uv": [ 1.125, 3, 1.625, 3.625 ], "texture": "#main" }, 
                "west":  { "uv": [ 2.75, 3, 4, 3.625 ], "texture": "#main" }, 
                "east":  { "uv": [ 2.75, 3, 4, 3.625 ], "texture": "#main" }
            }
        }, 
        {
            "from": [ 6, 7, 0.5 ], 
            "to":   [ 10, 11, 4.5 ], 
            "faces": {
                "down":  { "uv": [ 2.5, 1.125, 1.5, 0.125 ], "texture": "#main" }, 
                "up":    { "uv": [ 1.5, 0.125, 2.5, 1.125 ], "texture": "#main" }, 
                "north": { "uv": [ 0.4375, 4, 1.3125, 4.75 ], "texture": "#main" }, 
                "south": { "uv": [ 1.5, 1.25, 2.5, 2.25 ], "texture": "#main" }, 
                "west":  { "uv": [ 0.125, 1.25, 1.125, 2.25 ], "texture": "#main" }, 
                "east":  { "uv": [ 2.875, 1.25, 3.875, 2.25 ], "texture": "#main" }
            }
        }, 
        {
            "from": [ 7, 7, -1.5 ], 
            "to":   [ 9, 9, 0.5 ], 
            "faces": {
                "down":  { "uv": [ 0.875, 4.875, 1.25, 5.25 ], "texture": "#main" }, 
                "up":    { "uv": [ 0.5, 5.25, 0.875, 4.875 ], "texture": "#main" }, 
                "north": { "uv": [ 0.5, 5.25, 0.875, 5.625 ], "texture": "#main" }, 
                "south": { "uv": [ 0.875, 4.875, 1.125, 5.125 ], "texture": "#main" }, 
                "west":  { "uv": [ 0.875, 5.25, 1.25, 5.625 ], "texture": "#main" }, 
                "east":  { "uv": [ 0.125, 5.25, 0.5, 5.625 ], "texture": "#main" }
            }
        }, 
        {
            "from": [ 8.5, 11, 1.5 ], 
            "to":   [ 10, 12.5, 2.5 ], 
            "faces": {
                "down":  { "uv": [ 1.5, 0.375, 1.875, 0.625 ], "texture": "#main" }, 
                "up":    { "uv": [ 1.5, 0.375, 1.875, 0.625 ], "texture": "#main" }, 
                "north": { "uv": [ 1.5, 0.75, 1.875, 1.25 ], "texture": "#main" }, 
                "south": { "uv": [ 1.5, 0.75, 1.875, 1.25 ], "texture": "#main" }, 
                "west":  { "uv": [ 0.375, 0.75, 0.625, 1.25 ], "texture": "#main" }, 
                "east":  { "uv": [ 0.375, 0.75, 0.625, 1.25 ], "texture": "#main" }
            }
        }, 
        {
            "from": [ 6, 11, 1.5 ], 
            "to":   [ 7.5, 12.5, 2.5 ], 
            "faces": {
                "down":  { "uv": [ 1.5, 0.375, 1.875, 0.625 ], "texture": "#main" }, 
                "up":    { "uv": [ 1.5, 0.375, 1.875, 0.625 ], "texture": "#main" }, 
                "north": { "uv": [ 1.5, 0.75, 1.875, 1.25 ], "texture": "#main" }, 
                "south": { "uv": [ 1.5, 0.75, 1.875, 1.25 ], "texture": "#main" }, 
                "west":  { "uv": [ 0.375, 0.75, 0.625, 1.25 ], "texture": "#main" }, 
                "east":  { "uv": [ 0.375, 0.75, 0.625, 1.25 ], "texture": "#main" }
            }
        }, 
        {
            "from": [ 7, 5.5, 14 ], 
            "to":   [ 9, 7.5, 16 ], 
            "faces": {
                "down":  { "uv": [ 5.75, 3.5, 6.25, 4 ], "texture": "#main" }, 
                "up":    { "uv": [ 5.75, 3.5, 6.25, 4 ], "texture": "#main" }, 
                "north": { "uv": [ 5.75, 2.125, 6.25, 2.625 ], "texture": "#main" }, 
                "south": { "uv": [ 5.75, 2.125, 6.25, 2.625 ], "texture": "#main" }, 
                "west":  { "uv": [ 7.5, 2.125, 8, 2.625 ], "texture": "#main" }, 
                "east":  { "uv": [ 7.5, 2.125, 8, 2.625 ], "texture": "#main" }
            }
        }, 
        {
            "from": [ 7.25, 5.5, 15 ], 
            "to":   [ 8.75, 7, 18 ], 
            "rotation": { "origin": [7.25, 7, 15], "axis": "x", "angle": -22.5 }, 
            "faces": {
                "down":  { "uv": [ 5.875, 3.25, 6.375, 4 ], "texture": "#main" }, 
                "up":    { "uv": [ 5.875, 3.25, 6.375, 4 ], "texture": "#main" }, 
                "north": { "uv": [ 5.875, 1.875, 6.375, 2.375 ], "texture": "#main" }, 
                "south": { "uv": [ 5.875, 1.875, 6.375, 2.375 ], "texture": "#main" }, 
                "west":  { "uv": [ 7.25, 1.875, 8, 2.375 ], "texture": "#main" }, 
                "east":  { "uv": [ 7.25, 1.875, 8, 2.375 ], "texture": "#main" }
            }
        }, 
        {
            "from": [ 7.5, 6.6875, 17.5 ], 
            "to":   [ 8.5, 7.6875, 20.5 ], 
            "rotation": { "origin": [7.5, 7.6875, 17.5], "axis": "x", "angle": -45 }, 
            "faces": {
                "down":  { "uv": [ 5.875, 3.25, 6.125, 4 ], "texture": "#main" }, 
                "up":    { "uv": [ 5.875, 3.25, 6.125, 4 ], "texture": "#main" }, 
                "north": { "uv": [ 5.875, 2.078125, 6.125, 2.328125 ], "texture": "#main" }, 
                "south": { "uv": [ 5.875, 2.078125, 6.125, 2.328125 ], "texture": "#main" }, 
                "west":  { "uv": [ 7.25, 2, 8, 2.25 ], "texture": "#main" }, 
                "east":  { "uv": [ 7.25, 2, 8, 2.25 ], "texture": "#main" }
            }
        }, 
        {
            "from": [ 7, 7.5, 6 ], 
            "to":   [ 9, 8.5, 14.5 ], 
            "faces": {
                "down":  { "uv": [ 6.25, 3.625, 5.75, 1.5 ], "texture": "#main" }, 
                "up":    { "uv": [ 5.75, 1.5, 6.25, 3.625 ], "texture": "#main" }, 
                "north": { "uv": [ 5.75, 1.875, 6.25, 2.125 ], "texture": "#main" }, 
                "south": { "uv": [ 5.75, 1.875, 6.25, 2.125 ], "texture": "#main" }, 
                "west":  { "uv": [ 5.5, 1.875, 7.625, 2.125 ], "texture": "#main" }, 
                "east":  { "uv": [ 4.375, 1.875, 6.5, 2.125 ], "texture": "#main" }
            }
        }, 
        {
            "from": [ 6.9375, 6, 4 ], 
            "to":   [ 9.0625, 10, 5 ], 
            "rotation": { "origin": [6.9375, 10, 4], "axis": "x", "angle": -45 }, 
            "faces": {
                "down":  { "uv": [ 5.734375, 1, 6.265625, 1.25 ], "texture": "#main" }, 
                "up":    { "uv": [ 5.734375, 1, 6.265625, 1.25 ], "texture": "#main" }, 
                "north": { "uv": [ 5.734375, 1.5, 6.265625, 2.5 ], "texture": "#main" }, 
                "south": { "uv": [ 5.734375, 1.5, 6.265625, 2.5 ], "texture": "#main" }, 
                "west":  { "uv": [ 5, 1.5, 5.25, 2.5 ], "texture": "#main" }, 
                "east":  { "uv": [ 5, 1.5, 5.25, 2.5 ], "texture": "#main" }
            }
        }, 
        {
            "from": [ 7, 10.5, 0 ], 
            "to":   [ 9, 11.5, 5 ], 
            "faces": {
                "down":  { "uv": [ 6.25, 1.25, 5.75, 0 ], "texture": "#main" }, 
                "up":    { "uv": [ 5.75, 0, 6.25, 1.25 ], "texture": "#main" }, 
                "north": { "uv": [ 5.75, 1.125, 6.25, 1.375 ], "texture": "#main" }, 
                "south": { "uv": [ 5.75, 1.125, 6.25, 1.375 ], "texture": "#main" }, 
                "west":  { "uv": [ 4, 1.125, 5.25, 1.375 ], "texture": "#main" }, 
                "east":  { "uv": [ 6.75, 1.125, 8, 1.375 ], "texture": "#main" }
            }
        }, 
        {
            "from": [ 9.5, 0.125, 0.4375 ], 
            "to":   [ 11.5, 4.125, 2.9375 ], 
            "faces": {
                "down":  { "uv": [ 11.25, 1.625, 10.625, 1 ], "texture": "#main" }, 
                "up":    { "uv": [ 8.75, 1, 9.375, 1.625 ], "texture": "#main" }, 
                "north": { "uv": [ 10.625, 3, 11.25, 4 ], "texture": "#main" }, 
                "south": { "uv": [ 8.75, 3, 9.375, 4 ], "texture": "#main" }, 
                "west":  { "uv": [ 9, 3, 9.625, 4 ], "texture": "#main" }, 
                "east":  { "uv": [ 10.375, 3, 11, 4 ], "texture": "#main" }
            }
        }, 
        {
            "from": [ 4.5, 0.125, 0.4375 ], 
            "to":   [ 6.5, 4.125, 2.9375 ], 
            "faces": {
                "down":  { "uv": [ 11.25, 1.625, 10.625, 1 ], "texture": "#main" }, 
                "up":    { "uv": [ 8.75, 1, 9.375, 1.625 ], "texture": "#main" }, 
                "north": { "uv": [ 10.625, 3, 11.25, 4 ], "texture": "#main" }, 
                "south": { "uv": [ 8.75, 3, 9.375, 4 ], "texture": "#main" }, 
                "west":  { "uv": [ 9, 3, 9.625, 4 ], "texture": "#main" }, 
                "east":  { "uv": [ 10.375, 3, 11, 4 ], "texture": "#main" }
            }
        }, 
        {
            "from": [ 9.25, 3.125, 2.8125 ], 
            "to":   [ 11.75, 6.625, 5.8125 ], 
            "rotation": { "origin": [9.25, 6.625, 2.8125], "axis": "x", "angle": 45 }, 
            "faces": {
                "down":  { "uv": [ 11.25, 1.5, 10.5, 0.75 ], "texture": "#main" }, 
                "up":    { "uv": [ 8.75, 0.75, 9.5, 1.5 ], "texture": "#main" }, 
                "north": { "uv": [ 10.5, 2.125, 11.25, 3 ], "texture": "#main" }, 
                "south": { "uv": [ 8.75, 2.125, 9.5, 3 ], "texture": "#main" }, 
                "west":  { "uv": [ 8.75, 2.125, 9.5, 3 ], "texture": "#main" }, 
                "east":  { "uv": [ 10.5, 2.125, 11.25, 3 ], "texture": "#main" }
            }
        }, 
        {
            "from": [ 4.25, 3.125, 2.8125 ], 
            "to":   [ 6.75, 6.625, 5.8125 ], 
            "rotation": { "origin": [4.25, 6.625, 2.8125], "axis": "x", "angle": 45 }, 
            "faces": {
                "down":  { "uv": [ 11.25, 1.5, 10.5, 0.75 ], "texture": "#main" }, 
                "up":    { "uv": [ 8.75, 0.75, 9.5, 1.5 ], "texture": "#main" }, 
                "north": { "uv": [ 10.5, 2.125, 11.25, 3 ], "texture": "#main" }, 
                "south": { "uv": [ 8.75, 2.125, 9.5, 3 ], "texture": "#main" }, 
                "west":  { "uv": [ 8.75, 2.125, 9.5, 3 ], "texture": "#main" }, 
                "east":  { "uv": [ 10.5, 2.125, 11.25, 3 ], "texture": "#main" }
            }
        }, 
        {
            "from": [ 4.5, 5.5, 4.5 ], 
            "to":   [ 11.5, 10.5, 10.5 ], 
            "rotation": { "origin": [4.5, 10.5, 4.5], "axis": "x", "angle": 45 }, 
            "faces": {
                "down":  { "uv": [ 9.125, 1.125, 10.875, 2.625 ], "texture": "#main" }, 
                "up":    { "uv": [ 9.125, 1.125, 10.875, 2.625 ], "texture": "#main" }, 
                "north": { "uv": [ 9.125, 1.375, 10.875, 2.625 ], "texture": "#main" }, 
                "south": { "uv": [ 9.125, 1.375, 10.875, 2.625 ], "texture": "#main" }, 
                "west":  { "uv": [ 9.125, 1.375, 10.625, 2.625 ], "texture": "#main" }, 
                "east":  { "uv": [ 9.125, 1.375, 10.625, 2.625 ], "texture": "#main" }
            }
        }, 
        {
            "from": [ 5.1875, 3.5, 5.5 ], 
            "to":   [ 10.6875, 8, 14 ], 
            "faces": {
                "down":  { "uv": [ 9.25, 1.375, 10.75, 3.5 ], "texture": "#main" }, 
                "up":    { "uv": [ 9.25, 1.375, 10.75, 3.5 ], "texture": "#main" }, 
                "north": { "uv": [ 9.25, 2, 10.75, 3.125 ], "texture": "#main" }, 
                "south": { "uv": [ 9.25, 2, 10.75, 3.125 ], "texture": "#main" }, 
                "west":  { "uv": [ 9.375, 2, 11.5, 3.125 ], "texture": "#main" }, 
                "east":  { "uv": [ 9.375, 2, 11.5, 3.125 ], "texture": "#main" }
            }
        }, 
        {
            "from": [ 9, 0.1875, 8.75 ], 
            "to":   [ 11.5, 4.1875, 12.75 ], 
            "rotation": { "origin": [9, 4.1875, 8.75], "axis": "x", "angle": -45 }, 
            "faces": {
                "down":  { "uv": [ 11, 3.625, 10.5, 2.625 ], "texture": "#main" }, 
                "up":    { "uv": [ 9, 2.625, 9.5, 3.625 ], "texture": "#main" }, 
                "north": { "uv": [ 10.5, 2.5, 11, 3.5 ], "texture": "#main" }, 
                "south": { "uv": [ 9, 2.5, 9.5, 3.5 ], "texture": "#main" }, 
                "west":  { "uv": [ 10.625, 2.5, 11.625, 3.5 ], "texture": "#main" }, 
                "east":  { "uv": [ 8.375, 2.5, 9.375, 3.5 ], "texture": "#main" }
            }
        }, 
        {
            "from": [ 9.5, 2.0625, 12.375 ], 
            "to":   [ 11, 4.5625, 17.375 ], 
            "faces": {
                "down":  { "uv": [ 9.125, 2.75, 9.625, 4 ], "texture": "#main" }, 
                "up":    { "uv": [ 9.125, 2.75, 9.625, 4 ], "texture": "#main" }, 
                "north": { "uv": [ 9.125, 3, 9.625, 3.625 ], "texture": "#main" }, 
                "south": { "uv": [ 9.125, 3, 9.625, 3.625 ], "texture": "#main" }, 
                "west":  { "uv": [ 10.75, 3, 12, 3.625 ], "texture": "#main" }, 
                "east":  { "uv": [ 10.75, 3, 12, 3.625 ], "texture": "#main" }
            }
        }, 
        {
            "from": [ 4.5, 0.1875, 8.75 ], 
            "to":   [ 7, 4.1875, 12.75 ], 
            "rotation": { "origin": [4.5, 4.1875, 8.75], "axis": "x", "angle": -45 }, 
            "faces": {
                "down":  { "uv": [ 11, 3.625, 10.5, 2.625 ], "texture": "#main" }, 
                "up":    { "uv": [ 9, 2.625, 9.5, 3.625 ], "texture": "#main" }, 
                "north": { "uv": [ 10.5, 2.5, 11, 3.5 ], "texture": "#main" }, 
                "south": { "uv": [ 9, 2.5, 9.5, 3.5 ], "texture": "#main" }, 
                "west":  { "uv": [ 10.625, 2.5, 11.625, 3.5 ], "texture": "#main" }, 
                "east":  { "uv": [ 8.375, 2.5, 9.375, 3.5 ], "texture": "#main" }
            }
        }, 
        {
            "from": [ 5, 2.0625, 12.375 ], 
            "to":   [ 6.5, 4.5625, 17.375 ], 
            "faces": {
                "down":  { "uv": [ 9.125, 2.75, 9.625, 4 ], "texture": "#main" }, 
                "up":    { "uv": [ 9.125, 2.75, 9.625, 4 ], "texture": "#main" }, 
                "north": { "uv": [ 9.125, 3, 9.625, 3.625 ], "texture": "#main" }, 
                "south": { "uv": [ 9.125, 3, 9.625, 3.625 ], "texture": "#main" }, 
                "west":  { "uv": [ 10.75, 3, 12, 3.625 ], "texture": "#main" }, 
                "east":  { "uv": [ 10.75, 3, 12, 3.625 ], "texture": "#main" }
            }
        }, 
        {
            "from": [ 6, 7, 0.5 ], 
            "to":   [ 10, 11, 4.5 ], 
            "faces": {
                "down":  { "uv": [ 10.5, 1.125, 9.5, 0.125 ], "texture": "#main" }, 
                "up":    { "uv": [ 9.5, 0.125, 10.5, 1.125 ], "texture": "#main" }, 
                "north": { "uv": [ 8.4375, 4, 9.3125, 4.75 ], "texture": "#main" }, 
                "south": { "uv": [ 9.5, 1.25, 10.5, 2.25 ], "texture": "#main" }, 
                "west":  { "uv": [ 8.125, 1.25, 9.125, 2.25 ], "texture": "#main" }, 
                "east":  { "uv": [ 10.875, 1.25, 11.875, 2.25 ], "texture": "#main" }
            }
        }, 
        {
            "from": [ 7, 7, -1.5 ], 
            "to":   [ 9, 9, 0.5 ], 
            "faces": {
                "down":  { "uv": [ 8.875, 4.875, 9.25, 5.25 ], "texture": "#main" }, 
                "up":    { "uv": [ 8.5, 5.25, 8.875, 4.875 ], "texture": "#main" }, 
                "north": { "uv": [ 8.5, 5.25, 8.875, 5.625 ], "texture": "#main" }, 
                "south": { "uv": [ 8.875, 4.875, 9.125, 5.125 ], "texture": "#main" }, 
                "west":  { "uv": [ 8.875, 5.25, 9.25, 5.625 ], "texture": "#main" }, 
                "east":  { "uv": [ 8.125, 5.25, 8.5, 5.625 ], "texture": "#main" }
            }
        }, 
        {
            "from": [ 8.5, 11, 1.5 ], 
            "to":   [ 10, 12.5, 2.5 ], 
            "faces": {
                "down":  { "uv": [ 9.5, 0.375, 9.875, 0.625 ], "texture": "#main" }, 
                "up":    { "uv": [ 9.5, 0.375, 9.875, 0.625 ], "texture": "#main" }, 
                "north": { "uv": [ 9.5, 0.75, 9.875, 1.25 ], "texture": "#main" }, 
                "south": { "uv": [ 9.5, 0.75, 9.875, 1.25 ], "texture": "#main" }, 
                "west":  { "uv": [ 8.375, 0.75, 8.625, 1.25 ], "texture": "#main" }, 
                "east":  { "uv": [ 8.375, 0.75, 8.625, 1.25 ], "texture": "#main" }
            }
        }, 
        {
            "from": [ 6, 11, 1.5 ], 
            "to":   [ 7.5, 12.5, 2.5 ], 
            "faces": {
                "down":  { "uv": [ 9.5, 0.375, 9.875, 0.625 ], "texture": "#main" }, 
                "up":    { "uv": [ 9.5, 0.375, 9.875, 0.625 ], "texture": "#main" }, 
                "north": { "uv": [ 9.5, 0.75, 9.875, 1.25 ], "texture": "#main" }, 
                "south": { "uv": [ 9.5, 0.75, 9.875, 1.25 ], "texture": "#main" }, 
                "west":  { "uv": [ 8.375, 0.75, 8.625, 1.25 ], "texture": "#main" }, 
                "east":  { "uv": [ 8.375, 0.75, 8.625, 1.25 ], "texture": "#main" }
            }
        }, 
        {
            "from": [ 7, 5.5, 14 ], 
            "to":   [ 9, 7.5, 16 ], 
            "faces": {
                "down":  { "uv": [ 13.75, 3.5, 14.25, 4 ], "texture": "#main" }, 
                "up":    { "uv": [ 13.75, 3.5, 14.25, 4 ], "texture": "#main" }, 
                "north": { "uv": [ 13.75, 2.125, 14.25, 2.625 ], "texture": "#main" }, 
                "south": { "uv": [ 13.75, 2.125, 14.25, 2.625 ], "texture": "#main" }, 
                "west":  { "uv": [ 15.5, 2.125, 16, 2.625 ], "texture": "#main" }, 
                "east":  { "uv": [ 15.5, 2.125, 16, 2.625 ], "texture": "#main" }
            }
        }, 
        {
            "from": [ 7.25, 5.5, 15 ], 
            "to":   [ 8.75, 7, 18 ], 
            "rotation": { "origin": [7.25, 7, 15], "axis": "x", "angle": -22.5 }, 
            "faces": {
                "down":  { "uv": [ 13.875, 3.25, 14.375, 4 ], "texture": "#main" }, 
                "up":    { "uv": [ 13.875, 3.25, 14.375, 4 ], "texture": "#main" }, 
                "north": { "uv": [ 13.875, 1.875, 14.375, 2.375 ], "texture": "#main" }, 
                "south": { "uv": [ 13.875, 1.875, 14.375, 2.375 ], "texture": "#main" }, 
                "west":  { "uv": [ 15.25, 1.875, 16, 2.375 ], "texture": "#main" }, 
                "east":  { "uv": [ 15.25, 1.875, 16, 2.375 ], "texture": "#main" }
            }
        }, 
        {
            "from": [ 7.5, 6.6875, 17.5 ], 
            "to":   [ 8.5, 7.6875, 20.5 ], 
            "rotation": { "origin": [7.5, 7.6875, 17.5], "axis": "x", "angle": -45 }, 
            "faces": {
                "down":  { "uv": [ 13.875, 3.25, 14.125, 4 ], "texture": "#main" }, 
                "up":    { "uv": [ 13.875, 3.25, 14.125, 4 ], "texture": "#main" }, 
                "north": { "uv": [ 13.875, 2.078125, 14.125, 2.328125 ], "texture": "#main" }, 
                "south": { "uv": [ 13.875, 2.078125, 14.125, 2.328125 ], "texture": "#main" }, 
                "west":  { "uv": [ 15.25, 2, 16, 2.25 ], "texture": "#main" }, 
                "east":  { "uv": [ 15.25, 2, 16, 2.25 ], "texture": "#main" }
            }
        }, 
        {
            "from": [ 7, 7.5, 6 ], 
            "to":   [ 9, 8.5, 14.5 ], 
            "faces": {
                "down":  { "uv": [ 14.25, 3.625, 13.75, 1.5 ], "texture": "#main" }, 
                "up":    { "uv": [ 13.75, 1.5, 14.25, 3.625 ], "texture": "#main" }, 
                "north": { "uv": [ 13.75, 1.875, 14.25, 2.125 ], "texture": "#main" }, 
                "south": { "uv": [ 13.75, 1.875, 14.25, 2.125 ], "texture": "#main" }, 
                "west":  { "uv": [ 13.5, 1.875, 15.625, 2.125 ], "texture": "#main" }, 
                "east":  { "uv": [ 12.375, 1.875, 14.5, 2.125 ], "texture": "#main" }
            }
        }, 
        {
            "from": [ 6.9375, 6, 4 ], 
            "to":   [ 9.0625, 10, 5 ], 
            "rotation": { "origin": [6.9375, 10, 4], "axis": "x", "angle": -45 }, 
            "faces": {
                "down":  { "uv": [ 13.734375, 1, 14.265625, 1.25 ], "texture": "#main" }, 
                "up":    { "uv": [ 13.734375, 1, 14.265625, 1.25 ], "texture": "#main" }, 
                "north": { "uv": [ 13.734375, 1.5, 14.265625, 2.5 ], "texture": "#main" }, 
                "south": { "uv": [ 13.734375, 1.5, 14.265625, 2.5 ], "texture": "#main" }, 
                "west":  { "uv": [ 13, 1.5, 13.25, 2.5 ], "texture": "#main" }, 
                "east":  { "uv": [ 13, 1.5, 13.25, 2.5 ], "texture": "#main" }
            }
        }, 
        {
            "from": [ 7, 10.5, 0 ], 
            "to":   [ 9, 11.5, 5 ], 
            "faces": {
                "down":  { "uv": [ 14.25, 1.25, 13.75, 0 ], "texture": "#main" }, 
                "up":    { "uv": [ 13.75, 0, 14.25, 1.25 ], "texture": "#main" }, 
                "north": { "uv": [ 13.75, 1.125, 14.25, 1.375 ], "texture": "#main" }, 
                "south": { "uv": [ 13.75, 1.125, 14.25, 1.375 ], "texture": "#main" }, 
                "west":  { "uv": [ 12, 1.125, 13.25, 1.375 ], "texture": "#main" }, 
                "east":  { "uv": [ 14.75, 1.125, 16, 1.375 ], "texture": "#main" }
            }
        }, 
        {
            "from": [ 9.5, -1.8125, 1.9375 ], 
            "to":   [ 11.5, 2.1875, 4.4375 ], 
            "rotation": { "origin": [9.5, 2.1875, 1.9375], "axis": "x", "angle": -45 }, 
            "faces": {
                "down":  { "uv": [ 3.25, 9.625, 2.625, 9 ], "texture": "#main" }, 
                "up":    { "uv": [ 0.75, 9, 1.375, 9.625 ], "texture": "#main" }, 
                "north": { "uv": [ 2.625, 11, 3.25, 12 ], "texture": "#main" }, 
                "south": { "uv": [ 0.75, 11, 1.375, 12 ], "texture": "#main" }, 
                "west":  { "uv": [ 1, 11, 1.625, 12 ], "texture": "#main" }, 
                "east":  { "uv": [ 2.375, 11, 3, 12 ], "texture": "#main" }
            }
        }, 
        {
            "from": [ 4.5, -1.8125, 1.9375 ], 
            "to":   [ 6.5, 2.1875, 4.4375 ], 
            "rotation": { "origin": [4.5, 2.1875, 1.9375], "axis": "x", "angle": -45 }, 
            "faces": {
                "down":  { "uv": [ 3.25, 9.625, 2.625, 9 ], "texture": "#main" }, 
                "up":    { "uv": [ 0.75, 9, 1.375, 9.625 ], "texture": "#main" }, 
                "north": { "uv": [ 2.625, 11, 3.25, 12 ], "texture": "#main" }, 
                "south": { "uv": [ 0.75, 11, 1.375, 12 ], "texture": "#main" }, 
                "west":  { "uv": [ 1, 11, 1.625, 12 ], "texture": "#main" }, 
                "east":  { "uv": [ 2.375, 11, 3, 12 ], "texture": "#main" }
            }
        }, 
        {
            "from": [ 9.25, 2.1875, 1.875 ], 
            "to":   [ 11.75, 5.6875, 4.875 ], 
            "faces": {
                "down":  { "uv": [ 3.25, 9.5, 2.5, 8.75 ], "texture": "#main" }, 
                "up":    { "uv": [ 0.75, 8.75, 1.5, 9.5 ], "texture": "#main" }, 
                "north": { "uv": [ 2.5, 10.125, 3.25, 11 ], "texture": "#main" }, 
                "south": { "uv": [ 0.75, 10.125, 1.5, 11 ], "texture": "#main" }, 
                "west":  { "uv": [ 0.75, 10.125, 1.5, 11 ], "texture": "#main" }, 
                "east":  { "uv": [ 2.5, 10.125, 3.25, 11 ], "texture": "#main" }
            }
        }, 
        {
            "from": [ 4.25, 2.1875, 1.875 ], 
            "to":   [ 6.75, 5.6875, 4.875 ], 
            "faces": {
                "down":  { "uv": [ 3.25, 9.5, 2.5, 8.75 ], "texture": "#main" }, 
                "up":    { "uv": [ 0.75, 8.75, 1.5, 9.5 ], "texture": "#main" }, 
                "north": { "uv": [ 2.5, 10.125, 3.25, 11 ], "texture": "#main" }, 
                "south": { "uv": [ 0.75, 10.125, 1.5, 11 ], "texture": "#main" }, 
                "west":  { "uv": [ 0.75, 10.125, 1.5, 11 ], "texture": "#main" }, 
                "east":  { "uv": [ 2.5, 10.125, 3.25, 11 ], "texture": "#main" }
            }
        }, 
        {
            "from": [ 4.5, 5.5, 4.5 ], 
            "to":   [ 11.5, 10.5, 10.5 ], 
            "rotation": { "origin": [4.5, 10.5, 4.5], "axis": "x", "angle": 45 }, 
            "faces": {
                "down":  { "uv": [ 1.125, 9.125, 2.875, 10.625 ], "texture": "#main" }, 
                "up":    { "uv": [ 1.125, 9.125, 2.875, 10.625 ], "texture": "#main" }, 
                "north": { "uv": [ 1.125, 9.375, 2.875, 10.625 ], "texture": "#main" }, 
                "south": { "uv": [ 1.125, 9.375, 2.875, 10.625 ], "texture": "#main" }, 
                "west":  { "uv": [ 1.125, 9.375, 2.625, 10.625 ], "texture": "#main" }, 
                "east":  { "uv": [ 1.125, 9.375, 2.625, 10.625 ], "texture": "#main" }
            }
        }, 
        {
            "from": [ 5.1875, 3.5, 5.5 ], 
            "to":   [ 10.6875, 8, 14 ], 
            "faces": {
                "down":  { "uv": [ 1.25, 9.375, 2.75, 11.5 ], "texture": "#main" }, 
                "up":    { "uv": [ 1.25, 9.375, 2.75, 11.5 ], "texture": "#main" }, 
                "north": { "uv": [ 1.25, 10, 2.75, 11.125 ], "texture": "#main" }, 
                "south": { "uv": [ 1.25, 10, 2.75, 11.125 ], "texture": "#main" }, 
                "west":  { "uv": [ 1.375, 10, 3.5, 11.125 ], "texture": "#main" }, 
                "east":  { "uv": [ 1.375, 10, 3.5, 11.125 ], "texture": "#main" }
            }
        }, 
        {
            "from": [ 9, 1.75, 9.5625 ], 
            "to":   [ 11.5, 5.75, 13.5625 ], 
            "faces": {
                "down":  { "uv": [ 3, 11.625, 2.5, 10.625 ], "texture": "#main" }, 
                "up":    { "uv": [ 1, 10.625, 1.5, 11.625 ], "texture": "#main" }, 
                "north": { "uv": [ 2.5, 10.5, 3, 11.5 ], "texture": "#main" }, 
                "south": { "uv": [ 1, 10.5, 1.5, 11.5 ], "texture": "#main" }, 
                "west":  { "uv": [ 2.625, 10.5, 3.625, 11.5 ], "texture": "#main" }, 
                "east":  { "uv": [ 0.375, 10.5, 1.375, 11.5 ], "texture": "#main" }
            }
        }, 
        {
            "from": [ 9.5, 0.9375, 12.375 ], 
            "to":   [ 11, 3.4375, 17.375 ], 
            "rotation": { "origin": [9.5, 3.4375, 12.375], "axis": "x", "angle": 45 }, 
            "faces": {
                "down":  { "uv": [ 1.125, 10.75, 1.625, 12 ], "texture": "#main" }, 
                "up":    { "uv": [ 1.125, 10.75, 1.625, 12 ], "texture": "#main" }, 
                "north": { "uv": [ 1.125, 11, 1.625, 11.625 ], "texture": "#main" }, 
                "south": { "uv": [ 1.125, 11, 1.625, 11.625 ], "texture": "#main" }, 
                "west":  { "uv": [ 2.75, 11, 4, 11.625 ], "texture": "#main" }, 
                "east":  { "uv": [ 2.75, 11, 4, 11.625 ], "texture": "#main" }
            }
        }, 
        {
            "from": [ 4.5, 1.75, 9.5625 ], 
            "to":   [ 7, 5.75, 13.5625 ], 
            "faces": {
                "down":  { "uv": [ 3, 11.625, 2.5, 10.625 ], "texture": "#main" }, 
                "up":    { "uv": [ 1, 10.625, 1.5, 11.625 ], "texture": "#main" }, 
                "north": { "uv": [ 2.5, 10.5, 3, 11.5 ], "texture": "#main" }, 
                "south": { "uv": [ 1, 10.5, 1.5, 11.5 ], "texture": "#main" }, 
                "west":  { "uv": [ 2.625, 10.5, 3.625, 11.5 ], "texture": "#main" }, 
                "east":  { "uv": [ 0.375, 10.5, 1.375, 11.5 ], "texture": "#main" }
            }
        }, 
        {
            "from": [ 5, 0.9375, 12.375 ], 
            "to":   [ 6.5, 3.4375, 17.375 ], 
            "rotation": { "origin": [5, 3.4375, 12.375], "axis": "x", "angle": 45 }, 
            "faces": {
                "down":  { "uv": [ 1.125, 10.75, 1.625, 12 ], "texture": "#main" }, 
                "up":    { "uv": [ 1.125, 10.75, 1.625, 12 ], "texture": "#main" }, 
                "north": { "uv": [ 1.125, 11, 1.625, 11.625 ], "texture": "#main" }, 
                "south": { "uv": [ 1.125, 11, 1.625, 11.625 ], "texture": "#main" }, 
                "west":  { "uv": [ 2.75, 11, 4, 11.625 ], "texture": "#main" }, 
                "east":  { "uv": [ 2.75, 11, 4, 11.625 ], "texture": "#main" }
            }
        }, 
        {
            "from": [ 6, 7, 0.5 ], 
            "to":   [ 10, 11, 4.5 ], 
            "faces": {
                "down":  { "uv": [ 2.5, 9.125, 1.5, 8.125 ], "texture": "#main" }, 
                "up":    { "uv": [ 1.5, 8.125, 2.5, 9.125 ], "texture": "#main" }, 
                "north": { "uv": [ 0.4375, 12, 1.3125, 12.75 ], "texture": "#main" }, 
                "south": { "uv": [ 1.5, 9.25, 2.5, 10.25 ], "texture": "#main" }, 
                "west":  { "uv": [ 0.125, 9.25, 1.125, 10.25 ], "texture": "#main" }, 
                "east":  { "uv": [ 2.875, 9.25, 3.875, 10.25 ], "texture": "#main" }
            }
        }, 
        {
            "from": [ 7, 7, -1.5 ], 
            "to":   [ 9, 9, 0.5 ], 
            "faces": {
                "down":  { "uv": [ 0.875, 12.875, 1.25, 13.25 ], "texture": "#main" }, 
                "up":    { "uv": [ 0.5, 13.25, 0.875, 12.875 ], "texture": "#main" }, 
                "north": { "uv": [ 0.5, 13.25, 0.875, 13.625 ], "texture": "#main" }, 
                "south": { "uv": [ 0.875, 12.875, 1.125, 13.125 ], "texture": "#main" }, 
                "west":  { "uv": [ 0.875, 13.25, 1.25, 13.625 ], "texture": "#main" }, 
                "east":  { "uv": [ 0.125, 13.25, 0.5, 13.625 ], "texture": "#main" }
            }
        }, 
        {
            "from": [ 8.5, 11, 1.5 ], 
            "to":   [ 10, 12.5, 2.5 ], 
            "faces": {
                "down":  { "uv": [ 1.5, 8.375, 1.875, 8.625 ], "texture": "#main" }, 
                "up":    { "uv": [ 1.5, 8.375, 1.875, 8.625 ], "texture": "#main" }, 
                "north": { "uv": [ 1.5, 8.75, 1.875, 9.25 ], "texture": "#main" }, 
                "south": { "uv": [ 1.5, 8.75, 1.875, 9.25 ], "texture": "#main" }, 
                "west":  { "uv": [ 0.375, 8.75, 0.625, 9.25 ], "texture": "#main" }, 
                "east":  { "uv": [ 0.375, 8.75, 0.625, 9.25 ], "texture": "#main" }
            }
        }, 
        {
            "from": [ 6, 11, 1.5 ], 
            "to":   [ 7.5, 12.5, 2.5 ], 
            "faces": {
                "down":  { "uv": [ 1.5, 8.375, 1.875, 8.625 ], "texture": "#main" }, 
                "up":    { "uv": [ 1.5, 8.375, 1.875, 8.625 ], "texture": "#main" }, 
                "north": { "uv": [ 1.5, 8.75, 1.875, 9.25 ], "texture": "#main" }, 
                "south": { "uv": [ 1.5, 8.75, 1.875, 9.25 ], "texture": "#main" }, 
                "west":  { "uv": [ 0.375, 8.75, 0.625, 9.25 ], "texture": "#main" }, 
                "east":  { "uv": [ 0.375, 8.75, 0.625, 9.25 ], "texture": "#main" }
            }
        }, 
        {
            "from": [ 7, 5.5, 14 ], 
            "to":   [ 9, 7.5, 16 ], 
            "faces": {
                "down":  { "uv": [ 5.75, 11.5, 6.25, 12 ], "texture": "#main" }, 
                "up":    { "uv": [ 5.75, 11.5, 6.25, 12 ], "texture": "#main" }, 
                "north": { "uv": [ 5.75, 10.125, 6.25, 10.625 ], "texture": "#main" }, 
                "south": { "uv": [ 5.75, 10.125, 6.25, 10.625 ], "texture": "#main" }, 
                "west":  { "uv": [ 7.5, 10.125, 8, 10.625 ], "texture": "#main" }, 
                "east":  { "uv": [ 7.5, 10.125, 8, 10.625 ], "texture": "#main" }
            }
        }, 
        {
            "from": [ 7.25, 5.5, 15 ], 
            "to":   [ 8.75, 7, 18 ], 
            "rotation": { "origin": [7.25, 7, 15], "axis": "x", "angle": -22.5 }, 
            "faces": {
                "down":  { "uv": [ 5.875, 11.25, 6.375, 12 ], "texture": "#main" }, 
                "up":    { "uv": [ 5.875, 11.25, 6.375, 12 ], "texture": "#main" }, 
                "north": { "uv": [ 5.875, 9.875, 6.375, 10.375 ], "texture": "#main" }, 
                "south": { "uv": [ 5.875, 9.875, 6.375, 10.375 ], "texture": "#main" }, 
                "west":  { "uv": [ 7.25, 9.875, 8, 10.375 ], "texture": "#main" }, 
                "east":  { "uv": [ 7.25, 9.875, 8, 10.375 ], "texture": "#main" }
            }
        }, 
        {
            "from": [ 7.5, 6.6875, 17.5 ], 
            "to":   [ 8.5, 7.6875, 20.5 ], 
            "rotation": { "origin": [7.5, 7.6875, 17.5], "axis": "x", "angle": -45 }, 
            "faces": {
                "down":  { "uv": [ 5.875, 11.25, 6.125, 12 ], "texture": "#main" }, 
                "up":    { "uv": [ 5.875, 11.25, 6.125, 12 ], "texture": "#main" }, 
                "north": { "uv": [ 5.875, 10.078125, 6.125, 10.328125 ], "texture": "#main" }, 
                "south": { "uv": [ 5.875, 10.078125, 6.125, 10.328125 ], "texture": "#main" }, 
                "west":  { "uv": [ 7.25, 10, 8, 10.25 ], "texture": "#main" }, 
                "east":  { "uv": [ 7.25, 10, 8, 10.25 ], "texture": "#main" }
            }
        }, 
        {
            "from": [ 7, 7.5, 6 ], 
            "to":   [ 9, 8.5, 14.5 ], 
            "faces": {
                "down":  { "uv": [ 6.25, 11.625, 5.75, 9.5 ], "texture": "#main" }, 
                "up":    { "uv": [ 5.75, 9.5, 6.25, 11.625 ], "texture": "#main" }, 
                "north": { "uv": [ 5.75, 9.875, 6.25, 10.125 ], "texture": "#main" }, 
                "south": { "uv": [ 5.75, 9.875, 6.25, 10.125 ], "texture": "#main" }, 
                "west":  { "uv": [ 5.5, 9.875, 7.625, 10.125 ], "texture": "#main" }, 
                "east":  { "uv": [ 4.375, 9.875, 6.5, 10.125 ], "texture": "#main" }
            }
        }, 
        {
            "from": [ 6.9375, 6, 4 ], 
            "to":   [ 9.0625, 10, 5 ], 
            "rotation": { "origin": [6.9375, 10, 4], "axis": "x", "angle": -45 }, 
            "faces": {
                "down":  { "uv": [ 5.734375, 9, 6.265625, 9.25 ], "texture": "#main" }, 
                "up":    { "uv": [ 5.734375, 9, 6.265625, 9.25 ], "texture": "#main" }, 
                "north": { "uv": [ 5.734375, 9.5, 6.265625, 10.5 ], "texture": "#main" }, 
                "south": { "uv": [ 5.734375, 9.5, 6.265625, 10.5 ], "texture": "#main" }, 
                "west":  { "uv": [ 5, 9.5, 5.25, 10.5 ], "texture": "#main" }, 
                "east":  { "uv": [ 5, 9.5, 5.25, 10.5 ], "texture": "#main" }
            }
        }, 
        {
            "from": [ 7, 10.5, 0 ], 
            "to":   [ 9, 11.5, 5 ], 
            "faces": {
                "down":  { "uv": [ 6.25, 9.25, 5.75, 8 ], "texture": "#main" }, 
                "up":    { "uv": [ 5.75, 8, 6.25, 9.25 ], "texture": "#main" }, 
                "north": { "uv": [ 5.75, 9.125, 6.25, 9.375 ], "texture": "#main" }, 
                "south": { "uv": [ 5.75, 9.125, 6.25, 9.375 ], "texture": "#main" }, 
                "west":  { "uv": [ 4, 9.125, 5.25, 9.375 ], "texture": "#main" }, 
                "east":  { "uv": [ 6.75, 9.125, 8, 9.375 ], "texture": "#main" }
            }
        }
    ], 
    "display": {
        "head": {
            "rotation": [ 0, 0, 0 ], 
            "translation": [ 0, -30, 0 ], 
            "scale": [ 4, 4, 4 ]
        }
    }
}