{
	"credit": "Made with Blockbench",
	"textures": {
		"0": "blocks/mutant_snow_golem/mutant_snow_golem"
	},
	"elements": [
		{
			"name": "abdomen",
			"from": [4.5625, -0.3125, 7.9375],
			"to": [10.5625, 7.6875, 13.9375],
			"rotation": {"angle": -45, "axis": "x", "origin": [4.0625, 5.1875, 6.1875]},
			"faces": {
				"north": {"uv": [13.25, 6, 14, 8], "texture": "#0"},
				"east": {"uv": [12.5, 6, 13.25, 8], "texture": "#0"},
				"south": {"uv": [11.75, 6, 12.5, 8], "texture": "#0"},
				"west": {"uv": [11, 6, 11.75, 8], "texture": "#0"},
				"up": {"uv": [12.5, 6, 11.75, 4.5], "texture": "#0"},
				"down": {"uv": [13.25, 6, 12.5, 4.5], "texture": "#0"}
			}
		},
		{
			"name": "abdomen",
			"from": [5.5, -1.59651, 9.68166],
			"to": [11.5, 6.40349, 15.68166],
			"rotation": {"angle": -45, "axis": "y", "origin": [7.8125, 2.40349, 12.43166]},
			"faces": {
				"north": {"uv": [13.25, 9.5, 14, 11.5], "texture": "#0"},
				"east": {"uv": [12.5, 9.5, 13.25, 11.5], "texture": "#0"},
				"south": {"uv": [11.75, 9.5, 12.5, 11.5], "texture": "#0"},
				"west": {"uv": [11, 9.5, 11.75, 11.5], "texture": "#0"},
				"up": {"uv": [12.5, 9.5, 11.75, 8], "texture": "#0"},
				"down": {"uv": [13.25, 9.5, 12.5, 8], "texture": "#0"}
			}
		}
	],
	"display": {
		"head": {
			"rotation": [-180, -45, 0],
			"translation": [-9.25, -0.25, -1.75],
			"scale": [2.15, 2.15, 2.15]
		}
	},
	"groups": [
		{
			"name": "group",
			"origin": [0, 0, 0],
			"color": 0,
			"children": [0, 1]
		}
	]
}