{
	"credit": "Made with Blockbench",
	"textures": {
		"texture": "blocks/zombie_pigman",
		"log_spruce": "blocks/32spruce",
		"anvil_base": "blocks/32anvil",
		"gold_block": "blocks/32gold"
	},
	"elements": [
		{
			"from": [9, 0, 5.5],
			"to": [12, 4.5, 8.5],
			"faces": {
				"north": {"uv": [10, 6, 11.5, 8], "texture": "#texture"},
				"east": {"uv": [11, 6, 12.5, 8], "texture": "#texture"},
				"south": {"uv": [12.5, 6, 14, 8], "texture": "#texture"},
				"west": {"uv": [10.5, 6, 12, 8], "texture": "#texture"},
				"up": {"uv": [10, 5, 11.5, 6.5], "texture": "#texture"},
				"down": {"uv": [11.5, 6.5, 13, 8], "texture": "#texture"}
			}
		},
		{
			"from": [4, 0, 5.5],
			"to": [7, 4.5, 8.5],
			"faces": {
				"north": {"uv": [11.5, 6, 13, 8], "texture": "#texture"},
				"east": {"uv": [10, 6, 11.5, 8], "texture": "#texture"},
				"south": {"uv": [11.5, 6, 13, 8], "texture": "#texture"},
				"west": {"uv": [12, 6, 13.5, 8], "texture": "#texture"},
				"up": {"uv": [11, 6, 12.5, 7.5], "texture": "#texture"},
				"down": {"uv": [11.5, 5.5, 13, 7], "texture": "#texture"}
			}
		},
		{
			"from": [8.75, 4.125, 7.4375],
			"to": [12.25, 9.625, 10.9375],
			"rotation": {"angle": 22.5, "axis": "x", "origin": [8.75, 9.625, 7.4375]},
			"faces": {
				"north": {"uv": [12, 5, 13.5, 7], "texture": "#texture"},
				"east": {"uv": [12, 6, 13.5, 8], "texture": "#texture"},
				"south": {"uv": [11.5, 5, 13, 7], "texture": "#texture"},
				"west": {"uv": [11.5, 5, 13, 7], "texture": "#texture"},
				"up": {"uv": [11.5, 6, 13, 7.5], "texture": "#texture"},
				"down": {"uv": [10.5, 5, 12, 6.5], "texture": "#texture"}
			}
		},
		{
			"from": [3.8125, 4.125, 7.4375],
			"to": [7.3125, 9.625, 10.9375],
			"rotation": {"angle": 22.5, "axis": "x", "origin": [3.8125, 9.625, 7.4375]},
			"faces": {
				"north": {"uv": [12.5, 5.5, 14, 7.5], "texture": "#texture"},
				"east": {"uv": [11.5, 5, 13, 7], "texture": "#texture"},
				"south": {"uv": [10.5, 6, 12, 8], "texture": "#texture"},
				"west": {"uv": [11, 6, 12.5, 8], "texture": "#texture"},
				"up": {"uv": [12.5, 6.5, 14, 8], "texture": "#texture"},
				"down": {"uv": [10.5, 5, 12, 6.5], "texture": "#texture"}
			}
		},
		{
			"from": [4, 6.5, 6.375],
			"to": [12, 9.5, 9.375],
			"rotation": {"angle": -22.5, "axis": "x", "origin": [4, 9.5, 6.375]},
			"faces": {
				"north": {"uv": [0.5, 6, 4, 7.5], "texture": "#texture"},
				"east": {"uv": [12.5, 5, 14, 6.5], "texture": "#texture"},
				"south": {"uv": [10, 6.5, 13.5, 8], "texture": "#texture"},
				"west": {"uv": [10.5, 6, 12, 7.5], "texture": "#texture"},
				"up": {"uv": [10, 6, 13.5, 7.5], "texture": "#texture"},
				"down": {"uv": [10, 5, 13.5, 7], "texture": "#texture"}
			}
		},
		{
			"from": [3.5, 8.875, 3.8125],
			"to": [12.5, 14.375, 7.8125],
			"rotation": {"angle": -22.5, "axis": "x", "origin": [3.5, 14.375, 3.8125]},
			"faces": {
				"north": {"uv": [5, 5, 8.5, 7.5], "texture": "#texture"},
				"east": {"uv": [10, 5, 11.5, 7.5], "texture": "#texture"},
				"south": {"uv": [10.5, 5.5, 14, 8], "texture": "#texture"},
				"west": {"uv": [6.5, 5, 8, 7.5], "texture": "#texture"},
				"up": {"uv": [6, 6, 9.5, 7.5], "texture": "#texture"},
				"down": {"uv": [10, 6, 13.5, 7.5], "texture": "#texture"}
			}
		},
		{
			"from": [5.6875, 14.5, 2.5],
			"to": [10.1875, 19, 7],
			"faces": {
				"north": {"uv": [2, 2, 4, 4], "texture": "#texture"},
				"east": {"uv": [4, 2, 6, 4], "texture": "#texture"},
				"south": {"uv": [6, 2, 8, 4], "texture": "#texture"},
				"west": {"uv": [0, 2, 2, 4], "texture": "#texture"},
				"up": {"uv": [2, 0, 4, 2], "texture": "#texture"},
				"down": {"uv": [4, 0, 6, 2], "texture": "#texture"}
			}
		},
		{
			"from": [12.5, 9.5, 4.5],
			"to": [15.5, 15, 7.5],
			"faces": {
				"north": {"uv": [11, 5.5, 12.5, 8], "texture": "#texture"},
				"east": {"uv": [12, 5.5, 13.5, 8], "texture": "#texture"},
				"south": {"uv": [10, 5, 11.5, 7.5], "texture": "#texture"},
				"west": {"uv": [6.5, 5, 8, 7.5], "texture": "#texture"},
				"up": {"uv": [11, 5, 12.5, 6.5], "texture": "#texture"},
				"down": {"uv": [12.5, 5.5, 14, 7], "texture": "#texture"}
			}
		},
		{
			"from": [12.8125, 5.125, 4.75],
			"to": [15.3125, 10.625, 7.75],
			"rotation": {"angle": 22.5, "axis": "x", "origin": [12.8125, 10.625, 4.75]},
			"faces": {
				"north": {"uv": [10, 5.5, 11.5, 8], "texture": "#texture"},
				"east": {"uv": [10.5, 5, 12, 7.5], "texture": "#texture"},
				"south": {"uv": [11, 5.5, 12.5, 8], "texture": "#texture"},
				"west": {"uv": [10, 5.5, 11.5, 8], "texture": "#texture"},
				"up": {"uv": [11.5, 6.5, 13, 8], "texture": "#texture"},
				"down": {"uv": [11.5, 5, 13, 6.5], "texture": "#texture"}
			}
		},
		{
			"from": [0.5, 9.5, 4.5],
			"to": [3.5, 15, 7.5],
			"faces": {
				"north": {"uv": [12, 5, 13.5, 7.5], "texture": "#texture"},
				"east": {"uv": [11, 5, 12.5, 7.5], "texture": "#texture"},
				"south": {"uv": [11.5, 5.5, 13, 8], "texture": "#texture"},
				"west": {"uv": [10, 5, 11.5, 7.5], "texture": "#texture"},
				"up": {"uv": [11.5, 6.5, 13, 8], "texture": "#texture"},
				"down": {"uv": [10.5, 5, 12, 6.5], "texture": "#texture"}
			}
		},
		{
			"from": [0.75, 5.125, 4.6875],
			"to": [3.25, 10.625, 7.6875],
			"rotation": {"angle": 22.5, "axis": "x", "origin": [0.75, 10.625, 4.6875]},
			"faces": {
				"north": {"uv": [10, 5.5, 11.5, 8], "texture": "#texture"},
				"east": {"uv": [10.5, 5, 12, 7.5], "texture": "#texture"},
				"south": {"uv": [11, 5.5, 12.5, 8], "texture": "#texture"},
				"west": {"uv": [10, 5.5, 11.5, 8], "texture": "#texture"},
				"up": {"uv": [11.5, 6.5, 13, 8], "texture": "#texture"},
				"down": {"uv": [11.5, 5, 13, 6.5], "texture": "#texture"}
			}
		},
		{
			"from": [5.5, 14.375, 2.4375],
			"to": [10.5, 19.0625, 7.125],
			"faces": {
				"north": {"uv": [10, 2, 12, 4], "texture": "#texture"},
				"east": {"uv": [8, 2, 10, 4], "texture": "#texture"},
				"south": {"uv": [14, 2, 16, 4], "texture": "#texture"},
				"west": {"uv": [12, 2, 14, 4], "texture": "#texture"},
				"up": {"uv": [12, 2, 10, 0], "texture": "#texture"},
				"down": {"uv": [12, 0, 14, 2], "texture": "#texture"}
			}
		},
		{
			"from": [1, 0.5, -2.5],
			"to": [3, 12.5, -0.5],
			"rotation": {"angle": -45, "axis": "x", "origin": [1, 12.5, -2.5]},
			"faces": {
				"north": {"uv": [1, 3.5, 3, 15.5], "texture": "#log_spruce"},
				"east": {"uv": [0.5, 3.5, 2.5, 15.5], "texture": "#log_spruce"},
				"south": {"uv": [1, 3.5, 3, 15.5], "texture": "#log_spruce"},
				"west": {"uv": [0.5, 3.5, 2.5, 15.5], "texture": "#log_spruce"},
				"up": {"uv": [1, 0, 3, 2], "texture": "#log_spruce"},
				"down": {"uv": [1, 0, 3, 2], "texture": "#log_spruce"}
			}
		},
		{
			"from": [0.5, 10.1875, -5],
			"to": [3.5, 13.6875, -1],
			"rotation": {"angle": -45, "axis": "x", "origin": [0.5, 13.6875, -5]},
			"faces": {
				"north": {"uv": [1, 3.5, 4, 7], "texture": "#gold_block"},
				"east": {"uv": [0.5, 2.5, 6.5, 6], "texture": "#gold_block"},
				"south": {"uv": [0.5, 3.5, 3.5, 7], "texture": "#gold_block"},
				"west": {"uv": [0.5, 2.5, 6.5, 6], "texture": "#gold_block"},
				"up": {"uv": [0.5, 1, 3.5, 7], "texture": "#gold_block"},
				"down": {"uv": [1.5, 1, 4.5, 7], "texture": "#gold_block"}
			}
		},
		{
			"from": [1, 14.25, -4.6875],
			"to": [3, 14.75, -2.6875],
			"rotation": {"angle": -45, "axis": "x", "origin": [1, 14.75, -4.6875]},
			"faces": {
				"north": {"uv": [1, 1.6875, 3, 2.1875], "texture": "#anvil_base"},
				"east": {"uv": [0.5, 1.6875, 2.5, 2.1875], "texture": "#anvil_base"},
				"south": {"uv": [1, 1.6875, 3, 2.1875], "texture": "#anvil_base"},
				"west": {"uv": [0.5, 1.6875, 2.5, 2.1875], "texture": "#anvil_base"},
				"up": {"uv": [1, 0, 3, 2], "texture": "#anvil_base"},
				"down": {"uv": [1, 0.3125, 3, 2.3125], "texture": "#anvil_base"}
			}
		},
		{
			"from": [0.1875, 12.375, -2.5],
			"to": [3.6875, 16.875, -0.5],
			"rotation": {"angle": -45, "axis": "x", "origin": [0.1875, 16.875, -2.5]},
			"faces": {
				"north": {"uv": [1.1875, 4.5, 4.6875, 9], "texture": "#gold_block"},
				"east": {"uv": [1, 4.5, 3, 9], "texture": "#gold_block"},
				"south": {"uv": [1.1875, 4.5, 4.6875, 9], "texture": "#gold_block"},
				"west": {"uv": [1, 4.5, 3, 9], "texture": "#gold_block"},
				"up": {"uv": [0.6875, 0.5, 4.1875, 2.5], "texture": "#gold_block"},
				"down": {"uv": [1, 1, 4.5, 3], "texture": "#gold_block"}
			}
		},
		{
			"from": [0.1875, 8.125, -6.75],
			"to": [3.6875, 12.625, -4.75],
			"rotation": {"angle": -45, "axis": "x", "origin": [0.1875, 12.625, -6.75]},
			"faces": {
				"north": {"uv": [1.1875, 4.5, 4.6875, 9], "texture": "#gold_block"},
				"east": {"uv": [1, 4.5, 3, 9], "texture": "#gold_block"},
				"south": {"uv": [1.1875, 4.5, 4.6875, 9], "texture": "#gold_block"},
				"west": {"uv": [1, 4.5, 3, 9], "texture": "#gold_block"},
				"up": {"uv": [0.6875, 0.5, 4.1875, 2.5], "texture": "#gold_block"},
				"down": {"uv": [1, 1, 4.5, 3], "texture": "#gold_block"}
			}
		}
	],
	"display": {
		"head": {
			"translation": [0, -11.33, 0],
			"scale": [4, 4, 4]
		}
	}
}