{
	"credit": "Made with Blockbench",
	"textures": {
		"main": "blocks/mutantpigman"
	},
	"elements": [
		{
			"from": [9, 0, 5.5],
			"to": [12, 4.5, 8.5],
			"faces": {
				"north": {"uv": [2.5, 1.5, 2.875, 2], "texture": "#main"},
				"east": {"uv": [2.75, 1.5, 3.125, 2], "texture": "#main"},
				"south": {"uv": [3.125, 1.5, 3.5, 2], "texture": "#main"},
				"west": {"uv": [2.625, 1.5, 3, 2], "texture": "#main"},
				"up": {"uv": [2.5, 1.25, 2.875, 1.625], "texture": "#main"},
				"down": {"uv": [2.875, 1.625, 3.25, 2], "texture": "#main"}
			}
		},
		{
			"from": [4, 0, 5.5],
			"to": [7, 4.5, 8.5],
			"faces": {
				"north": {"uv": [2.875, 1.5, 3.25, 2], "texture": "#main"},
				"east": {"uv": [2.5, 1.5, 2.875, 2], "texture": "#main"},
				"south": {"uv": [2.875, 1.5, 3.25, 2], "texture": "#main"},
				"west": {"uv": [3, 1.5, 3.375, 2], "texture": "#main"},
				"up": {"uv": [2.75, 1.5, 3.125, 1.875], "texture": "#main"},
				"down": {"uv": [2.875, 1.375, 3.25, 1.75], "texture": "#main"}
			}
		},
		{
			"from": [8.75, 4.125, 7.4375],
			"to": [12.25, 9.625, 10.9375],
			"rotation": {"angle": 22.5, "axis": "x", "origin": [8.75, 9.625, 7.4375]},
			"faces": {
				"north": {"uv": [3, 1.25, 3.375, 1.75], "texture": "#main"},
				"east": {"uv": [3, 1.5, 3.375, 2], "texture": "#main"},
				"south": {"uv": [2.875, 1.25, 3.25, 1.75], "texture": "#main"},
				"west": {"uv": [2.875, 1.25, 3.25, 1.75], "texture": "#main"},
				"up": {"uv": [2.875, 1.5, 3.25, 1.875], "texture": "#main"},
				"down": {"uv": [2.625, 1.25, 3, 1.625], "texture": "#main"}
			}
		},
		{
			"from": [3.8125, 4.125, 7.4375],
			"to": [7.3125, 9.625, 10.9375],
			"rotation": {"angle": 22.5, "axis": "x", "origin": [3.8125, 9.625, 7.4375]},
			"faces": {
				"north": {"uv": [3.125, 1.375, 3.5, 1.875], "texture": "#main"},
				"east": {"uv": [2.875, 1.25, 3.25, 1.75], "texture": "#main"},
				"south": {"uv": [2.625, 1.5, 3, 2], "texture": "#main"},
				"west": {"uv": [2.75, 1.5, 3.125, 2], "texture": "#main"},
				"up": {"uv": [3.125, 1.625, 3.5, 2], "texture": "#main"},
				"down": {"uv": [2.625, 1.25, 3, 1.625], "texture": "#main"}
			}
		},
		{
			"from": [4, 6.5, 6.375],
			"to": [12, 9.5, 9.375],
			"rotation": {"angle": -22.5, "axis": "x", "origin": [4, 9.5, 6.375]},
			"faces": {
				"north": {"uv": [0.125, 1.5, 1, 1.875], "texture": "#main"},
				"east": {"uv": [3.125, 1.25, 3.5, 1.625], "texture": "#main"},
				"south": {"uv": [2.5, 1.625, 3.375, 2], "texture": "#main"},
				"west": {"uv": [2.625, 1.5, 3, 1.875], "texture": "#main"},
				"up": {"uv": [2.5, 1.5, 3.375, 1.875], "texture": "#main"},
				"down": {"uv": [2.5, 1.25, 3.375, 1.75], "texture": "#main"}
			}
		},
		{
			"from": [3.5, 8.875, 3.8125],
			"to": [12.5, 14.375, 7.8125],
			"rotation": {"angle": -22.5, "axis": "x", "origin": [3.5, 14.375, 3.8125]},
			"faces": {
				"north": {"uv": [1.25, 1.25, 2.125, 1.875], "texture": "#main"},
				"east": {"uv": [2.5, 1.25, 2.875, 1.875], "texture": "#main"},
				"south": {"uv": [2.625, 1.375, 3.5, 2], "texture": "#main"},
				"west": {"uv": [1.625, 1.25, 2, 1.875], "texture": "#main"},
				"up": {"uv": [1.5, 1.5, 2.375, 1.875], "texture": "#main"},
				"down": {"uv": [2.5, 1.5, 3.375, 1.875], "texture": "#main"}
			}
		},
		{
			"from": [5.6875, 14.5, 2.5],
			"to": [10.1875, 19, 7],
			"faces": {
				"north": {"uv": [0.5, 0.5, 1, 1], "texture": "#main"},
				"east": {"uv": [1, 0.5, 1.5, 1], "texture": "#main"},
				"south": {"uv": [1.5, 0.5, 2, 1], "texture": "#main"},
				"west": {"uv": [0, 0.5, 0.5, 1], "texture": "#main"},
				"up": {"uv": [0.5, 0, 1, 0.5], "texture": "#main"},
				"down": {"uv": [1, 0, 1.5, 0.5], "texture": "#main"}
			}
		},
		{
			"from": [12.5, 9.5, 4.5],
			"to": [15.5, 15, 7.5],
			"faces": {
				"north": {"uv": [2.75, 1.375, 3.125, 2], "texture": "#main"},
				"east": {"uv": [3, 1.375, 3.375, 2], "texture": "#main"},
				"south": {"uv": [2.5, 1.25, 2.875, 1.875], "texture": "#main"},
				"west": {"uv": [1.625, 1.25, 2, 1.875], "texture": "#main"},
				"up": {"uv": [2.75, 1.25, 3.125, 1.625], "texture": "#main"},
				"down": {"uv": [3.125, 1.375, 3.5, 1.75], "texture": "#main"}
			}
		},
		{
			"from": [12.8125, 5.125, 4.75],
			"to": [15.3125, 10.625, 7.75],
			"rotation": {"angle": 22.5, "axis": "x", "origin": [12.8125, 10.625, 4.75]},
			"faces": {
				"north": {"uv": [2.5, 1.375, 2.875, 2], "texture": "#main"},
				"east": {"uv": [2.625, 1.25, 3, 1.875], "texture": "#main"},
				"south": {"uv": [2.75, 1.375, 3.125, 2], "texture": "#main"},
				"west": {"uv": [2.5, 1.375, 2.875, 2], "texture": "#main"},
				"up": {"uv": [2.875, 1.625, 3.25, 2], "texture": "#main"},
				"down": {"uv": [2.875, 1.25, 3.25, 1.625], "texture": "#main"}
			}
		},
		{
			"from": [0.5, 9.5, 4.5],
			"to": [3.5, 15, 7.5],
			"faces": {
				"north": {"uv": [3, 1.25, 3.375, 1.875], "texture": "#main"},
				"east": {"uv": [2.75, 1.25, 3.125, 1.875], "texture": "#main"},
				"south": {"uv": [2.875, 1.375, 3.25, 2], "texture": "#main"},
				"west": {"uv": [2.5, 1.25, 2.875, 1.875], "texture": "#main"},
				"up": {"uv": [2.875, 1.625, 3.25, 2], "texture": "#main"},
				"down": {"uv": [2.625, 1.25, 3, 1.625], "texture": "#main"}
			}
		},
		{
			"from": [0.75, 5.125, 4.6875],
			"to": [3.25, 10.625, 7.6875],
			"rotation": {"angle": 22.5, "axis": "x", "origin": [0.75, 10.625, 4.6875]},
			"faces": {
				"north": {"uv": [2.5, 1.375, 2.875, 2], "texture": "#main"},
				"east": {"uv": [2.625, 1.25, 3, 1.875], "texture": "#main"},
				"south": {"uv": [2.75, 1.375, 3.125, 2], "texture": "#main"},
				"west": {"uv": [2.5, 1.375, 2.875, 2], "texture": "#main"},
				"up": {"uv": [2.875, 1.625, 3.25, 2], "texture": "#main"},
				"down": {"uv": [2.875, 1.25, 3.25, 1.625], "texture": "#main"}
			}
		},
		{
			"from": [5.5, 14.375, 2.4375],
			"to": [10.5, 19.0625, 7.125],
			"faces": {
				"north": {"uv": [2.5, 0.5, 3, 1], "texture": "#main"},
				"east": {"uv": [2, 0.5, 2.5, 1], "texture": "#main"},
				"south": {"uv": [3.5, 0.5, 4, 1], "texture": "#main"},
				"west": {"uv": [3, 0.5, 3.5, 1], "texture": "#main"},
				"up": {"uv": [3, 0.5, 2.5, 0], "texture": "#main"},
				"down": {"uv": [3, 0, 3.5, 0.5], "texture": "#main"}
			}
		},
		{
			"from": [1, 0.5, -2.5],
			"to": [3, 12.5, -0.5],
			"rotation": {"angle": -45, "axis": "x", "origin": [1, 12.5, -2.5]},
			"faces": {
				"north": {"uv": [4.125, 0.4375, 4.375, 1.9375], "texture": "#main"},
				"east": {"uv": [4.0625, 0.4375, 4.3125, 1.9375], "texture": "#main"},
				"south": {"uv": [4.125, 0.4375, 4.375, 1.9375], "texture": "#main"},
				"west": {"uv": [4.0625, 0.4375, 4.3125, 1.9375], "texture": "#main"},
				"up": {"uv": [4.125, 0, 4.375, 0.25], "texture": "#main"},
				"down": {"uv": [4.125, 0, 4.375, 0.25], "texture": "#main"}
			}
		},
		{
			"from": [0.5, 10.1875, -5],
			"to": [3.5, 13.6875, -1],
			"rotation": {"angle": -45, "axis": "x", "origin": [0.5, 13.6875, -5]},
			"faces": {
				"north": {"uv": [4.125, 4.4375, 4.5, 4.875], "texture": "#main"},
				"east": {"uv": [4.0625, 4.3125, 4.8125, 4.75], "texture": "#main"},
				"south": {"uv": [4.0625, 4.4375, 4.4375, 4.875], "texture": "#main"},
				"west": {"uv": [4.0625, 4.3125, 4.8125, 4.75], "texture": "#main"},
				"up": {"uv": [4.0625, 4.125, 4.4375, 4.875], "texture": "#main"},
				"down": {"uv": [4.1875, 4.125, 4.5625, 4.875], "texture": "#main"}
			}
		},
		{
			"from": [1, 14.25, -4.6875],
			"to": [3, 14.75, -2.6875],
			"rotation": {"angle": -45, "axis": "x", "origin": [1, 14.75, -4.6875]},
			"faces": {
				"north": {"uv": [0.125, 4.21094, 0.375, 4.27344], "texture": "#main"},
				"east": {"uv": [0.0625, 4.21094, 0.3125, 4.27344], "texture": "#main"},
				"south": {"uv": [0.125, 4.21094, 0.375, 4.27344], "texture": "#main"},
				"west": {"uv": [0.0625, 4.21094, 0.3125, 4.27344], "texture": "#main"},
				"up": {"uv": [0.125, 4, 0.375, 4.25], "texture": "#main"},
				"down": {"uv": [0.125, 4.03906, 0.375, 4.28906], "texture": "#main"}
			}
		},
		{
			"from": [0.1875, 12.375, -2.5],
			"to": [3.6875, 16.875, -0.5],
			"rotation": {"angle": -45, "axis": "x", "origin": [0.1875, 16.875, -2.5]},
			"faces": {
				"north": {"uv": [4.14844, 4.5625, 4.58594, 5.125], "texture": "#main"},
				"east": {"uv": [4.125, 4.5625, 4.375, 5.125], "texture": "#main"},
				"south": {"uv": [4.14844, 4.5625, 4.58594, 5.125], "texture": "#main"},
				"west": {"uv": [4.125, 4.5625, 4.375, 5.125], "texture": "#main"},
				"up": {"uv": [4.08594, 4.0625, 4.52344, 4.3125], "texture": "#main"},
				"down": {"uv": [4.125, 4.125, 4.5625, 4.375], "texture": "#main"}
			}
		},
		{
			"from": [0.1875, 8.125, -6.75],
			"to": [3.6875, 12.625, -4.75],
			"rotation": {"angle": -45, "axis": "x", "origin": [0.1875, 12.625, -6.75]},
			"faces": {
				"north": {"uv": [4.14844, 4.5625, 4.58594, 5.125], "texture": "#main"},
				"east": {"uv": [4.125, 4.5625, 4.375, 5.125], "texture": "#main"},
				"south": {"uv": [4.14844, 4.5625, 4.58594, 5.125], "texture": "#main"},
				"west": {"uv": [4.125, 4.5625, 4.375, 5.125], "texture": "#main"},
				"up": {"uv": [4.08594, 4.0625, 4.52344, 4.3125], "texture": "#main"},
				"down": {"uv": [4.125, 4.125, 4.5625, 4.375], "texture": "#main"}
			}
		},
		{
			"from": [9, -0.875, 7.0625],
			"to": [12, 3.625, 10.0625],
			"rotation": {"angle": -22.5, "axis": "x", "origin": [9, 3.625, 7.0625]},
			"faces": {
				"north": {"uv": [10.5, 1.5, 10.875, 2], "texture": "#main"},
				"east": {"uv": [10.75, 1.5, 11.125, 2], "texture": "#main"},
				"south": {"uv": [11.125, 1.5, 11.5, 2], "texture": "#main"},
				"west": {"uv": [10.625, 1.5, 11, 2], "texture": "#main"},
				"up": {"uv": [10.5, 1.25, 10.875, 1.625], "texture": "#main"},
				"down": {"uv": [10.875, 1.625, 11.25, 2], "texture": "#main"}
			}
		},
		{
			"from": [4, 1.4375, 4.375],
			"to": [7, 5.9375, 7.375],
			"rotation": {"angle": 22.5, "axis": "x", "origin": [4, 5.9375, 4.375]},
			"faces": {
				"north": {"uv": [10.875, 1.5, 11.25, 2], "texture": "#main"},
				"east": {"uv": [10.5, 1.5, 10.875, 2], "texture": "#main"},
				"south": {"uv": [10.875, 1.5, 11.25, 2], "texture": "#main"},
				"west": {"uv": [11, 1.5, 11.375, 2], "texture": "#main"},
				"up": {"uv": [10.75, 1.5, 11.125, 1.875], "texture": "#main"},
				"down": {"uv": [10.875, 1.375, 11.25, 1.75], "texture": "#main"}
			}
		},
		{
			"from": [8.75, 3.625, 6.875],
			"to": [12.25, 9.125, 10.375],
			"faces": {
				"north": {"uv": [11, 1.25, 11.375, 1.75], "texture": "#main"},
				"east": {"uv": [11, 1.5, 11.375, 2], "texture": "#main"},
				"south": {"uv": [10.875, 1.25, 11.25, 1.75], "texture": "#main"},
				"west": {"uv": [10.875, 1.25, 11.25, 1.75], "texture": "#main"},
				"up": {"uv": [10.875, 1.5, 11.25, 1.875], "texture": "#main"},
				"down": {"uv": [10.625, 1.25, 11, 1.625], "texture": "#main"}
			}
		},
		{
			"from": [3.8125, 4.4375, 8.125],
			"to": [7.3125, 9.9375, 11.625],
			"rotation": {"angle": 45, "axis": "x", "origin": [3.8125, 9.9375, 8.125]},
			"faces": {
				"north": {"uv": [11.125, 1.375, 11.5, 1.875], "texture": "#main"},
				"east": {"uv": [10.875, 1.25, 11.25, 1.75], "texture": "#main"},
				"south": {"uv": [10.625, 1.5, 11, 2], "texture": "#main"},
				"west": {"uv": [10.75, 1.5, 11.125, 2], "texture": "#main"},
				"up": {"uv": [11.125, 1.625, 11.5, 2], "texture": "#main"},
				"down": {"uv": [10.625, 1.25, 11, 1.625], "texture": "#main"}
			}
		},
		{
			"from": [4, 6.5, 6.375],
			"to": [12, 9.5, 9.375],
			"rotation": {"angle": -22.5, "axis": "x", "origin": [4, 9.5, 6.375]},
			"faces": {
				"north": {"uv": [8.125, 1.5, 9, 1.875], "texture": "#main"},
				"east": {"uv": [11.125, 1.25, 11.5, 1.625], "texture": "#main"},
				"south": {"uv": [10.5, 1.625, 11.375, 2], "texture": "#main"},
				"west": {"uv": [10.625, 1.5, 11, 1.875], "texture": "#main"},
				"up": {"uv": [10.5, 1.5, 11.375, 1.875], "texture": "#main"},
				"down": {"uv": [10.5, 1.25, 11.375, 1.75], "texture": "#main"}
			}
		},
		{
			"from": [3.5, 8.875, 3.8125],
			"to": [12.5, 14.375, 7.8125],
			"rotation": {"angle": -22.5, "axis": "x", "origin": [3.5, 14.375, 3.8125]},
			"faces": {
				"north": {"uv": [9.25, 1.25, 10.125, 1.875], "texture": "#main"},
				"east": {"uv": [10.5, 1.25, 10.875, 1.875], "texture": "#main"},
				"south": {"uv": [10.625, 1.375, 11.5, 2], "texture": "#main"},
				"west": {"uv": [9.625, 1.25, 10, 1.875], "texture": "#main"},
				"up": {"uv": [9.5, 1.5, 10.375, 1.875], "texture": "#main"},
				"down": {"uv": [10.5, 1.5, 11.375, 1.875], "texture": "#main"}
			}
		},
		{
			"from": [5.6875, 14.5, 2.5],
			"to": [10.1875, 19, 7],
			"faces": {
				"north": {"uv": [8.5, 0.5, 9, 1], "texture": "#main"},
				"east": {"uv": [9, 0.5, 9.5, 1], "texture": "#main"},
				"south": {"uv": [9.5, 0.5, 10, 1], "texture": "#main"},
				"west": {"uv": [8, 0.5, 8.5, 1], "texture": "#main"},
				"up": {"uv": [8.5, 0, 9, 0.5], "texture": "#main"},
				"down": {"uv": [9, 0, 9.5, 0.5], "texture": "#main"}
			}
		},
		{
			"from": [12.5, 10, 5],
			"to": [15.5, 15.5, 8],
			"rotation": {"angle": 22.5, "axis": "x", "origin": [12.5, 15.5, 5]},
			"faces": {
				"north": {"uv": [10.75, 1.375, 11.125, 2], "texture": "#main"},
				"east": {"uv": [11, 1.375, 11.375, 2], "texture": "#main"},
				"south": {"uv": [10.5, 1.25, 10.875, 1.875], "texture": "#main"},
				"west": {"uv": [9.625, 1.25, 10, 1.875], "texture": "#main"},
				"up": {"uv": [10.75, 1.25, 11.125, 1.625], "texture": "#main"},
				"down": {"uv": [11.125, 1.375, 11.5, 1.75], "texture": "#main"}
			}
		},
		{
			"from": [12.8125, 5.875, 3.5625],
			"to": [15.3125, 11.375, 6.5625],
			"rotation": {"angle": 45, "axis": "x", "origin": [12.8125, 11.375, 3.5625]},
			"faces": {
				"north": {"uv": [10.5, 1.375, 10.875, 2], "texture": "#main"},
				"east": {"uv": [10.625, 1.25, 11, 1.875], "texture": "#main"},
				"south": {"uv": [10.75, 1.375, 11.125, 2], "texture": "#main"},
				"west": {"uv": [10.5, 1.375, 10.875, 2], "texture": "#main"},
				"up": {"uv": [10.875, 1.625, 11.25, 2], "texture": "#main"},
				"down": {"uv": [10.875, 1.25, 11.25, 1.625], "texture": "#main"}
			}
		},
		{
			"from": [0.5, 8.8125, 4.0625],
			"to": [3.5, 14.3125, 7.0625],
			"rotation": {"angle": -22.5, "axis": "x", "origin": [0.5, 14.3125, 4.0625]},
			"faces": {
				"north": {"uv": [11, 1.25, 11.375, 1.875], "texture": "#main"},
				"east": {"uv": [10.75, 1.25, 11.125, 1.875], "texture": "#main"},
				"south": {"uv": [10.875, 1.375, 11.25, 2], "texture": "#main"},
				"west": {"uv": [10.5, 1.25, 10.875, 1.875], "texture": "#main"},
				"up": {"uv": [10.875, 1.625, 11.25, 2], "texture": "#main"},
				"down": {"uv": [10.625, 1.25, 11, 1.625], "texture": "#main"}
			}
		},
		{
			"from": [0.75, 4.8125, 5.875],
			"to": [3.25, 10.3125, 8.875],
			"faces": {
				"north": {"uv": [10.5, 1.375, 10.875, 2], "texture": "#main"},
				"east": {"uv": [10.625, 1.25, 11, 1.875], "texture": "#main"},
				"south": {"uv": [10.75, 1.375, 11.125, 2], "texture": "#main"},
				"west": {"uv": [10.5, 1.375, 10.875, 2], "texture": "#main"},
				"up": {"uv": [10.875, 1.625, 11.25, 2], "texture": "#main"},
				"down": {"uv": [10.875, 1.25, 11.25, 1.625], "texture": "#main"}
			}
		},
		{
			"from": [5.5, 14.375, 2.4375],
			"to": [10.5, 19.0625, 7.125],
			"faces": {
				"north": {"uv": [10.5, 0.5, 11, 1], "texture": "#main"},
				"east": {"uv": [10, 0.5, 10.5, 1], "texture": "#main"},
				"south": {"uv": [11.5, 0.5, 12, 1], "texture": "#main"},
				"west": {"uv": [11, 0.5, 11.5, 1], "texture": "#main"},
				"up": {"uv": [11, 0.5, 10.5, 0], "texture": "#main"},
				"down": {"uv": [11, 0, 11.5, 0.5], "texture": "#main"}
			}
		},
		{
			"from": [1, 9.4375, -0.9375],
			"to": [3, 11.4375, 11.0625],
			"rotation": {"angle": 22.5, "axis": "x", "origin": [1, 11.4375, -0.9375]},
			"faces": {
				"north": {"uv": [12.125, 0.57031, 12.375, 0.82031], "texture": "#main"},
				"east": {"uv": [12, 0.57031, 13.5, 0.82031], "texture": "#main"},
				"south": {"uv": [12.125, 0.57031, 12.375, 0.82031], "texture": "#main"},
				"west": {"uv": [12, 0.57031, 13.5, 0.82031], "texture": "#main"},
				"up": {"uv": [12.125, 0, 12.375, 1.5], "texture": "#main"},
				"down": {"uv": [12.125, 0, 12.375, 1.5], "texture": "#main"}
			}
		},
		{
			"from": [0.5, 9.625, -3.5625],
			"to": [3.5, 13.625, -0.0625],
			"rotation": {"angle": 22.5, "axis": "x", "origin": [0.5, 13.625, -3.5625]},
			"faces": {
				"north": {"uv": [12.0625, 4.0625, 12.4375, 4.5625], "texture": "#main"},
				"east": {"uv": [12.0625, 4.0625, 12.5, 4.5625], "texture": "#main"},
				"south": {"uv": [12.0625, 4.0625, 12.4375, 4.5625], "texture": "#main"},
				"west": {"uv": [12.0625, 4.0625, 12.5, 4.5625], "texture": "#main"},
				"up": {"uv": [12.0625, 4.0625, 12.4375, 4.5], "texture": "#main"},
				"down": {"uv": [12.0625, 4.0625, 12.4375, 4.5], "texture": "#main"}
			}
		},
		{
			"from": [1, 10.9375, -4.375],
			"to": [3, 12.9375, -3.875],
			"rotation": {"angle": 22.5, "axis": "x", "origin": [1, 12.9375, -4.375]},
			"faces": {
				"north": {"uv": [8.125, 4.1875, 8.375, 4.4375], "texture": "#main"},
				"east": {"uv": [8, 4.1875, 8.0625, 4.4375], "texture": "#main"},
				"south": {"uv": [8.125, 4.1875, 8.375, 4.4375], "texture": "#main"},
				"west": {"uv": [8, 4.1875, 8.0625, 4.4375], "texture": "#main"},
				"up": {"uv": [8.125, 4, 8.375, 4.0625], "texture": "#main"},
				"down": {"uv": [8.125, 4, 8.375, 4.0625], "texture": "#main"}
			}
		},
		{
			"from": [0.1875, 8.125, -5.5],
			"to": [3.6875, 10.125, -1],
			"rotation": {"angle": 22.5, "axis": "x", "origin": [0.1875, 10.125, -5.5]},
			"faces": {
				"north": {"uv": [12.0625, 4.0625, 12.5, 4.3125], "texture": "#main"},
				"east": {"uv": [12.0625, 4.0625, 12.625, 4.3125], "texture": "#main"},
				"south": {"uv": [12.0625, 4.0625, 12.5, 4.3125], "texture": "#main"},
				"west": {"uv": [12.0625, 4.0625, 12.625, 4.3125], "texture": "#main"},
				"up": {"uv": [12.0625, 4.0625, 12.5, 4.625], "texture": "#main"},
				"down": {"uv": [12.0625, 4.0625, 12.5, 4.625], "texture": "#main"}
			}
		},
		{
			"from": [0.1875, 13.5625, -3.25],
			"to": [3.6875, 15.5625, 1.25],
			"rotation": {"angle": 22.5, "axis": "x", "origin": [0.1875, 15.5625, -3.25]},
			"faces": {
				"north": {"uv": [12.0625, 4.0625, 12.5, 4.3125], "texture": "#main"},
				"east": {"uv": [12.0625, 4.0625, 12.625, 4.3125], "texture": "#main"},
				"south": {"uv": [12.0625, 4.0625, 12.5, 4.3125], "texture": "#main"},
				"west": {"uv": [12.0625, 4.0625, 12.625, 4.3125], "texture": "#main"},
				"up": {"uv": [12.0625, 4.0625, 12.5, 4.625], "texture": "#main"},
				"down": {"uv": [12.0625, 4.0625, 12.5, 4.625], "texture": "#main"}
			}
		},
		{
			"from": [9, 1.4375, 4.375],
			"to": [12, 5.9375, 7.375],
			"rotation": {"angle": 22.5, "axis": "x", "origin": [9, 5.9375, 4.375]},
			"faces": {
				"north": {"uv": [2.5, 9.5, 2.875, 10], "texture": "#main"},
				"east": {"uv": [2.75, 9.5, 3.125, 10], "texture": "#main"},
				"south": {"uv": [3.125, 9.5, 3.5, 10], "texture": "#main"},
				"west": {"uv": [2.625, 9.5, 3, 10], "texture": "#main"},
				"up": {"uv": [2.5, 9.25, 2.875, 9.625], "texture": "#main"},
				"down": {"uv": [2.875, 9.625, 3.25, 10], "texture": "#main"}
			}
		},
		{
			"from": [4, -0.875, 7.0625],
			"to": [7, 3.625, 10.0625],
			"rotation": {"angle": -22.5, "axis": "x", "origin": [4, 3.625, 7.0625]},
			"faces": {
				"north": {"uv": [2.875, 9.5, 3.25, 10], "texture": "#main"},
				"east": {"uv": [2.5, 9.5, 2.875, 10], "texture": "#main"},
				"south": {"uv": [2.875, 9.5, 3.25, 10], "texture": "#main"},
				"west": {"uv": [3, 9.5, 3.375, 10], "texture": "#main"},
				"up": {"uv": [2.75, 9.5, 3.125, 9.875], "texture": "#main"},
				"down": {"uv": [2.875, 9.375, 3.25, 9.75], "texture": "#main"}
			}
		},
		{
			"from": [8.75, 4.4375, 8.125],
			"to": [12.25, 9.9375, 11.625],
			"rotation": {"angle": 45, "axis": "x", "origin": [8.75, 9.9375, 8.125]},
			"faces": {
				"north": {"uv": [3, 9.25, 3.375, 9.75], "texture": "#main"},
				"east": {"uv": [3, 9.5, 3.375, 10], "texture": "#main"},
				"south": {"uv": [2.875, 9.25, 3.25, 9.75], "texture": "#main"},
				"west": {"uv": [2.875, 9.25, 3.25, 9.75], "texture": "#main"},
				"up": {"uv": [2.875, 9.5, 3.25, 9.875], "texture": "#main"},
				"down": {"uv": [2.625, 9.25, 3, 9.625], "texture": "#main"}
			}
		},
		{
			"from": [3.8125, 3.625, 6.875],
			"to": [7.3125, 9.125, 10.375],
			"faces": {
				"north": {"uv": [3.125, 9.375, 3.5, 9.875], "texture": "#main"},
				"east": {"uv": [2.875, 9.25, 3.25, 9.75], "texture": "#main"},
				"south": {"uv": [2.625, 9.5, 3, 10], "texture": "#main"},
				"west": {"uv": [2.75, 9.5, 3.125, 10], "texture": "#main"},
				"up": {"uv": [3.125, 9.625, 3.5, 10], "texture": "#main"},
				"down": {"uv": [2.625, 9.25, 3, 9.625], "texture": "#main"}
			}
		},
		{
			"from": [4, 6.5, 6.375],
			"to": [12, 9.5, 9.375],
			"rotation": {"angle": -22.5, "axis": "x", "origin": [4, 9.5, 6.375]},
			"faces": {
				"north": {"uv": [0.125, 9.5, 1, 9.875], "texture": "#main"},
				"east": {"uv": [3.125, 9.25, 3.5, 9.625], "texture": "#main"},
				"south": {"uv": [2.5, 9.625, 3.375, 10], "texture": "#main"},
				"west": {"uv": [2.625, 9.5, 3, 9.875], "texture": "#main"},
				"up": {"uv": [2.5, 9.5, 3.375, 9.875], "texture": "#main"},
				"down": {"uv": [2.5, 9.25, 3.375, 9.75], "texture": "#main"}
			}
		},
		{
			"from": [3.5, 8.875, 3.8125],
			"to": [12.5, 14.375, 7.8125],
			"rotation": {"angle": -22.5, "axis": "x", "origin": [3.5, 14.375, 3.8125]},
			"faces": {
				"north": {"uv": [1.25, 9.25, 2.125, 9.875], "texture": "#main"},
				"east": {"uv": [2.5, 9.25, 2.875, 9.875], "texture": "#main"},
				"south": {"uv": [2.625, 9.375, 3.5, 10], "texture": "#main"},
				"west": {"uv": [1.625, 9.25, 2, 9.875], "texture": "#main"},
				"up": {"uv": [1.5, 9.5, 2.375, 9.875], "texture": "#main"},
				"down": {"uv": [2.5, 9.5, 3.375, 9.875], "texture": "#main"}
			}
		},
		{
			"from": [5.6875, 14.5, 2.5],
			"to": [10.1875, 19, 7],
			"faces": {
				"north": {"uv": [0.5, 8.5, 1, 9], "texture": "#main"},
				"east": {"uv": [1, 8.5, 1.5, 9], "texture": "#main"},
				"south": {"uv": [1.5, 8.5, 2, 9], "texture": "#main"},
				"west": {"uv": [0, 8.5, 0.5, 9], "texture": "#main"},
				"up": {"uv": [0.5, 8, 1, 8.5], "texture": "#main"},
				"down": {"uv": [1, 8, 1.5, 8.5], "texture": "#main"}
			}
		},
		{
			"from": [12.5, 8.875, 4.25],
			"to": [15.5, 14.375, 7.25],
			"rotation": {"angle": -22.5, "axis": "x", "origin": [12.5, 14.375, 4.25]},
			"faces": {
				"north": {"uv": [2.75, 9.375, 3.125, 10], "texture": "#main"},
				"east": {"uv": [3, 9.375, 3.375, 10], "texture": "#main"},
				"south": {"uv": [2.5, 9.25, 2.875, 9.875], "texture": "#main"},
				"west": {"uv": [1.625, 9.25, 2, 9.875], "texture": "#main"},
				"up": {"uv": [2.75, 9.25, 3.125, 9.625], "texture": "#main"},
				"down": {"uv": [3.125, 9.375, 3.5, 9.75], "texture": "#main"}
			}
		},
		{
			"from": [12.8125, 4.875, 6.125],
			"to": [15.3125, 10.375, 9.125],
			"faces": {
				"north": {"uv": [2.5, 9.375, 2.875, 10], "texture": "#main"},
				"east": {"uv": [2.625, 9.25, 3, 9.875], "texture": "#main"},
				"south": {"uv": [2.75, 9.375, 3.125, 10], "texture": "#main"},
				"west": {"uv": [2.5, 9.375, 2.875, 10], "texture": "#main"},
				"up": {"uv": [2.875, 9.625, 3.25, 10], "texture": "#main"},
				"down": {"uv": [2.875, 9.25, 3.25, 9.625], "texture": "#main"}
			}
		},
		{
			"from": [0.5, 10, 5],
			"to": [3.5, 15.5, 8],
			"rotation": {"angle": 22.5, "axis": "x", "origin": [0.5, 15.5, 5]},
			"faces": {
				"north": {"uv": [3, 9.25, 3.375, 9.875], "texture": "#main"},
				"east": {"uv": [2.75, 9.25, 3.125, 9.875], "texture": "#main"},
				"south": {"uv": [2.875, 9.375, 3.25, 10], "texture": "#main"},
				"west": {"uv": [2.5, 9.25, 2.875, 9.875], "texture": "#main"},
				"up": {"uv": [2.875, 9.625, 3.25, 10], "texture": "#main"},
				"down": {"uv": [2.625, 9.25, 3, 9.625], "texture": "#main"}
			}
		},
		{
			"from": [0.75, 5.875, 3.5],
			"to": [3.25, 11.375, 6.5],
			"rotation": {"angle": 45, "axis": "x", "origin": [0.75, 11.375, 3.5]},
			"faces": {
				"north": {"uv": [2.5, 9.375, 2.875, 10], "texture": "#main"},
				"east": {"uv": [2.625, 9.25, 3, 9.875], "texture": "#main"},
				"south": {"uv": [2.75, 9.375, 3.125, 10], "texture": "#main"},
				"west": {"uv": [2.5, 9.375, 2.875, 10], "texture": "#main"},
				"up": {"uv": [2.875, 9.625, 3.25, 10], "texture": "#main"},
				"down": {"uv": [2.875, 9.25, 3.25, 9.625], "texture": "#main"}
			}
		},
		{
			"from": [5.5, 14.375, 2.4375],
			"to": [10.5, 19.0625, 7.125],
			"faces": {
				"north": {"uv": [2.5, 8.5, 3, 9], "texture": "#main"},
				"east": {"uv": [2, 8.5, 2.5, 9], "texture": "#main"},
				"south": {"uv": [3.5, 8.5, 4, 9], "texture": "#main"},
				"west": {"uv": [3, 8.5, 3.5, 9], "texture": "#main"},
				"up": {"uv": [3, 8.5, 2.5, 8], "texture": "#main"},
				"down": {"uv": [3, 8, 3.5, 8.5], "texture": "#main"}
			}
		},
		{
			"from": [1, 3.875, -2.4375],
			"to": [3, 15.875, -0.4375],
			"rotation": {"angle": -22.5, "axis": "x", "origin": [1, 15.875, -2.4375]},
			"faces": {
				"north": {"uv": [4.125, 8.4375, 4.375, 9.9375], "texture": "#main"},
				"east": {"uv": [4.0625, 8.4375, 4.3125, 9.9375], "texture": "#main"},
				"south": {"uv": [4.125, 8.4375, 4.375, 9.9375], "texture": "#main"},
				"west": {"uv": [4.0625, 8.4375, 4.3125, 9.9375], "texture": "#main"},
				"up": {"uv": [4.125, 8, 4.375, 8.25], "texture": "#main"},
				"down": {"uv": [4.125, 8, 4.375, 8.25], "texture": "#main"}
			}
		},
		{
			"from": [0.5, 14.4375, -4.3125],
			"to": [3.5, 17.9375, -0.3125],
			"rotation": {"angle": -22.5, "axis": "x", "origin": [0.5, 17.9375, -4.3125]},
			"faces": {
				"north": {"uv": [4.125, 12.4375, 4.5, 12.875], "texture": "#main"},
				"east": {"uv": [4.0625, 12.3125, 4.8125, 12.75], "texture": "#main"},
				"south": {"uv": [4.0625, 12.4375, 4.4375, 12.875], "texture": "#main"},
				"west": {"uv": [4.0625, 12.3125, 4.8125, 12.75], "texture": "#main"},
				"up": {"uv": [4.0625, 12.125, 4.4375, 12.875], "texture": "#main"},
				"down": {"uv": [4.1875, 12.125, 4.5625, 12.875], "texture": "#main"}
			}
		},
		{
			"from": [1, 18.25, -3.5625],
			"to": [3, 18.75, -1.5625],
			"rotation": {"angle": -22.5, "axis": "x", "origin": [1, 18.75, -3.5625]},
			"faces": {
				"north": {"uv": [0.125, 12.21094, 0.375, 12.27344], "texture": "#main"},
				"east": {"uv": [0.0625, 12.21094, 0.3125, 12.27344], "texture": "#main"},
				"south": {"uv": [0.125, 12.21094, 0.375, 12.27344], "texture": "#main"},
				"west": {"uv": [0.0625, 12.21094, 0.3125, 12.27344], "texture": "#main"},
				"up": {"uv": [0.125, 12, 0.375, 12.25], "texture": "#main"},
				"down": {"uv": [0.125, 12.03906, 0.375, 12.28906], "texture": "#main"}
			}
		},
		{
			"from": [0.1875, 15.4375, -0.8125],
			"to": [3.6875, 19.9375, 1.1875],
			"rotation": {"angle": -22.5, "axis": "x", "origin": [0.1875, 19.9375, -0.8125]},
			"faces": {
				"north": {"uv": [4.14844, 12.5625, 4.58594, 13.125], "texture": "#main"},
				"east": {"uv": [4.125, 12.5625, 4.375, 13.125], "texture": "#main"},
				"south": {"uv": [4.14844, 12.5625, 4.58594, 13.125], "texture": "#main"},
				"west": {"uv": [4.125, 12.5625, 4.375, 13.125], "texture": "#main"},
				"up": {"uv": [4.08594, 12.0625, 4.52344, 12.3125], "texture": "#main"},
				"down": {"uv": [4.125, 12.125, 4.5625, 12.375], "texture": "#main"}
			}
		},
		{
			"from": [0.1875, 13.125, -6.3125],
			"to": [3.6875, 17.625, -4.3125],
			"rotation": {"angle": -22.5, "axis": "x", "origin": [0.1875, 17.625, -6.3125]},
			"faces": {
				"north": {"uv": [4.14844, 12.5625, 4.58594, 13.125], "texture": "#main"},
				"east": {"uv": [4.125, 12.5625, 4.375, 13.125], "texture": "#main"},
				"south": {"uv": [4.14844, 12.5625, 4.58594, 13.125], "texture": "#main"},
				"west": {"uv": [4.125, 12.5625, 4.375, 13.125], "texture": "#main"},
				"up": {"uv": [4.08594, 12.0625, 4.52344, 12.3125], "texture": "#main"},
				"down": {"uv": [4.125, 12.125, 4.5625, 12.375], "texture": "#main"}
			}
		}
	],
	"display": {
		"head": {
			"translation": [0, -11.33, 0],
			"scale": [4, 4, 4]
		}
	}
}