{
 "parent": "item/handheld_rod",
 "textures": {
  "layer0": "item/carrot_on_a_stick"
 },

 "overrides": [
{ "predicate": {"custom_model_data": 10000}, "model": "mc_silver_model:item/geomancer_wall"},
{ "predicate": {"custom_model_data": 10001}, "model": "mc_silver_model:item/geomancer_wall_explosive"},
{ "predicate": {"custom_model_data": 10002}, "model": "mc_silver_model:item/geomancer_stick"},
{ "predicate": {"custom_model_data": 10003}, "model": "mc_silver_model:item/armored_vindicator_helmet_horn"},
{ "predicate": {"custom_model_data": 10004}, "model": "mc_silver_model:item/armored_pillager_helmet_diamond"},
{ "predicate": {"custom_model_data": 10005}, "model": "mc_silver_model:item/armored_pillager_helmet_gold"},
{ "predicate": {"custom_model_data": 10006}, "model": "mc_silver_model:item/armored_vindicator_helmet_gold"},
{ "predicate": {"custom_model_data": 10007}, "model": "mc_silver_model:item/royal_guard_dark_armor"},
{ "predicate": {"custom_model_data": 10008}, "model": "mc_silver_model:item/royal_guard_shield"},
{ "predicate": {"custom_model_data": 10009}, "model": "mc_silver_model:item/totem_of_sand"},
{ "predicate": {"custom_model_data": 10010}, "model": "mc_silver_model:item/ice_chunk"},
{ "predicate": {"custom_model_data": 10011}, "model": "mc_silver_model:item/village_guard"},
{ "predicate": {"custom_model_data": 10012}, "model": "mc_silver_model:item/village_guard_chainmail"},
{ "predicate": {"custom_model_data": 10013}, "model": "mc_silver_model:item/village_guard_iron"},
{ "predicate": {"custom_model_data": 10014}, "model": "mc_silver_model:item/village_guard_diamond"},
{ "predicate": {"custom_model_data": 10015}, "model": "mc_silver_model:item/village_guard_gold"},
{ "predicate": {"custom_model_data": 10016}, "model": "mc_silver_model:item/village_guard_netherite"},
{ "predicate": {"custom_model_data": 10017}, "model": "mc_silver_model:item/village_guard_turtle"},
{ "predicate": {"custom_model_data": 10018}, "model": "mc_silver_model:item/enchanter_book"},
{ "predicate": {"custom_model_data": 10019}, "model": "mc_silver_model:item/magnet"},
{ "predicate": {"custom_model_data": 10020}, "model": "mc_silver_model:item/mineger_helmet"},
{ "predicate": {"custom_model_data": 20000}, "model": "mc_silver_model:item/backpack"}
     ]
}