{
    "parent": "item/handheld",
    "textures": {
        "layer0": "item/diamond_axe"
    },

    "overrides":[

     {"predicate": {"custom_model_data":5164700}, "model":"item/misc/astral_axe"}
		{ "predicate": { "custom_model_data": 4015709 }, "model": "item/models_mutants/dog_still"},
		{ "predicate": { "custom_model_data": 11472309 }, "model": "item/models_mutants/angrywolf_still"},
		{ "predicate": { "custom_model_data": 40157049 }, "model": "item/models_mutants/dog_no_still"},
		{ "predicate": { "custom_model_data": 51441309 }, "model": "item/models_mutants/enderman_still"},
		{ "predicate": { "custom_model_data": 114723049 }, "model": "item/models_mutants/angrywolf_no_still"},
		{ "predicate": { "custom_model_data": 141514513 }, "model": "item/models_items/none_model"},
		{ "predicate": { "custom_model_data": 191151209 }, "model": "item/models_mutants/skeleton_still"},

		{ "predicate": { "custom_model_data": 191415712 }, "model": "item/models_mutants/snow_golem_leg"},
		{ "predicate": { "custom_model_data": 191415722 }, "model": "item/models_mutants/snow_golem_leg2"},
		{ "predicate": { "custom_model_data": 192415712 }, "model": "item/models_mutants/snow_golem_still"},
		{ "predicate": { "custom_model_data": 192415722 }, "model": "item/models_mutants/snow_golem_no_still"},

		{ "predicate": { "custom_model_data": 193415701 }, "model": "item/models_mutants/snow_golem_anim/snow_golem_anim_1"},
		{ "predicate": { "custom_model_data": 193425702 }, "model": "item/models_mutants/snow_golem_anim/snow_golem_anim_2"},
		{ "predicate": { "custom_model_data": 193435703 }, "model": "item/models_mutants/snow_golem_anim/snow_golem_anim_3"},
		{ "predicate": { "custom_model_data": 193445704 }, "model": "item/models_mutants/snow_golem_anim/snow_golem_anim_4"},
		{ "predicate": { "custom_model_data": 193455705 }, "model": "item/models_mutants/snow_golem_anim/snow_golem_anim_5"},
		{ "predicate": { "custom_model_data": 193465706 }, "model": "item/models_mutants/snow_golem_anim/snow_golem_anim_6"},
		{ "predicate": { "custom_model_data": 193475707 }, "model": "item/models_mutants/snow_golem_anim/snow_golem_anim_7"},
		{ "predicate": { "custom_model_data": 193485708 }, "model": "item/models_mutants/snow_golem_anim/snow_golem_anim_8"},
		{ "predicate": { "custom_model_data": 193495709 }, "model": "item/models_mutants/snow_golem_anim/snow_golem_anim_9"},
		{ "predicate": { "custom_model_data": 193505710 }, "model": "item/models_mutants/snow_golem_anim/snow_golem_anim_10"},
		{ "predicate": { "custom_model_data": 193515711 }, "model": "item/models_mutants/snow_golem_anim/snow_golem_anim_11"},
		{ "predicate": { "custom_model_data": 193525712 }, "model": "item/models_mutants/snow_golem_anim/snow_golem_anim_12"},

		{ "predicate": { "custom_model_data": 231512609 }, "model": "item/models_mutants/wolf_still"},
		{ "predicate": { "custom_model_data": 261513609 }, "model": "item/models_mutants/zombpig_still"},
		{ "predicate": { "custom_model_data": 318516854 }, "model": "item/models_mutants/creeper_head"},
		{ "predicate": { "custom_model_data": 318551609 }, "model": "item/models_mutants/creeper_still"},
		{ "predicate": { "custom_model_data": 319551622 }, "model": "item/models_items/creeperbomb"},
		{ "predicate": { "custom_model_data": 514413049 }, "model": "item/models_mutants/enderman_no_still"},
		{ "predicate": { "custom_model_data": 514413312 }, "model": "item/models_items/crystal"},
		{ "predicate": { "custom_model_data": 935021211 }, "model": "item/models_items/ice"},
		{ "predicate": { "custom_model_data": 1185516049 }, "model": "item/models_mutants/creeper_no_still"},
		{ "predicate": { "custom_model_data": 1315126049 }, "model": "item/models_mutants/wolf_no_still"},

		{ "predicate": { "custom_model_data": 1321102615 }, "model": "item/models_mutants/zombie/zombie_mutant_still"},
		{ "predicate": { "custom_model_data": 1321112615 }, "model": "item/models_mutants/zombie/zombie_mutant_no_still"},
		{ "predicate": { "custom_model_data": 1321122615 }, "model": "item/models_mutants/zombie/zombie_mutant_throw"},

		{ "predicate": { "custom_model_data": 1321202615 }, "model": "item/models_mutants/zombie/zombie_mutant_ground_0"},
		{ "predicate": { "custom_model_data": 1321212615 }, "model": "item/models_mutants/zombie/zombie_mutant_ground_1"},
		{ "predicate": { "custom_model_data": 1321222615 }, "model": "item/models_mutants/zombie/zombie_mutant_ground_2"},
		{ "predicate": { "custom_model_data": 1321232615 }, "model": "item/models_mutants/zombie/zombie_mutant_ground_3"},
		{ "predicate": { "custom_model_data": 1321242615 }, "model": "item/models_mutants/zombie/zombie_mutant_ground_4"},
		{ "predicate": { "custom_model_data": 1321252615 }, "model": "item/models_mutants/zombie/zombie_mutant_ground_5"},
		{ "predicate": { "custom_model_data": 1321262615 }, "model": "item/models_mutants/zombie/zombie_mutant_ground_6"},

		{ "predicate": { "custom_model_data": 1321302615 }, "model": "item/models_mutants/zombie/zombie_mutant_summon_0"},
		{ "predicate": { "custom_model_data": 1321312615 }, "model": "item/models_mutants/zombie/zombie_mutant_summon_1"},
		{ "predicate": { "custom_model_data": 1321322615 }, "model": "item/models_mutants/zombie/zombie_mutant_summon_2"},
		{ "predicate": { "custom_model_data": 1321332615 }, "model": "item/models_mutants/zombie/zombie_mutant_summon_3"},
		{ "predicate": { "custom_model_data": 1321342615 }, "model": "item/models_mutants/zombie/zombie_mutant_summon_4"},
		{ "predicate": { "custom_model_data": 1321352615 }, "model": "item/models_mutants/zombie/zombie_mutant_summon_5"},
		{ "predicate": { "custom_model_data": 1321362615 }, "model": "item/models_mutants/zombie/zombie_mutant_summon_6"},
		{ "predicate": { "custom_model_data": 1321372615 }, "model": "item/models_mutants/zombie/zombie_mutant_summon_7"},
		{ "predicate": { "custom_model_data": 1321382615 }, "model": "item/models_mutants/zombie/zombie_mutant_summon_8"},
		{ "predicate": { "custom_model_data": 1321392615 }, "model": "item/models_mutants/zombie/zombie_mutant_summon_9"},
		{ "predicate": { "custom_model_data": 1321402615 }, "model": "item/models_mutants/zombie/zombie_mutant_summon_10"},
		{ "predicate": { "custom_model_data": 1321412615 }, "model": "item/models_mutants/zombie/zombie_mutant_summon_11"},

		{ "predicate": { "custom_model_data": 1321422615 }, "model": "item/models_mutants/zombie/zombie_mutant_dead_0"},
		{ "predicate": { "custom_model_data": 1321432615 }, "model": "item/models_mutants/zombie/zombie_mutant_dead_1"},
		{ "predicate": { "custom_model_data": 1321442615 }, "model": "item/models_mutants/zombie/zombie_mutant_dead_2"},
		{ "predicate": { "custom_model_data": 1321452615 }, "model": "item/models_mutants/zombie/zombie_mutant_dead_3"},

		{ "predicate": { "custom_model_data": 1615136049 }, "model": "item/models_mutants/zombpig_no_still"},
		{ "predicate": { "custom_model_data": 1615136132 }, "model": "item/models_items/zomb_molot"},
		{ "predicate": { "custom_model_data": 1911512049 }, "model": "item/models_mutants/skeleton_no_still"}
		
     ]

}
