{
	"credit": "Made with Blockbench",
	"texture_size": [32, 32],
	"textures": {
		"0": "starter_house",
		"1": "floor",
		"particle": "starter_house"
	},
	"elements": [
		{
			"name": "floor",
			"from": [0, 0, 0],
			"to": [16, 1, 16],
			"rotation": {"angle": 0, "axis": "y", "origin": [0, 1, 0]},
			"faces": {
				"north": {"uv": [8, 0, 16, 0.5], "texture": "#1"},
				"east": {"uv": [8, 0.5, 16, 1], "texture": "#1"},
				"south": {"uv": [8, 1, 16, 1.5], "texture": "#1"},
				"west": {"uv": [8, 1.5, 16, 2], "texture": "#1"},
				"up": {"uv": [8, 8, 0, 0], "texture": "#1"},
				"down": {"uv": [8, 8, 0, 16], "texture": "#1"}
			}
		},
		{
			"from": [3, 1, 13],
			"to": [8, 5, 14],
			"rotation": {"angle": 0, "axis": "y", "origin": [0, 1, 0]},
			"faces": {
				"north": {"uv": [3.25, 5, 4.5, 6], "texture": "#0"},
				"east": {"uv": [0, 7.75, 0.25, 8.75], "texture": "#0"},
				"south": {"uv": [4.5, 5, 5.75, 6], "texture": "#0"},
				"west": {"uv": [0.25, 7.75, 0.5, 8.75], "texture": "#0"},
				"up": {"uv": [3, 7.5, 1.75, 7.25], "texture": "#0"},
				"down": {"uv": [3, 7.5, 1.75, 7.75], "texture": "#0"}
			}
		},
		{
			"from": [8, 1, 13.25],
			"to": [12.75, 4.25, 13.75],
			"rotation": {"angle": 0, "axis": "y", "origin": [0, 1, 0]},
			"faces": {
				"north": {"uv": [6.25, 2, 7.5, 2.75], "texture": "#0"},
				"east": {"uv": [5, 3.25, 5.25, 4], "texture": "#0"},
				"south": {"uv": [6.5, 2.75, 7.75, 3.5], "texture": "#0"},
				"west": {"uv": [5.25, 3.25, 5.5, 4], "texture": "#0"},
				"up": {"uv": [8.75, 2.75, 7.5, 2.5], "texture": "#0"},
				"down": {"uv": [8.75, 5.5, 7.5, 5.75], "texture": "#0"}
			}
		},
		{
			"from": [12.25, 1, 10.25],
			"to": [12.75, 4.25, 13.25],
			"rotation": {"angle": 0, "axis": "y", "origin": [0, 1, 0]},
			"faces": {
				"north": {"uv": [8, 4, 8.25, 4.75], "texture": "#0"},
				"east": {"uv": [6.75, 5.5, 7.5, 6.25], "texture": "#0"},
				"south": {"uv": [5.5, 8, 5.75, 8.75], "texture": "#0"},
				"west": {"uv": [6.75, 6.25, 7.5, 7], "texture": "#0"},
				"up": {"uv": [6, 8.75, 5.75, 8], "texture": "#0"},
				"down": {"uv": [6.25, 8, 6, 8.75], "texture": "#0"}
			}
		},
		{
			"from": [3, 1, 1],
			"to": [4, 5, 13],
			"rotation": {"angle": 0, "axis": "y", "origin": [0, 1, 0]},
			"faces": {
				"north": {"uv": [0.5, 7.75, 0.75, 8.75], "texture": "#0"},
				"east": {"uv": [2, 2, 5, 3], "texture": "#0"},
				"south": {"uv": [1.75, 7.75, 2, 8.75], "texture": "#0"},
				"west": {"uv": [2, 3, 5, 4], "texture": "#0"},
				"up": {"uv": [1.5, 9.75, 1.25, 6.75], "texture": "#0"},
				"down": {"uv": [1.75, 6.75, 1.5, 9.75], "texture": "#0"}
			}
		},
		{
			"from": [4, 1, 1],
			"to": [7, 6, 2],
			"rotation": {"angle": 0, "axis": "y", "origin": [0, 1, 0]},
			"faces": {
				"north": {"uv": [5.25, 6.5, 6, 7.75], "texture": "#0"},
				"east": {"uv": [0.75, 7, 1, 8.25], "texture": "#0"},
				"south": {"uv": [6, 6.5, 6.75, 7.75], "texture": "#0"},
				"west": {"uv": [4.75, 7, 5, 8.25], "texture": "#0"},
				"up": {"uv": [8.75, 5, 8, 4.75], "texture": "#0"},
				"down": {"uv": [7, 8, 6.25, 8.25], "texture": "#0"}
			}
		},
		{
			"from": [11, 1, 5],
			"to": [12, 5.25, 10],
			"rotation": {"angle": 0, "axis": "y", "origin": [9.5, 3, 6.5]},
			"faces": {
				"north": {"uv": [2, 7.75, 2.25, 8.75], "texture": "#0"},
				"east": {"uv": [5.5, 0, 6.75, 1], "texture": "#0"},
				"south": {"uv": [2.25, 7.75, 2.5, 8.75], "texture": "#0"},
				"west": {"uv": [5.5, 1, 6.75, 2], "texture": "#0"},
				"up": {"uv": [5.25, 8.25, 5, 7], "texture": "#0"},
				"down": {"uv": [7.75, 5.75, 7.5, 7], "texture": "#0"}
			}
		},
		{
			"from": [7, 1, 9],
			"to": [11, 5, 10],
			"rotation": {"angle": 0, "axis": "y", "origin": [9.5, 3, 6.5]},
			"faces": {
				"north": {"uv": [1, 5.75, 2, 6.75], "texture": "#0"},
				"east": {"uv": [2.5, 7.75, 2.75, 8.75], "texture": "#0"},
				"south": {"uv": [5.75, 4.5, 6.75, 5.5], "texture": "#0"},
				"west": {"uv": [2.75, 7.75, 3, 8.75], "texture": "#0"},
				"up": {"uv": [8.75, 1, 7.75, 0.75], "texture": "#0"},
				"down": {"uv": [8.75, 1, 7.75, 1.25], "texture": "#0"}
			}
		},
		{
			"from": [7, 1, 5],
			"to": [11, 5, 6],
			"rotation": {"angle": 0, "axis": "y", "origin": [4.5, 3, 1.5]},
			"faces": {
				"north": {"uv": [5.75, 5.5, 6.75, 6.5], "texture": "#0"},
				"east": {"uv": [3.25, 7.75, 3.5, 8.75], "texture": "#0"},
				"south": {"uv": [3.25, 6, 4.25, 7], "texture": "#0"},
				"west": {"uv": [3.5, 7.75, 3.75, 8.75], "texture": "#0"},
				"up": {"uv": [8.75, 1.5, 7.75, 1.25], "texture": "#0"},
				"down": {"uv": [8.75, 2.75, 7.75, 3], "texture": "#0"}
			}
		},
		{
			"from": [7, 1, 1],
			"to": [8, 5, 5],
			"rotation": {"angle": 0, "axis": "y", "origin": [4.5, 3, 1.5]},
			"faces": {
				"north": {"uv": [3.75, 7.75, 4, 8.75], "texture": "#0"},
				"east": {"uv": [4.25, 6, 5.25, 7], "texture": "#0"},
				"south": {"uv": [4, 7.75, 4.25, 8.75], "texture": "#0"},
				"west": {"uv": [2, 6.25, 3, 7.25], "texture": "#0"},
				"up": {"uv": [8, 5, 7.75, 4], "texture": "#0"},
				"down": {"uv": [4.5, 7.75, 4.25, 8.75], "texture": "#0"}
			}
		},
		{
			"from": [3.25, 5, 1.0625],
			"to": [7.25, 8, 2.0625],
			"rotation": {"angle": -45, "axis": "z", "origin": [3.5, 5.5, 1.5]},
			"faces": {
				"north": {"uv": [6.75, 0, 7.75, 0.75], "texture": "#0"},
				"east": {"uv": [7, 8, 7.25, 8.75], "texture": "#0"},
				"south": {"uv": [6.75, 0.75, 7.75, 1.5], "texture": "#0"},
				"west": {"uv": [7.25, 8, 7.5, 8.75], "texture": "#0"},
				"up": {"uv": [8.75, 3.25, 7.75, 3], "texture": "#0"},
				"down": {"uv": [8.75, 3.25, 7.75, 3.5], "texture": "#0"}
			}
		},
		{
			"from": [-1, 5.25, 0],
			"to": [-0.5, 9.25, 15],
			"rotation": {"angle": -45, "axis": "z", "origin": [0, 1, 0]},
			"faces": {
				"north": {"uv": [4.5, 7.75, 4.75, 8.75], "texture": "#0"},
				"east": {"uv": [0, 0, 3.75, 1], "texture": "#0"},
				"south": {"uv": [5.25, 7.75, 5.5, 8.75], "texture": "#0"},
				"west": {"uv": [0, 1, 3.75, 2], "texture": "#0"},
				"up": {"uv": [3.25, 10, 3, 6.25], "texture": "#0"},
				"down": {"uv": [1.25, 6.75, 1, 10.5], "texture": "#0"}
			}
		},
		{
			"from": [5.37437, 10.19975, 4.75],
			"to": [12.37437, 10.69975, 8.75],
			"rotation": {"angle": 45, "axis": "x", "origin": [12.37437, 5.44975, 2.5]},
			"faces": {
				"north": {"uv": [6.75, 1.5, 8.5, 1.75], "texture": "#0"},
				"east": {"uv": [7.75, 5, 8.75, 5.25], "texture": "#0"},
				"south": {"uv": [6.75, 1.75, 8.5, 2], "texture": "#0"},
				"west": {"uv": [7.75, 5.25, 8.75, 5.5], "texture": "#0"},
				"up": {"uv": [5.5, 1, 3.75, 0], "texture": "#0"},
				"down": {"uv": [5.5, 1, 3.75, 2], "texture": "#0"}
			}
		},
		{
			"from": [5.37437, 3.19975, 3.25],
			"to": [12.37437, 3.69975, 7.25],
			"rotation": {"angle": -45, "axis": "x", "origin": [12.37437, 5.44975, 2.5]},
			"faces": {
				"north": {"uv": [7.5, 2, 9.25, 2.25], "texture": "#0"},
				"east": {"uv": [5.5, 7.75, 6.5, 8], "texture": "#0"},
				"south": {"uv": [7.5, 2.25, 9.25, 2.5], "texture": "#0"},
				"west": {"uv": [7.75, 5.75, 8.75, 6], "texture": "#0"},
				"up": {"uv": [3.75, 5, 2, 4], "texture": "#0"},
				"down": {"uv": [5.5, 4, 3.75, 5], "texture": "#0"}
			}
		},
		{
			"from": [-0.75, 9, 0],
			"to": [3.25, 9.5, 15],
			"rotation": {"angle": -45, "axis": "z", "origin": [0, 1, 0]},
			"faces": {
				"north": {"uv": [7.75, 6, 8.75, 6.25], "texture": "#0"},
				"east": {"uv": [6.5, 3.5, 10.25, 3.75], "texture": "#0"},
				"south": {"uv": [7.75, 6.25, 8.75, 6.5], "texture": "#0"},
				"west": {"uv": [6.5, 3.75, 10.25, 4], "texture": "#0"},
				"up": {"uv": [1, 5.75, 0, 2], "texture": "#0"},
				"down": {"uv": [2, 2, 1, 5.75], "texture": "#0"}
			}
		},
		{
			"from": [8, 4.25, 10],
			"to": [13, 4.75, 15],
			"rotation": {"angle": 0, "axis": "y", "origin": [0, 1, 0]},
			"faces": {
				"north": {"uv": [7.5, 7, 8.75, 7.25], "texture": "#0"},
				"east": {"uv": [7.5, 7.25, 8.75, 7.5], "texture": "#0"},
				"south": {"uv": [7.5, 7.5, 8.75, 7.75], "texture": "#0"},
				"west": {"uv": [7.75, 0, 9, 0.25], "texture": "#0"},
				"up": {"uv": [3.25, 6.25, 2, 5], "texture": "#0"},
				"down": {"uv": [6.25, 2, 5, 3.25], "texture": "#0"}
			}
		},
		{
			"from": [8, 4.25, 0],
			"to": [12.375, 4.75, 5],
			"rotation": {"angle": 0, "axis": "y", "origin": [0, 1, 0]},
			"faces": {
				"north": {"uv": [6.5, 7.75, 7.5, 8], "texture": "#0"},
				"east": {"uv": [7.75, 0.25, 9, 0.5], "texture": "#0"},
				"south": {"uv": [7.75, 6.5, 8.75, 6.75], "texture": "#0"},
				"west": {"uv": [7.75, 0.5, 9, 0.75], "texture": "#0"},
				"up": {"uv": [6.5, 4.5, 5.5, 3.25], "texture": "#0"},
				"down": {"uv": [1, 5.75, 0, 7], "texture": "#0"}
			}
		},
		{
			"from": [11.25, 3, 1.25],
			"to": [11.75, 4.25, 1.75],
			"rotation": {"angle": 0, "axis": "y", "origin": [0, 1, 0]},
			"faces": {
				"north": {"uv": [6.5, 4, 6.75, 4.25], "texture": "#0"},
				"east": {"uv": [6.5, 4.25, 6.75, 4.5], "texture": "#0"},
				"south": {"uv": [1.75, 6.75, 2, 7], "texture": "#0"},
				"west": {"uv": [1.75, 7, 2, 7.25], "texture": "#0"},
				"up": {"uv": [9, 1.25, 8.75, 1], "texture": "#0"},
				"down": {"uv": [9, 1.25, 8.75, 1.5], "texture": "#0"}
			}
		},
		{
			"from": [11, 1, 1],
			"to": [12, 3, 2],
			"rotation": {"angle": 0, "axis": "y", "origin": [0, 1, 0]},
			"faces": {
				"north": {"uv": [5.5, 4.5, 5.75, 5], "texture": "#0"},
				"east": {"uv": [5.25, 6, 5.5, 6.5], "texture": "#0"},
				"south": {"uv": [5.5, 6, 5.75, 6.5], "texture": "#0"},
				"west": {"uv": [6.25, 2.75, 6.5, 3.25], "texture": "#0"},
				"up": {"uv": [3.5, 9, 3.25, 8.75], "texture": "#0"},
				"down": {"uv": [9, 3.25, 8.75, 3.5], "texture": "#0"}
			}
		},
		{
			"name": "stairs",
			"from": [8, 1.5, 1.5],
			"to": [11, 2, 2],
			"rotation": {"angle": 0, "axis": "y", "origin": [11.375, 1.5, 1.5]},
			"faces": {
				"north": {"uv": [7.5, 8, 8.25, 8.25], "texture": "#0"},
				"east": {"uv": [3.5, 8.75, 3.75, 9], "texture": "#0"},
				"south": {"uv": [8.25, 4, 9, 4.25], "texture": "#0"},
				"west": {"uv": [3.75, 8.75, 4, 9], "texture": "#0"},
				"up": {"uv": [9, 4.5, 8.25, 4.25], "texture": "#0"},
				"down": {"uv": [9, 4.5, 8.25, 4.75], "texture": "#0"}
			}
		},
		{
			"name": "stairs",
			"from": [8, 1, 1],
			"to": [11, 1.5, 2],
			"rotation": {"angle": 0, "axis": "y", "origin": [11.375, 1.5, 1.5]},
			"faces": {
				"north": {"uv": [6.25, 8.25, 7, 8.5], "texture": "#0"},
				"east": {"uv": [4, 8.75, 4.25, 9], "texture": "#0"},
				"south": {"uv": [7.5, 8.25, 8.25, 8.5], "texture": "#0"},
				"west": {"uv": [4.25, 8.75, 4.5, 9], "texture": "#0"},
				"up": {"uv": [9, 8.25, 8.25, 8], "texture": "#0"},
				"down": {"uv": [9, 8.25, 8.25, 8.5], "texture": "#0"}
			}
		},
		{
			"name": "stairs",
			"from": [11, 1.5, 2],
			"to": [11.5, 2, 5],
			"rotation": {"angle": 0, "axis": "y", "origin": [0, 1, 0]},
			"faces": {
				"north": {"uv": [4.5, 8.75, 4.75, 9], "texture": "#0"},
				"east": {"uv": [8.5, 1.5, 9.25, 1.75], "texture": "#0"},
				"south": {"uv": [8.75, 4.75, 9, 5], "texture": "#0"},
				"west": {"uv": [8.5, 1.75, 9.25, 2], "texture": "#0"},
				"up": {"uv": [1, 9, 0.75, 8.25], "texture": "#0"},
				"down": {"uv": [5, 8.25, 4.75, 9], "texture": "#0"}
			}
		},
		{
			"name": "stairs",
			"from": [11, 1, 2],
			"to": [12, 1.5, 5],
			"rotation": {"angle": 0, "axis": "y", "origin": [0, 1, 0]},
			"faces": {
				"north": {"uv": [8.75, 5, 9, 5.25], "texture": "#0"},
				"east": {"uv": [6.25, 8.5, 7, 8.75], "texture": "#0"},
				"south": {"uv": [5.25, 8.75, 5.5, 9], "texture": "#0"},
				"west": {"uv": [7.5, 8.5, 8.25, 8.75], "texture": "#0"},
				"up": {"uv": [5.25, 9, 5, 8.25], "texture": "#0"},
				"down": {"uv": [8.5, 8.5, 8.25, 9.25], "texture": "#0"}
			}
		},
		{
			"from": [8, 1, 2],
			"to": [11, 2, 5],
			"rotation": {"angle": 0, "axis": "y", "origin": [0, 1, 0]},
			"faces": {
				"north": {"uv": [8.5, 7.75, 9.25, 8], "texture": "#0"},
				"east": {"uv": [8.5, 8.5, 9.25, 8.75], "texture": "#0"},
				"south": {"uv": [0, 8.75, 0.75, 9], "texture": "#0"},
				"west": {"uv": [8.75, 0.75, 9.5, 1], "texture": "#0"},
				"up": {"uv": [0.75, 7.75, 0, 7], "texture": "#0"},
				"down": {"uv": [4, 7, 3.25, 7.75], "texture": "#0"}
			}
		},
		{
			"from": [3.25, 5, 12.9375],
			"to": [7.25, 8, 13.9375],
			"rotation": {"angle": -45, "axis": "z", "origin": [3.5, 5.5, 13.5]},
			"faces": {
				"north": {"uv": [6.75, 4, 7.75, 4.75], "texture": "#0"},
				"east": {"uv": [1.75, 8.75, 2, 9.5], "texture": "#0"},
				"south": {"uv": [6.75, 4.75, 7.75, 5.5], "texture": "#0"},
				"west": {"uv": [2, 8.75, 2.25, 9.5], "texture": "#0"},
				"up": {"uv": [8.75, 7, 7.75, 6.75], "texture": "#0"},
				"down": {"uv": [8.5, 7.75, 7.5, 8], "texture": "#0"}
			}
		},
		{
			"from": [10.9375, 3.3125, 3.125],
			"to": [11.9375, 6.25, 6.125],
			"rotation": {"angle": 45, "axis": "x", "origin": [12.5, 1.5, 6.5]},
			"faces": {
				"north": {"uv": [2.25, 8.75, 2.5, 9.5], "texture": "#0"},
				"east": {"uv": [4, 7, 4.75, 7.75], "texture": "#0"},
				"south": {"uv": [2.5, 8.75, 2.75, 9.5], "texture": "#0"},
				"west": {"uv": [6.75, 7, 7.5, 7.75], "texture": "#0"},
				"up": {"uv": [9, 3.25, 8.75, 2.5], "texture": "#0"},
				"down": {"uv": [3, 8.75, 2.75, 9.5], "texture": "#0"}
			}
		}
	],
	"display": {
		"thirdperson_righthand": {
			"rotation": [60, 0, 0],
			"translation": [0, 2.25, 0.5],
			"scale": [0.4, 0.4, 0.4]
		},
		"thirdperson_lefthand": {
			"rotation": [60, 0, 0],
			"translation": [0, 2.25, 0.5],
			"scale": [0.4, 0.4, 0.4]
		},
		"firstperson_righthand": {
			"rotation": [0, 122, 0],
			"translation": [0.75, 4.75, 1],
			"scale": [0.4, 0.4, 0.4]
		},
		"firstperson_lefthand": {
			"rotation": [0, 122, 0],
			"translation": [0.75, 4.75, 1],
			"scale": [0.4, 0.4, 0.4]
		},
		"ground": {
			"translation": [0, 3, 0],
			"scale": [0.4, 0.4, 0.4]
		},
		"gui": {
			"rotation": [0, 153, 0],
			"scale": [0.7, 0.7, 0.7]
		},
		"head": {
			"scale": [1.3, 1.3, 1.3]
		},
		"fixed": {
			"rotation": [-90, 0, 0],
			"translation": [0, 2.5, -16],
			"scale": [2, 2, 2]
		}
	},
	"groups": [
		0,
		{
			"name": "group",
			"origin": [8, 8, 8],
			"color": 0,
			"children": [1, 2, 3, 4, 5, 6, 7, 8, 9, 10, 11, 12, 13, 14, 15, 16, 17, 18, 19, 20, 21, 22, 23, 24, 25]
		}
	]
}