{
	"credit": "Made with Blockbench",
	"textures": {
		"layer0": "item/misc/lazer_sword"
	},
	"elements": [
		{
			"from": [8, -16, -16],
			"to": [8, 32, 32],
			"faces": {
				"north": {"uv": [0, 0, 0, 16], "texture": "#layer0"},
				"east": {"uv": [16, 0, 0, 16], "texture": "#layer0"},
				"south": {"uv": [0, 0, 0, 16], "texture": "#layer0"},
				"west": {"uv": [0, 0, 16, 16], "texture": "#layer0"},
				"up": {"uv": [0, 0, 0, 16], "texture": "#layer0"},
				"down": {"uv": [0, 0, 0, 16], "texture": "#layer0"}
			}
		}
	],
	"display": {
		"head": {
			"rotation": [-45, 0, 0],
			"translation": [0, 60, 0],
			"scale": [4, 4, 4]
		}
	}
}