{
	"credit": "Made with Blockbench",
	"texture_size": [64, 64],
	"textures": {
		"0": "item/mobs/fusion_feeder_old",
		"1": "item/mobs/flames/fusion_feeder_flame",
		"particle": "item/mobs/fusion_feeder_old"
	},
	"elements": [
		{
			"from": [2, 0, -2],
			"to": [14, 8, 7],
			"faces": {
				"north": {"uv": [4.5, 6.25, 7.5, 8.25], "texture": "#0"},
				"east": {"uv": [7.5, 6.75, 9.75, 8.75], "texture": "#0"},
				"south": {"uv": [0, 7.25, 3, 9.25], "texture": "#0"},
				"west": {"uv": [3, 8.25, 5.25, 10.25], "texture": "#0"},
				"up": {"uv": [7.5, 6.25, 4.5, 4], "texture": "#0"},
				"down": {"uv": [9, 0, 6, 2.25], "texture": "#0"}
			}
		},
		{
			"from": [4, 0, -11],
			"to": [12, 7, -2],
			"faces": {
				"north": {"uv": [2.5, 10.25, 4.5, 12], "texture": "#0"},
				"east": {"uv": [9.25, 8.75, 11.5, 10.5], "texture": "#0"},
				"south": {"uv": [4.5, 10.5, 6.5, 12.25], "texture": "#0"},
				"west": {"uv": [9.75, 6.75, 12, 8.5], "texture": "#0"},
				"up": {"uv": [7.25, 10.5, 5.25, 8.25], "texture": "#0"},
				"down": {"uv": [9.25, 8.75, 7.25, 11], "texture": "#0"}
			}
		},
		{
			"from": [3, 0, 7],
			"to": [13, 7, 16],
			"faces": {
				"north": {"uv": [9, 0, 11.5, 1.75], "texture": "#0"},
				"east": {"uv": [10, 1.75, 12.25, 3.5], "texture": "#0"},
				"south": {"uv": [0, 9.25, 2.5, 11], "texture": "#0"},
				"west": {"uv": [10, 3.5, 12.25, 5.25], "texture": "#0"},
				"up": {"uv": [10, 4.5, 7.5, 2.25], "texture": "#0"},
				"down": {"uv": [10, 4.5, 7.5, 6.75], "texture": "#0"}
			}
		},
		{
			"from": [6, 1, 16],
			"to": [10, 6, 25],
			"faces": {
				"north": {"uv": [6, 2.25, 7, 3.5], "texture": "#0"},
				"east": {"uv": [10, 5.25, 12.25, 6.5], "texture": "#0"},
				"south": {"uv": [11.5, 8.5, 12.5, 9.75], "texture": "#0"},
				"west": {"uv": [11.5, 0, 13.75, 1.25], "texture": "#0"},
				"up": {"uv": [2.5, 13.25, 1.5, 11], "texture": "#0"},
				"down": {"uv": [9, 11, 8, 13.25], "texture": "#0"}
			}
		},
		{
			"from": [8, -1, 23],
			"to": [8, 12, 32],
			"faces": {
				"north": {"uv": [0, 0, 0, 3.25], "texture": "#0"},
				"east": {"uv": [4.5, 4, 2.25, 7.25], "texture": "#0"},
				"south": {"uv": [0, 0, 0, 3.25], "texture": "#0"},
				"west": {"uv": [2.25, 4, 4.5, 7.25], "texture": "#0"},
				"up": {"uv": [0, 2.25, 0, 0], "texture": "#0"},
				"down": {"uv": [0, 0, 0, 2.25], "texture": "#0"}
			}
		},
		{
			"from": [8, 6, -5],
			"to": [8, 14, 19],
			"faces": {
				"north": {"uv": [0, 0, 0, 2], "texture": "#0"},
				"east": {"uv": [16, 0, 0, 16], "texture": "#1"},
				"south": {"uv": [0, 0, 0, 2], "texture": "#0"},
				"west": {"uv": [0, 0, 16, 16], "texture": "#1"},
				"up": {"uv": [0, 6, 0, 0], "texture": "#0"},
				"down": {"uv": [0, 0, 0, 6], "texture": "#0"}
			}
		},
		{
			"from": [-1, 1, -3],
			"to": [5, 10, -3],
			"rotation": {"angle": 45, "axis": "x", "origin": [1, 7.5, -2]},
			"faces": {
				"north": {"uv": [9.25, 10.5, 10.75, 12.75], "texture": "#0"},
				"east": {"uv": [0, 0, 0, 2.25], "texture": "#0"},
				"south": {"uv": [10.75, 10.5, 9.25, 12.75], "texture": "#0"},
				"west": {"uv": [0, 0, 0, 2.25], "texture": "#0"},
				"up": {"uv": [1.5, 0, 0, 0], "texture": "#0"},
				"down": {"uv": [1.5, 0, 0, 0], "texture": "#0"}
			}
		},
		{
			"from": [-4, -0.5, -1.5],
			"to": [2, -0.5, 7.5],
			"rotation": {"angle": 22.5, "axis": "z", "origin": [-1, 0.5, 3]},
			"faces": {
				"north": {"uv": [0, 0, 1.5, 0], "texture": "#0"},
				"east": {"uv": [0, 0, 2.25, 0], "texture": "#0"},
				"south": {"uv": [0, 0, 1.5, 0], "texture": "#0"},
				"west": {"uv": [0, 0, 2.25, 0], "texture": "#0"},
				"up": {"uv": [1.5, 13.25, 0, 11], "texture": "#0"},
				"down": {"uv": [1.5, 11, 0, 13.25], "texture": "#0"}
			}
		},
		{
			"from": [11, 1, -3],
			"to": [17, 10, -3],
			"rotation": {"angle": 45, "axis": "x", "origin": [15, 7.5, -2]},
			"faces": {
				"north": {"uv": [10.75, 10.5, 9.25, 12.75], "texture": "#0"},
				"east": {"uv": [0, 0, 0, 2.25], "texture": "#0"},
				"south": {"uv": [9.25, 10.5, 10.75, 12.75], "texture": "#0"},
				"west": {"uv": [0, 0, 0, 2.25], "texture": "#0"},
				"up": {"uv": [0, 0, 1.5, 0], "texture": "#0"},
				"down": {"uv": [0, 0, 1.5, 0], "texture": "#0"}
			}
		},
		{
			"from": [14, -0.5, -1.5],
			"to": [20, -0.5, 7.5],
			"rotation": {"angle": -22.5, "axis": "z", "origin": [17, 0.5, 3]},
			"faces": {
				"north": {"uv": [1.5, 0, 0, 0], "texture": "#0"},
				"east": {"uv": [2.25, 0, 0, 0], "texture": "#0"},
				"south": {"uv": [1.5, 0, 0, 0], "texture": "#0"},
				"west": {"uv": [2.25, 0, 0, 0], "texture": "#0"},
				"up": {"uv": [0, 13.25, 1.5, 11], "texture": "#0"},
				"down": {"uv": [0, 11, 1.5, 13.25], "texture": "#0"}
			}
		}
	],
	"display": {
		"head": {
			"scale": [2, 2, 2]
		}
	}
}
