{
	"credit": "Made with Blockbench",
	"texture_size": [32, 32],
	"textures": {
		"0": "item/mobs/stellar_culex_old",
		"2": "item/mobs/flames/stellar_culex_flame",
		"particle": "item/mobs/stellar_culex"
	},
	"elements": [
		{
			"from": [4, 4, -1],
			"to": [12, 14, 4],
			"rotation": {"angle": -22.5, "axis": "x", "origin": [8, 9.5, 0.5]},
			"faces": {
				"north": {"uv": [0, 0, 2, 2.5], "texture": "#0"},
				"east": {"uv": [2, 4.5, 3.25, 7], "texture": "#0"},
				"south": {"uv": [2, 0, 4, 2.5], "texture": "#0"},
				"west": {"uv": [6, 0, 7.25, 2.5], "texture": "#0"},
				"up": {"uv": [8, 3.75, 6, 2.5], "texture": "#0"},
				"down": {"uv": [5.25, 6, 3.25, 7.25], "texture": "#0"}
			}
		},
		{
			"from": [4.1, 5, 2],
			"to": [11.9, 13, 10],
			"rotation": {"angle": 22.5, "axis": "x", "origin": [8, 8, 7]},
			"faces": {
				"north": {"uv": [0, 2.5, 2, 4.5], "texture": "#0"},
				"east": {"uv": [2, 2.5, 4, 4.5], "texture": "#0"},
				"south": {"uv": [4, 0, 6, 2], "texture": "#0"},
				"west": {"uv": [4, 2, 6, 4], "texture": "#0"},
				"up": {"uv": [6, 6, 4, 4], "texture": "#0"},
				"down": {"uv": [2, 4.5, 0, 6.5], "texture": "#0"}
			}
		},
		{
			"from": [5, 3, 8],
			"to": [11, 8, 13],
			"rotation": {"angle": 45, "axis": "x", "origin": [8, 4.5, 12.5]},
			"faces": {
				"north": {"uv": [6, 3.75, 7.5, 5], "texture": "#0"},
				"east": {"uv": [6.75, 6.25, 8, 7.5], "texture": "#0"},
				"south": {"uv": [6, 5, 7.5, 6.25], "texture": "#0"},
				"west": {"uv": [1.5, 7, 2.75, 8.25], "texture": "#0"},
				"up": {"uv": [6.75, 7.5, 5.25, 6.25], "texture": "#0"},
				"down": {"uv": [1.5, 6.5, 0, 7.75], "texture": "#0"}
			}
		},
		{
			"from": [1, 0, 2],
			"to": [5, 8, 2],
			"rotation": {"angle": 22.5, "axis": "y", "origin": [2.5, 6.5, 3]},
			"faces": {
				"north": {"uv": [0, 9, 2, 13], "texture": "#2"},
				"east": {"uv": [0, 0, 0, 3.5], "texture": "#2"},
				"south": {"uv": [2, 9, 0, 13], "texture": "#2"},
				"west": {"uv": [0, 0, 0, 3.5], "texture": "#2"},
				"up": {"uv": [2, 0, 0, 0], "texture": "#2"},
				"down": {"uv": [2, 0, 0, 0], "texture": "#2"}
			}
		},
		{
			"from": [0.50314, 8, -1.74055],
			"to": [4.50314, 16, -1.74055],
			"rotation": {"angle": 45, "axis": "x", "origin": [2.50314, 11.5, -2.74055]},
			"faces": {
				"north": {"uv": [4, 9, 6, 13], "texture": "#2"},
				"east": {"uv": [0, 0, 0, 3.5], "texture": "#2"},
				"south": {"uv": [6, 9, 4, 13], "texture": "#2"},
				"west": {"uv": [0, 0, 0, 3.5], "texture": "#2"},
				"up": {"uv": [2, 0, 0, 0], "texture": "#2"},
				"down": {"uv": [2, 0, 0, 0], "texture": "#2"}
			}
		},
		{
			"from": [3, 11, 2],
			"to": [3, 20, 21],
			"rotation": {"angle": -22.5, "axis": "y", "origin": [4, 14.5, 9.5]},
			"faces": {
				"north": {"uv": [0, 0, 0, 4.5], "texture": "#2"},
				"east": {"uv": [9.5, 4.5, 0, 9], "texture": "#2"},
				"south": {"uv": [0, 0, 0, 4.5], "texture": "#2"},
				"west": {"uv": [0, 4.5, 9.5, 9], "texture": "#2"},
				"up": {"uv": [0, 9.5, 0, 0], "texture": "#2"},
				"down": {"uv": [0, 0, 0, 9.5], "texture": "#2"}
			}
		},
		{
			"from": [13, 11, 2],
			"to": [13, 20, 21],
			"rotation": {"angle": 22.5, "axis": "y", "origin": [12, 14.5, 9.5]},
			"faces": {
				"north": {"uv": [0, 0, 0, 4.5], "texture": "#2"},
				"east": {"uv": [9.5, 0, 0, 4.5], "texture": "#2"},
				"south": {"uv": [0, 0, 0, 4.5], "texture": "#2"},
				"west": {"uv": [0, 0, 9.5, 4.5], "texture": "#2"},
				"up": {"uv": [0, 9.5, 0, 0], "texture": "#2"},
				"down": {"uv": [0, 0, 0, 9.5], "texture": "#2"}
			}
		},
		{
			"from": [11.49686, 8, -1.74055],
			"to": [15.49686, 16, -1.74055],
			"rotation": {"angle": 45, "axis": "x", "origin": [13.49686, 11.5, -2.74055]},
			"faces": {
				"north": {"uv": [8, 9, 6, 13], "texture": "#2"},
				"east": {"uv": [0, 0, 0, 3.5], "texture": "#2"},
				"south": {"uv": [4, 9, 6, 13], "texture": "#2"},
				"west": {"uv": [0, 0, 0, 3.5], "texture": "#2"},
				"up": {"uv": [0, 0, 2, 0], "texture": "#2"},
				"down": {"uv": [0, 0, 2, 0], "texture": "#2"}
			}
		},
		{
			"from": [11, 0, 2],
			"to": [15, 8, 2],
			"rotation": {"angle": -22.5, "axis": "y", "origin": [13.5, 6.5, 3]},
			"faces": {
				"north": {"uv": [4, 9, 2, 13], "texture": "#2"},
				"east": {"uv": [0, 0, 0, 3.5], "texture": "#2"},
				"south": {"uv": [0, 9, 2, 13], "texture": "#2"},
				"west": {"uv": [0, 0, 0, 3.5], "texture": "#2"},
				"up": {"uv": [0, 0, 2, 0], "texture": "#2"},
				"down": {"uv": [0, 0, 2, 0], "texture": "#2"}
			}
		},
		{
			"from": [6, 2, 13],
			"to": [10, 5, 16],
			"rotation": {"angle": -22.5, "axis": "x", "origin": [8, 2.5, 14.5]},
			"faces": {
				"north": {"uv": [7.25, 0, 8.25, 0.75], "texture": "#0"},
				"east": {"uv": [3.25, 4.5, 4, 5.25], "texture": "#0"},
				"south": {"uv": [7.25, 0.75, 8.25, 1.5], "texture": "#0"},
				"west": {"uv": [3.25, 5.25, 4, 6], "texture": "#0"},
				"up": {"uv": [8.25, 2.25, 7.25, 1.5], "texture": "#0"},
				"down": {"uv": [3.75, 7.25, 2.75, 8], "texture": "#0"}
			}
		}
	],
	"display": {
		"head": {
			"scale": [1.6, 1.6, 1.6]
		}
	}
}
