{
	"providers": [
		{
			"type": "bitmap",
			"file": "minecraft:custom/font/test.png",
			"ascent": 7,
			"height": 7,
			"chars": ["0"]
		},
		{
			"type": "bitmap",
			"file": "minecraft:custom/font/gg.png",
			"ascent": 7,
			"height": 7,
			"chars": ["1"]
		},
		{
			"type": "bitmap",
			"file": "minecraft:custom/font/gg.png",
			"ascent": 7,
			"height": 7,
			"chars": ["2"]
		},
		{
			"type": "bitmap",
			"file": "minecraft:custom/font/gg.png",
			"ascent": 7,
			"height": 7,
			"chars": ["3"]
		},
		{
			"type": "bitmap",
			"file": "minecraft:custom/font/gg.png",
			"ascent": 7,
			"height": 7,
			"chars": ["4"]
		},
		{
			"type": "bitmap",
			"file": "minecraft:custom/font/gg.png",
			"ascent": 7,
			"height": 7,
			"chars": ["5"]
		},
		{
			"type": "bitmap",
			"file": "minecraft:custom/font/gg.png",
			"ascent": 7,
			"height": 7,
			"chars": ["6"]
		},
		{
			"type": "bitmap",
			"file": "minecraft:custom/font/gg.png",
			"ascent": 7,
			"height": 7,
			"chars": ["7"]
		},
		{
			"type": "bitmap",
			"file": "minecraft:custom/font/gg.png",
			"ascent": 7,
			"height": 7,
			"chars": ["8"]
		},
		{
			"type": "bitmap",
			"file": "minecraft:custom/font/gg.png",
			"ascent": 7,
			"height": 7,
			"chars": ["9"]
		}
	]
}
